call_id,caller_id,callee_id,call_timestamp,call_duration_sec,is_spoofed_number,call_frequency_24h
CALL0000001,+919751814168,+919751814168,2024-02-05 21:00:00,4931,0,12
CALL0000002,+919751814168,+919751814168,2024-01-08 08:00:00,3742,0,14
CALL0000003,+919751814168,+919751814168,2024-05-09 07:00:00,4592,0,7
CALL0000004,+919751814168,+919751814168,2024-01-17 09:00:00,9555,1,7
CALL0000005,+919751814168,+919751814168,2024-12-10 16:00:00,9692,0,12
CALL0000006,+919751814168,+919751814168,2024-11-06 23:00:00,5446,1,7
CALL0000007,+919751814168,+919751814168,2024-12-14 14:00:00,5898,0,8
CALL0000008,+917783785281,+918556633464,2024-06-25 00:00:00,8625,0,6
CALL0000009,+918556633464,+918556633464,2024-06-14 10:00:00,683,0,4
CALL0000010,+918964310359,+918556633464,2024-07-20 08:00:00,6846,0,8
CALL0000011,+918556633464,+918964310359,2024-02-27 12:00:00,9343,1,5
CALL0000012,+918556633464,+917783785281,2024-03-09 20:00:00,2365,1,2
CALL0000013,+918556633464,+918556633464,2024-04-03 23:00:00,6557,1,8
CALL0000014,+918964310359,+917783785281,2024-12-13 11:00:00,4088,1,7
CALL0000015,+918964310359,+917783785281,2024-01-04 18:00:00,5653,1,7
CALL0000016,+918556633464,+918556633464,2024-10-14 14:00:00,8890,0,6
CALL0000017,+918150705334,+918150705334,2024-02-25 09:00:00,5594,0,2
CALL0000018,+918854722234,+918150705334,2024-11-21 00:00:00,3125,0,2
CALL0000019,+918854722234,+918150705334,2024-08-06 13:00:00,7979,1,14
CALL0000020,+918150705334,+918150705334,2024-06-24 05:00:00,585,0,3
CALL0000021,+918150705334,+918854722234,2024-05-28 01:00:00,6999,0,7
CALL0000022,+918150705334,+918150705334,2024-03-03 18:00:00,3285,0,15
CALL0000023,+919632641634,+919632641634,2024-07-17 11:00:00,1948,0,4
CALL0000024,+917048048736,+919632641634,2024-01-13 22:00:00,10243,1,5
CALL0000025,+919632641634,+917048048736,2024-01-25 06:00:00,1029,1,7
CALL0000026,+917048048736,+919632641634,2024-09-15 07:00:00,1054,1,13
CALL0000027,+917674722923,+919632641634,2024-04-23 11:00:00,4573,1,15
CALL0000028,+917048048736,+917674722923,2024-09-22 10:00:00,5670,1,3
CALL0000029,+919632641634,+919632641634,2024-09-30 06:00:00,4767,1,11
CALL0000030,+917048048736,+919632641634,2024-03-04 05:00:00,5043,0,6
CALL0000031,+919632641634,+919632641634,2024-12-02 02:00:00,8719,1,15
CALL0000032,+917048048736,+917674722923,2024-12-26 06:00:00,6473,1,9
CALL0000033,+919632641634,+917048048736,2024-08-07 01:00:00,4676,0,14
CALL0000034,+919632641634,+919632641634,2024-12-18 10:00:00,8899,0,6
CALL0000035,+919632641634,+917048048736,2024-09-30 23:00:00,3242,0,15
CALL0000036,+919632641634,+917674722923,2024-10-13 16:00:00,10408,0,11
CALL0000037,+917048048736,+919632641634,2024-10-26 04:00:00,8541,1,7
CALL0000038,+919632641634,+917674722923,2024-05-07 15:00:00,562,0,15
CALL0000039,+919632641634,+917048048736,2024-05-13 05:00:00,3773,0,10
CALL0000040,+917048048736,+917048048736,2024-10-24 01:00:00,7954,1,14
CALL0000041,+919632641634,+917674722923,2024-02-12 14:00:00,2272,0,8
CALL0000042,+919632641634,+917674722923,2024-06-09 04:00:00,4805,1,9
CALL0000043,+919632641634,+917674722923,2024-09-19 07:00:00,7646,0,4
CALL0000044,+917048048736,+917048048736,2024-10-05 08:00:00,7150,1,4
CALL0000045,+919632641634,+919632641634,2024-10-26 17:00:00,7229,1,13
CALL0000046,+917674722923,+919632641634,2024-07-25 04:00:00,3145,1,6
CALL0000047,+917048048736,+917048048736,2024-07-10 13:00:00,9331,0,5
CALL0000048,+917048048736,+917674722923,2024-08-08 02:00:00,2364,1,13
CALL0000049,+917048048736,+919632641634,2024-02-25 19:00:00,5091,0,13
CALL0000050,+917048048736,+917674722923,2024-08-26 04:00:00,2907,0,9
CALL0000051,+917674722923,+919632641634,2024-07-07 15:00:00,3690,1,5
CALL0000052,+919632641634,+919632641634,2024-08-31 05:00:00,912,0,6
CALL0000053,+917408133592,+918846174030,2024-03-04 00:00:00,6081,0,8
CALL0000054,+919642125970,+917408133592,2024-03-17 12:00:00,9554,1,13
CALL0000055,+919642125970,+917408133592,2024-07-29 20:00:00,7505,1,14
CALL0000056,+917965542363,+917408133592,2024-10-25 01:00:00,7895,0,13
CALL0000057,+917408133592,+917408133592,2024-11-13 22:00:00,4166,0,14
CALL0000058,+917027656924,+917965542363,2024-02-25 22:00:00,6899,1,5
CALL0000059,+917408133592,+917408133592,2024-04-14 10:00:00,7163,0,13
CALL0000060,+918846174030,+919642125970,2024-03-26 19:00:00,4778,1,9
CALL0000061,+919642125970,+918388144477,2024-11-15 13:00:00,2603,0,8
CALL0000062,+919642125970,+919642125970,2024-02-04 00:00:00,7738,1,6
CALL0000063,+919642125970,+917408133592,2024-01-19 21:00:00,7870,1,12
CALL0000064,+917408133592,+917408133592,2024-10-09 09:00:00,402,0,8
CALL0000065,+918388144477,+917408133592,2024-04-17 07:00:00,7275,1,9
CALL0000066,+919642125970,+918388144477,2024-09-19 10:00:00,9980,1,4
CALL0000067,+919642125970,+917408133592,2024-01-04 00:00:00,10721,0,12
CALL0000068,+917408133592,+917965542363,2024-12-03 03:00:00,6052,0,7
CALL0000069,+917027656924,+919642125970,2024-09-04 15:00:00,5584,1,13
CALL0000070,+918846174030,+917408133592,2024-10-23 19:00:00,5015,0,15
CALL0000071,+919402108313,+918842233750,2024-12-30 00:00:00,10443,0,9
CALL0000072,+919402108313,+918842233750,2024-07-01 00:00:00,9414,0,14
CALL0000073,+919402108313,+919402108313,2024-09-20 02:00:00,9267,1,13
CALL0000074,+919402108313,+919402108313,2024-01-20 01:00:00,9040,0,9
CALL0000075,+918842233750,+919402108313,2024-08-19 22:00:00,8637,0,5
CALL0000076,+917637357708,+917637357708,2024-02-13 10:00:00,7249,1,15
CALL0000077,+917637357708,+917637357708,2024-07-05 16:00:00,5410,1,5
CALL0000078,+917637357708,+917637357708,2024-03-14 14:00:00,10274,0,15
CALL0000079,+917637357708,+917637357708,2024-01-02 12:00:00,4084,1,13
CALL0000080,+917637357708,+917637357708,2024-06-29 13:00:00,4774,1,6
CALL0000081,+917637357708,+917637357708,2024-01-19 19:00:00,6862,1,14
CALL0000082,+917637357708,+917637357708,2024-10-05 21:00:00,6345,1,2
CALL0000083,+917637357708,+917637357708,2024-05-08 02:00:00,1588,1,3
CALL0000084,+917637357708,+917637357708,2024-12-16 09:00:00,10009,0,2
CALL0000085,+917637357708,+917637357708,2024-07-27 20:00:00,3740,1,4
CALL0000086,+917637357708,+917637357708,2024-08-21 05:00:00,8397,0,2
CALL0000087,+917637357708,+917637357708,2024-10-25 18:00:00,1356,0,5
CALL0000088,+917637357708,+917637357708,2024-06-24 11:00:00,3776,0,14
CALL0000089,+917637357708,+917637357708,2024-07-08 05:00:00,9987,1,5
CALL0000090,+917637357708,+917637357708,2024-04-16 19:00:00,3034,1,6
CALL0000091,+917637357708,+917637357708,2024-03-02 06:00:00,7126,1,14
CALL0000092,+917637357708,+917637357708,2024-03-06 10:00:00,10083,0,11
CALL0000093,+919098738043,+919098738043,2024-02-11 20:00:00,4679,1,13
CALL0000094,+919098738043,+919098738043,2024-10-29 23:00:00,7972,0,4
CALL0000095,+919098738043,+919098738043,2024-10-31 06:00:00,8395,1,15
CALL0000096,+919098738043,+919098738043,2024-12-23 21:00:00,6127,0,9
CALL0000097,+919098738043,+919098738043,2024-01-11 08:00:00,10476,0,12
CALL0000098,+919098738043,+919098738043,2024-06-26 02:00:00,1939,0,14
CALL0000099,+919098738043,+919098738043,2024-03-17 15:00:00,1340,1,15
CALL0000100,+919098738043,+919098738043,2024-02-01 05:00:00,6543,0,9
CALL0000101,+919098738043,+919098738043,2024-05-22 03:00:00,7731,1,15
CALL0000102,+919019957238,+919424339172,2024-08-02 14:00:00,10252,0,6
CALL0000103,+917482576623,+917330096755,2024-06-08 12:00:00,10742,1,6
CALL0000104,+919019957238,+917482576623,2024-10-11 17:00:00,2450,0,11
CALL0000105,+919424339172,+917482576623,2024-09-01 22:00:00,1072,1,7
CALL0000106,+917330096755,+919019957238,2024-10-01 13:00:00,1658,0,8
CALL0000107,+917482576623,+919019957238,2024-01-16 11:00:00,524,1,2
CALL0000108,+919019957238,+917482576623,2024-06-15 18:00:00,4811,1,8
CALL0000109,+917482576623,+919019957238,2024-05-20 09:00:00,1472,1,7
CALL0000110,+918631245940,+918631245940,2024-12-28 00:00:00,4287,0,15
CALL0000111,+918631245940,+918631245940,2024-06-19 15:00:00,2390,1,9
CALL0000112,+918631245940,+918631245940,2024-12-11 07:00:00,6046,1,11
CALL0000113,+918631245940,+918631245940,2024-06-14 11:00:00,1210,1,12
CALL0000114,+918631245940,+918631245940,2024-05-13 18:00:00,3421,1,10
CALL0000115,+918631245940,+918631245940,2024-10-07 08:00:00,10741,1,13
CALL0000116,+918631245940,+918631245940,2024-03-04 11:00:00,7923,1,6
CALL0000117,+918631245940,+918631245940,2024-09-15 13:00:00,3056,1,4
CALL0000118,+918631245940,+918631245940,2024-11-03 12:00:00,592,0,8
CALL0000119,+918631245940,+918631245940,2024-12-08 06:00:00,9148,1,5
CALL0000120,+918631245940,+918631245940,2024-04-17 08:00:00,589,0,11
CALL0000121,+918631245940,+918631245940,2024-01-26 23:00:00,413,0,5
CALL0000122,+918631245940,+918631245940,2024-05-12 13:00:00,3671,1,15
CALL0000123,+918631245940,+918631245940,2024-10-17 05:00:00,2957,0,10
CALL0000124,+918631245940,+918631245940,2024-03-09 10:00:00,8794,1,10
CALL0000125,+918631245940,+918631245940,2024-07-19 01:00:00,6338,0,7
CALL0000126,+918631245940,+918631245940,2024-11-22 02:00:00,9349,0,2
CALL0000127,+918631245940,+918631245940,2024-07-28 00:00:00,1340,0,11
CALL0000128,+917668026178,+919319027779,2024-07-15 09:00:00,3700,1,10
CALL0000129,+919319027779,+919319027779,2024-06-03 16:00:00,5851,0,15
CALL0000130,+919319027779,+919319027779,2024-10-13 14:00:00,7707,1,12
CALL0000131,+919319027779,+919319027779,2024-11-20 16:00:00,6117,1,14
CALL0000132,+917668026178,+919319027779,2024-04-24 09:00:00,5652,0,12
CALL0000133,+919810997460,+919319027779,2024-04-29 07:00:00,2913,1,6
CALL0000134,+919319027779,+919810997460,2024-02-16 00:00:00,5213,1,2
CALL0000135,+919193320307,+919193320307,2024-05-09 08:00:00,9619,1,9
CALL0000136,+919193320307,+919193320307,2024-08-01 01:00:00,2152,1,2
CALL0000137,+919193320307,+919193320307,2024-03-14 05:00:00,7304,1,5
CALL0000138,+919193320307,+919193320307,2024-04-25 14:00:00,7829,0,15
CALL0000139,+919193320307,+919193320307,2024-11-29 10:00:00,2130,0,15
CALL0000140,+919193320307,+919193320307,2024-08-02 22:00:00,2415,0,11
CALL0000141,+919193320307,+919193320307,2024-04-22 10:00:00,3411,0,14
CALL0000142,+919193320307,+919193320307,2024-01-10 22:00:00,10792,0,14
CALL0000143,+919193320307,+919193320307,2024-07-08 08:00:00,3855,1,7
CALL0000144,+919193320307,+919193320307,2024-12-09 17:00:00,1939,1,12
CALL0000145,+919601766249,+919601766249,2024-09-16 16:00:00,7458,1,7
CALL0000146,+919601766249,+919601766249,2024-03-13 01:00:00,633,0,11
CALL0000147,+919601766249,+919601766249,2024-02-21 01:00:00,10708,1,7
CALL0000148,+919601766249,+919601766249,2024-12-16 12:00:00,2459,1,14
CALL0000149,+919601766249,+919601766249,2024-11-16 10:00:00,7102,0,12
CALL0000150,+919601766249,+919601766249,2024-09-22 04:00:00,6536,1,12
CALL0000151,+919601766249,+919601766249,2024-08-10 00:00:00,3161,0,14
CALL0000152,+919601766249,+919601766249,2024-09-06 20:00:00,7364,1,11
CALL0000153,+919601766249,+919601766249,2024-11-16 13:00:00,2372,0,5
CALL0000154,+919601766249,+919601766249,2024-04-28 10:00:00,9650,1,15
CALL0000155,+919601766249,+919601766249,2024-01-22 21:00:00,6552,0,9
CALL0000156,+919601766249,+919601766249,2024-10-16 23:00:00,1864,0,8
CALL0000157,+919601766249,+919601766249,2024-11-26 15:00:00,6175,1,12
CALL0000158,+917775062132,+917775062132,2024-02-27 20:00:00,942,0,5
CALL0000159,+917775062132,+919060841415,2024-03-19 01:00:00,300,0,8
CALL0000160,+919060841415,+917775062132,2024-07-12 06:00:00,10391,0,9
CALL0000161,+917775062132,+917775062132,2024-08-05 07:00:00,9390,0,8
CALL0000162,+919060841415,+917775062132,2024-09-16 19:00:00,2510,1,3
CALL0000163,+918641284227,+917726231716,2024-10-15 21:00:00,4441,1,7
CALL0000164,+918641284227,+917726231716,2024-05-31 09:00:00,604,1,8
CALL0000165,+917726231716,+917536840387,2024-10-08 08:00:00,9279,0,3
CALL0000166,+917726231716,+917726231716,2024-01-19 01:00:00,5541,0,14
CALL0000167,+917726231716,+917726231716,2024-01-24 12:00:00,3889,1,2
CALL0000168,+917726231716,+917726231716,2024-05-01 09:00:00,9973,0,7
CALL0000169,+917536840387,+918641284227,2024-10-04 18:00:00,1996,1,15
CALL0000170,+918641284227,+918641284227,2024-02-02 08:00:00,2372,0,15
CALL0000171,+917726231716,+917536840387,2024-12-12 14:00:00,6698,1,9
CALL0000172,+917726231716,+917726231716,2024-09-29 09:00:00,4512,1,4
CALL0000173,+918641284227,+917726231716,2024-04-28 03:00:00,931,1,15
CALL0000174,+917536840387,+918641284227,2024-03-20 01:00:00,8151,1,11
CALL0000175,+917726231716,+917726231716,2024-05-02 10:00:00,10569,1,9
CALL0000176,+917726231716,+918641284227,2024-01-24 09:00:00,9560,0,3
CALL0000177,+917726231716,+917726231716,2024-02-14 03:00:00,473,1,15
CALL0000178,+917726231716,+917536840387,2024-01-14 12:00:00,3336,0,4
CALL0000179,+917726231716,+917726231716,2024-11-09 13:00:00,2880,1,10
CALL0000180,+917536840387,+917726231716,2024-08-11 18:00:00,5341,0,4
CALL0000181,+917536840387,+918641284227,2024-08-27 10:00:00,2446,1,12
CALL0000182,+918641284227,+917726231716,2024-11-15 22:00:00,8044,1,7
CALL0000183,+917726231716,+918641284227,2024-05-09 19:00:00,3885,1,3
CALL0000184,+917726231716,+918641284227,2024-12-27 14:00:00,9973,0,11
CALL0000185,+918641284227,+917726231716,2024-10-07 12:00:00,1524,0,6
CALL0000186,+917726231716,+917726231716,2024-07-06 17:00:00,468,0,3
CALL0000187,+918641284227,+917726231716,2024-03-14 16:00:00,1654,1,3
CALL0000188,+917726231716,+917726231716,2024-10-02 21:00:00,9243,1,13
CALL0000189,+919476777301,+919476777301,2024-02-08 17:00:00,4217,1,6
CALL0000190,+919476777301,+917456241916,2024-11-09 15:00:00,2521,0,13
CALL0000191,+919476777301,+919476777301,2024-05-23 21:00:00,8255,1,11
CALL0000192,+919476777301,+917456241916,2024-04-07 06:00:00,8544,1,5
CALL0000193,+919476777301,+917456241916,2024-09-26 18:00:00,1638,0,12
CALL0000194,+919476777301,+919476777301,2024-07-18 09:00:00,4521,0,6
CALL0000195,+919476777301,+917456241916,2024-10-20 05:00:00,5873,1,10
CALL0000196,+919445114499,+919445114499,2024-08-23 14:00:00,4249,0,7
CALL0000197,+919445114499,+919067650093,2024-04-15 06:00:00,3453,0,6
CALL0000198,+919445114499,+919445114499,2024-03-28 22:00:00,8787,1,4
CALL0000199,+919445114499,+919445114499,2024-10-12 19:00:00,7843,1,11
CALL0000200,+919445114499,+919445114499,2024-11-16 14:00:00,8244,1,3
CALL0000201,+919445114499,+919445114499,2024-12-21 16:00:00,1044,1,13
CALL0000202,+919445114499,+919445114499,2024-05-30 20:00:00,10296,0,8
CALL0000203,+919067650093,+919445114499,2024-10-08 02:00:00,1736,1,12
CALL0000204,+919445114499,+919445114499,2024-12-15 00:00:00,1346,1,13
CALL0000205,+917244279211,+919067650093,2024-11-15 04:00:00,2326,0,10
CALL0000206,+919335112845,+919335112845,2024-05-30 14:00:00,5164,1,15
CALL0000207,+918568154269,+919335112845,2024-07-30 15:00:00,6443,1,11
CALL0000208,+918568154269,+919335112845,2024-07-01 10:00:00,3984,1,13
CALL0000209,+919335112845,+919335112845,2024-01-13 14:00:00,8034,0,9
CALL0000210,+919335112845,+918568154269,2024-12-17 23:00:00,7531,0,14
CALL0000211,+919767548002,+919335112845,2024-08-29 06:00:00,4504,1,15
CALL0000212,+918568154269,+919335112845,2024-02-24 06:00:00,1465,1,14
CALL0000213,+919335112845,+919335112845,2024-10-22 07:00:00,2493,1,10
CALL0000214,+918568154269,+918320447859,2024-06-01 19:00:00,3545,1,3
CALL0000215,+919335112845,+918320447859,2024-06-05 15:00:00,1386,1,13
CALL0000216,+918320447859,+918568154269,2024-05-22 13:00:00,9373,1,9
CALL0000217,+919767548002,+918320447859,2024-03-13 09:00:00,6172,0,7
CALL0000218,+919767548002,+918568154269,2024-04-20 02:00:00,1407,1,13
CALL0000219,+919767548002,+919335112845,2024-03-22 02:00:00,337,0,14
CALL0000220,+919335112845,+919767548002,2024-04-10 01:00:00,3695,0,3
CALL0000221,+919616182892,+918637226249,2024-02-20 16:00:00,3321,0,11
CALL0000222,+918637226249,+918637226249,2024-03-05 06:00:00,8306,1,13
CALL0000223,+918637226249,+918637226249,2024-06-13 07:00:00,8507,1,9
CALL0000224,+918637226249,+919616182892,2024-03-14 06:00:00,4398,0,11
CALL0000225,+919616182892,+918637226249,2024-11-09 09:00:00,9746,1,8
CALL0000226,+918637226249,+918637226249,2024-09-23 14:00:00,9639,1,3
CALL0000227,+918637226249,+919616182892,2024-06-02 15:00:00,897,1,4
CALL0000228,+918637226249,+919616182892,2024-05-06 17:00:00,10276,1,3
CALL0000229,+919616182892,+918637226249,2024-10-08 18:00:00,7861,0,7
CALL0000230,+918637226249,+918637226249,2024-06-06 02:00:00,4950,0,14
CALL0000231,+918637226249,+918637226249,2024-03-13 01:00:00,7207,1,12
CALL0000232,+919616182892,+918637226249,2024-09-10 04:00:00,5419,1,13
CALL0000233,+919616182892,+918637226249,2024-12-21 01:00:00,5518,1,13
CALL0000234,+918637226249,+918637226249,2024-10-23 15:00:00,5284,1,13
CALL0000235,+917048048736,+917048048736,2024-02-22 08:00:00,10132,1,6
CALL0000236,+917048048736,+917048048736,2024-01-29 05:00:00,4185,1,7
CALL0000237,+917048048736,+917048048736,2024-10-06 23:00:00,7599,1,4
CALL0000238,+917048048736,+917048048736,2024-11-08 19:00:00,3414,0,9
CALL0000239,+917048048736,+917048048736,2024-09-24 03:00:00,10180,1,6
CALL0000240,+917048048736,+917048048736,2024-05-23 14:00:00,1828,0,5
CALL0000241,+917048048736,+917048048736,2024-10-28 00:00:00,9607,1,6
CALL0000242,+917048048736,+917048048736,2024-04-02 05:00:00,5544,1,15
CALL0000243,+917048048736,+917048048736,2024-05-24 09:00:00,5754,1,2
CALL0000244,+917048048736,+917048048736,2024-11-22 14:00:00,5486,1,10
CALL0000245,+917048048736,+917048048736,2024-05-31 19:00:00,8820,1,12
CALL0000246,+917048048736,+917048048736,2024-06-27 19:00:00,10756,1,12
CALL0000247,+917048048736,+917048048736,2024-11-21 23:00:00,1557,1,2
CALL0000248,+917048048736,+917048048736,2024-02-09 12:00:00,4054,1,6
CALL0000249,+917048048736,+917048048736,2024-07-27 08:00:00,5250,1,15
CALL0000250,+917048048736,+917048048736,2024-10-31 20:00:00,7702,1,7
CALL0000251,+917048048736,+917048048736,2024-08-10 11:00:00,10365,1,13
CALL0000252,+917048048736,+917048048736,2024-09-13 14:00:00,1973,0,14
CALL0000253,+917048048736,+917048048736,2024-06-15 11:00:00,10016,0,9
CALL0000254,+919264248130,+919264248130,2024-08-16 09:00:00,6463,0,8
CALL0000255,+919264248130,+919620488464,2024-01-13 20:00:00,8875,1,5
CALL0000256,+919620488464,+919264248130,2024-05-07 01:00:00,9525,0,4
CALL0000257,+919264248130,+919264248130,2024-07-06 11:00:00,1564,1,10
CALL0000258,+919264248130,+919620488464,2024-07-29 17:00:00,3062,0,10
CALL0000259,+919264248130,+919620488464,2024-12-16 01:00:00,4469,1,6
CALL0000260,+919620488464,+919264248130,2024-08-27 15:00:00,1244,1,15
CALL0000261,+919264248130,+919264248130,2024-05-28 13:00:00,7644,1,14
CALL0000262,+919866708161,+918194743590,2024-07-09 14:00:00,5184,1,2
CALL0000263,+918194743590,+919866708161,2024-12-26 19:00:00,5861,1,7
CALL0000264,+919866708161,+919565982361,2024-08-08 22:00:00,1223,0,13
CALL0000265,+918194743590,+918194743590,2024-10-06 22:00:00,5010,1,13
CALL0000266,+919866708161,+919565982361,2024-10-22 17:00:00,4337,1,8
CALL0000267,+918194743590,+919866708161,2024-05-05 13:00:00,4865,0,6
CALL0000268,+918194743590,+918194743590,2024-10-11 09:00:00,10513,1,9
CALL0000269,+919866708161,+918194743590,2024-04-25 14:00:00,3935,0,11
CALL0000270,+919565982361,+918194743590,2024-01-07 01:00:00,6720,0,4
CALL0000271,+919866708161,+918194743590,2024-05-08 18:00:00,8912,0,2
CALL0000272,+919565982361,+919866708161,2024-07-27 23:00:00,4919,1,14
CALL0000273,+919421316532,+917510478408,2024-09-02 08:00:00,5751,0,4
CALL0000274,+919421316532,+917510478408,2024-08-16 07:00:00,5495,1,15
CALL0000275,+919131370708,+917510478408,2024-09-14 09:00:00,2461,1,11
CALL0000276,+919421316532,+918756213619,2024-09-09 08:00:00,1954,1,5
CALL0000277,+917510478408,+917510478408,2024-03-05 01:00:00,2617,1,13
CALL0000278,+917510478408,+918756213619,2024-01-11 09:00:00,8785,0,2
CALL0000279,+917510478408,+919421316532,2024-08-12 12:00:00,3886,1,15
CALL0000280,+917510478408,+919421316532,2024-05-09 00:00:00,7767,0,3
CALL0000281,+919131370708,+919421316532,2024-11-25 16:00:00,3604,1,12
CALL0000282,+919131370708,+917510478408,2024-11-22 00:00:00,1767,1,13
CALL0000283,+919421316532,+918756213619,2024-05-07 08:00:00,1878,0,4
CALL0000284,+917510478408,+919421316532,2024-05-07 03:00:00,1284,1,2
CALL0000285,+919421316532,+918756213619,2024-08-26 15:00:00,3934,0,10
CALL0000286,+919421316532,+918756213619,2024-05-20 23:00:00,3651,0,6
CALL0000287,+917510478408,+919131370708,2024-06-19 04:00:00,10735,0,15
CALL0000288,+918756213619,+919421316532,2024-03-06 21:00:00,8535,1,5
CALL0000289,+917510478408,+919131370708,2024-10-23 19:00:00,2497,1,11
CALL0000290,+918756213619,+919131370708,2024-10-20 00:00:00,7017,0,14
CALL0000291,+919011011203,+919023783267,2024-11-28 05:00:00,8072,1,5
CALL0000292,+919701593450,+919023783267,2024-01-01 09:00:00,9493,1,3
CALL0000293,+919701593450,+919011011203,2024-02-09 19:00:00,8621,1,7
CALL0000294,+919701593450,+919011011203,2024-11-12 22:00:00,3357,0,15
CALL0000295,+919701593450,+919701593450,2024-08-26 02:00:00,866,1,9
CALL0000296,+919798007223,+919798007223,2024-06-17 12:00:00,5899,1,4
CALL0000297,+919798007223,+919798007223,2024-03-11 07:00:00,3354,0,7
CALL0000298,+919798007223,+919798007223,2024-06-30 14:00:00,789,1,7
CALL0000299,+919798007223,+919798007223,2024-11-07 05:00:00,9274,1,14
CALL0000300,+919798007223,+919798007223,2024-02-13 17:00:00,2197,1,3
CALL0000301,+919798007223,+919798007223,2024-08-08 09:00:00,10263,1,5
CALL0000302,+919798007223,+919798007223,2024-02-20 18:00:00,2354,1,8
CALL0000303,+919798007223,+919798007223,2024-12-01 03:00:00,1547,0,7
CALL0000304,+919798007223,+919798007223,2024-05-16 00:00:00,9399,0,12
CALL0000305,+919798007223,+919798007223,2024-05-28 04:00:00,7161,1,6
CALL0000306,+919798007223,+919798007223,2024-01-27 05:00:00,1263,0,9
CALL0000307,+919798007223,+919798007223,2024-01-16 12:00:00,3108,0,13
CALL0000308,+919798007223,+919798007223,2024-10-12 08:00:00,2652,0,4
CALL0000309,+917658958961,+917658958961,2024-01-06 10:00:00,10010,0,6
CALL0000310,+917658958961,+917658958961,2024-11-14 09:00:00,9138,1,5
CALL0000311,+917658958961,+917658958961,2024-01-16 02:00:00,5207,1,9
CALL0000312,+917658958961,+917658958961,2024-12-10 16:00:00,5599,1,2
CALL0000313,+917658958961,+917658958961,2024-10-13 05:00:00,930,0,15
CALL0000314,+917658958961,+917658958961,2024-05-30 18:00:00,7231,0,13
CALL0000315,+917658958961,+917658958961,2024-08-27 00:00:00,4842,1,12
CALL0000316,+917658958961,+917658958961,2024-02-12 16:00:00,5652,1,4
CALL0000317,+917658958961,+917658958961,2024-07-25 11:00:00,1361,0,7
CALL0000318,+917658958961,+917658958961,2024-08-24 06:00:00,7325,1,5
CALL0000319,+917658958961,+917658958961,2024-09-29 11:00:00,9464,0,9
CALL0000320,+917658958961,+917658958961,2024-03-04 07:00:00,4250,0,4
CALL0000321,+919092829436,+919092829436,2024-03-13 14:00:00,9014,1,5
CALL0000322,+919092829436,+919092829436,2024-04-16 18:00:00,1130,0,2
CALL0000323,+919092829436,+919092829436,2024-08-07 05:00:00,3229,0,8
CALL0000324,+919092829436,+919092829436,2024-05-17 14:00:00,5768,1,12
CALL0000325,+919092829436,+919092829436,2024-02-25 14:00:00,5606,0,9
CALL0000326,+919092829436,+919092829436,2024-02-06 14:00:00,9824,0,9
CALL0000327,+919092829436,+919092829436,2024-09-15 05:00:00,1983,1,13
CALL0000328,+919092829436,+919092829436,2024-02-19 05:00:00,9811,0,13
CALL0000329,+919092829436,+919092829436,2024-02-18 03:00:00,9702,0,7
CALL0000330,+919092829436,+919092829436,2024-05-05 11:00:00,4002,1,13
CALL0000331,+919092829436,+919092829436,2024-03-11 07:00:00,4468,1,13
CALL0000332,+919092829436,+919092829436,2024-03-31 23:00:00,10587,1,6
CALL0000333,+919092829436,+919092829436,2024-11-03 08:00:00,2307,0,5
CALL0000334,+919092829436,+919092829436,2024-10-15 07:00:00,8037,0,7
CALL0000335,+919572218657,+919572218657,2024-09-10 14:00:00,3736,1,12
CALL0000336,+919572218657,+919572218657,2024-06-29 16:00:00,6282,1,10
CALL0000337,+919572218657,+919572218657,2024-10-11 04:00:00,663,1,14
CALL0000338,+919572218657,+919572218657,2024-05-27 18:00:00,1066,0,12
CALL0000339,+919572218657,+919572218657,2024-12-03 01:00:00,7335,1,6
CALL0000340,+918506154522,+918506154522,2024-10-12 13:00:00,2769,0,14
CALL0000341,+918506154522,+918506154522,2024-04-03 09:00:00,9254,1,13
CALL0000342,+918506154522,+918506154522,2024-09-15 19:00:00,4910,0,13
CALL0000343,+918506154522,+918506154522,2024-05-03 04:00:00,9883,1,5
CALL0000344,+918506154522,+918506154522,2024-05-01 21:00:00,3252,1,4
CALL0000345,+918506154522,+918506154522,2024-02-06 15:00:00,4812,1,12
CALL0000346,+918506154522,+918506154522,2024-02-25 04:00:00,1814,0,13
CALL0000347,+918506154522,+918506154522,2024-12-17 20:00:00,4440,1,12
CALL0000348,+918506154522,+918506154522,2024-03-26 21:00:00,623,1,4
CALL0000349,+918506154522,+918506154522,2024-08-08 13:00:00,10292,1,4
CALL0000350,+918506154522,+918506154522,2024-08-06 15:00:00,1283,0,11
CALL0000351,+917289863524,+917289863524,2024-08-02 17:00:00,9655,0,15
CALL0000352,+917102623168,+917289863524,2024-06-12 02:00:00,10302,1,7
CALL0000353,+917289863524,+917289863524,2024-10-22 08:00:00,7311,0,8
CALL0000354,+917289863524,+917289863524,2024-11-10 01:00:00,8799,1,9
CALL0000355,+917102623168,+917289863524,2024-11-07 04:00:00,3735,1,4
CALL0000356,+917289863524,+917289863524,2024-08-18 06:00:00,7756,0,14
CALL0000357,+917102623168,+917289863524,2024-10-27 21:00:00,5487,0,13
CALL0000358,+917289863524,+917289863524,2024-05-18 19:00:00,10608,1,13
CALL0000359,+917289863524,+917289863524,2024-10-22 14:00:00,6523,1,15
CALL0000360,+917289863524,+917289863524,2024-01-17 02:00:00,5074,0,14
CALL0000361,+917289863524,+917102623168,2024-04-13 00:00:00,6437,0,8
CALL0000362,+917289863524,+917289863524,2024-10-21 08:00:00,4466,0,13
CALL0000363,+917289863524,+917289863524,2024-10-19 03:00:00,9365,1,13
CALL0000364,+917289863524,+917289863524,2024-10-18 20:00:00,10244,0,4
CALL0000365,+917102623168,+917289863524,2024-11-03 01:00:00,6689,0,8
CALL0000366,+917289863524,+917289863524,2024-11-26 03:00:00,6074,0,12
CALL0000367,+917289863524,+917289863524,2024-08-09 18:00:00,5026,0,13
CALL0000368,+917102623168,+917289863524,2024-05-24 01:00:00,4468,1,7
CALL0000369,+917289863524,+917289863524,2024-04-01 13:00:00,2674,1,13
CALL0000370,+917289863524,+917289863524,2024-01-17 17:00:00,1475,0,6
CALL0000371,+917289863524,+917289863524,2024-03-24 05:00:00,9871,1,6
CALL0000372,+917289863524,+917289863524,2024-03-06 00:00:00,9280,0,6
CALL0000373,+917289863524,+917102623168,2024-08-02 16:00:00,6519,1,6
CALL0000374,+917102623168,+917289863524,2024-12-11 15:00:00,9494,1,14
CALL0000375,+917289863524,+917102623168,2024-01-03 22:00:00,9694,0,7
CALL0000376,+917289863524,+917289863524,2024-11-11 14:00:00,3146,0,11
CALL0000377,+917102623168,+917289863524,2024-07-26 14:00:00,8276,1,12
CALL0000378,+917289863524,+917289863524,2024-06-08 14:00:00,9014,1,11
CALL0000379,+917289863524,+917102623168,2024-08-28 23:00:00,2021,1,6
CALL0000380,+917289863524,+917289863524,2024-12-08 21:00:00,2420,1,15
CALL0000381,+919683706499,+918733309508,2024-10-25 11:00:00,2327,1,12
CALL0000382,+918733309508,+919683706499,2024-08-19 12:00:00,1089,1,6
CALL0000383,+917670185034,+917670185034,2024-08-25 13:00:00,10176,0,12
CALL0000384,+918733309508,+917670185034,2024-04-11 21:00:00,2386,0,12
CALL0000385,+919683706499,+918733309508,2024-08-06 21:00:00,1310,0,12
CALL0000386,+917670185034,+917670185034,2024-03-12 06:00:00,1711,1,6
CALL0000387,+917670185034,+918733309508,2024-10-08 22:00:00,3585,0,13
CALL0000388,+917670185034,+919683706499,2024-10-12 09:00:00,3452,0,6
CALL0000389,+919683706499,+919683706499,2024-05-01 23:00:00,2373,1,12
CALL0000390,+918733309508,+919683706499,2024-05-05 01:00:00,6445,1,6
CALL0000391,+918389695729,+918648935005,2024-04-23 11:00:00,9961,1,10
CALL0000392,+918295624809,+918389695729,2024-12-04 19:00:00,2668,1,13
CALL0000393,+918648935005,+918389695729,2024-12-03 05:00:00,6421,1,8
CALL0000394,+918295624809,+918648935005,2024-07-27 06:00:00,9145,1,13
CALL0000395,+918295624809,+918648935005,2024-06-05 16:00:00,7348,1,14
CALL0000396,+918389695729,+918295624809,2024-04-20 17:00:00,8508,1,10
CALL0000397,+918648935005,+918295624809,2024-06-29 16:00:00,2894,1,12
CALL0000398,+918389695729,+918648935005,2024-02-06 15:00:00,9732,1,8
CALL0000399,+918295624809,+918648935005,2024-06-17 10:00:00,9644,1,15
CALL0000400,+918648935005,+918648935005,2024-08-04 13:00:00,2076,0,15
CALL0000401,+918648935005,+918648935005,2024-01-18 10:00:00,9024,1,8
CALL0000402,+918648935005,+918648935005,2024-11-30 13:00:00,8002,0,15
CALL0000403,+918295624809,+918389695729,2024-01-11 22:00:00,10042,1,10
CALL0000404,+918295624809,+918648935005,2024-04-09 14:00:00,6727,1,11
CALL0000405,+918389695729,+918389695729,2024-07-03 21:00:00,1188,0,13
CALL0000406,+918389695729,+918648935005,2024-06-12 07:00:00,1372,0,4
CALL0000407,+918295624809,+918648935005,2024-10-25 02:00:00,2437,0,7
CALL0000408,+918389695729,+918648935005,2024-10-13 03:00:00,6205,1,8
CALL0000409,+918648935005,+918295624809,2024-12-22 02:00:00,1880,0,14
CALL0000410,+918648935005,+918648935005,2024-04-14 20:00:00,1858,1,13
CALL0000411,+918306160847,+918306160847,2024-05-12 09:00:00,10631,0,4
CALL0000412,+918306160847,+918306160847,2024-05-01 17:00:00,3343,1,10
CALL0000413,+918306160847,+918306160847,2024-07-09 16:00:00,3414,0,4
CALL0000414,+918306160847,+918306160847,2024-06-25 03:00:00,4510,1,5
CALL0000415,+918306160847,+918306160847,2024-01-07 15:00:00,5407,1,15
CALL0000416,+918306160847,+918306160847,2024-06-05 10:00:00,7791,1,3
CALL0000417,+918306160847,+918306160847,2024-04-24 17:00:00,7323,1,5
CALL0000418,+918306160847,+918306160847,2024-05-09 06:00:00,5123,1,15
CALL0000419,+919517368084,+918306160847,2024-01-28 22:00:00,6933,1,12
CALL0000420,+918306160847,+918306160847,2024-01-31 08:00:00,9988,1,4
CALL0000421,+918306160847,+918306160847,2024-12-23 03:00:00,980,1,5
CALL0000422,+918306160847,+919517368084,2024-10-19 14:00:00,8037,1,12
CALL0000423,+918306160847,+918306160847,2024-04-14 14:00:00,9272,1,15
CALL0000424,+918306160847,+918306160847,2024-10-27 09:00:00,10176,1,3
CALL0000425,+918306160847,+918306160847,2024-07-12 06:00:00,1058,0,7
CALL0000426,+919458675860,+919686481151,2024-08-17 13:00:00,3454,1,13
CALL0000427,+918974581711,+919458675860,2024-08-04 14:00:00,1768,0,13
CALL0000428,+919458675860,+919686481151,2024-08-23 05:00:00,4623,1,6
CALL0000429,+919458675860,+918098828320,2024-11-18 05:00:00,2411,0,8
CALL0000430,+919686481151,+919458675860,2024-11-08 17:00:00,6127,1,14
CALL0000431,+919458675860,+918974581711,2024-08-07 06:00:00,7137,1,9
CALL0000432,+918974581711,+919458675860,2024-04-08 15:00:00,10692,1,14
CALL0000433,+919458675860,+918098828320,2024-06-29 11:00:00,1095,0,14
CALL0000434,+919783421867,+919189284705,2024-10-14 23:00:00,2521,1,15
CALL0000435,+919783421867,+919783421867,2024-02-21 19:00:00,2548,1,13
CALL0000436,+919783421867,+919783421867,2024-02-26 02:00:00,3284,1,7
CALL0000437,+917644327886,+917644327886,2024-11-11 22:00:00,2403,0,13
CALL0000438,+917644327886,+917644327886,2024-03-10 04:00:00,8520,1,5
CALL0000439,+917644327886,+917644327886,2024-05-24 18:00:00,8471,1,10
CALL0000440,+917644327886,+917644327886,2024-06-17 11:00:00,6607,1,2
CALL0000441,+917644327886,+917644327886,2024-12-18 03:00:00,9971,1,12
CALL0000442,+917644327886,+917644327886,2024-10-25 08:00:00,8878,0,14
CALL0000443,+917644327886,+917644327886,2024-12-30 20:00:00,10186,0,12
CALL0000444,+917644327886,+917644327886,2024-01-18 04:00:00,997,1,13
CALL0000445,+917644327886,+917644327886,2024-09-21 11:00:00,9220,1,3
CALL0000446,+917644327886,+917644327886,2024-02-07 01:00:00,4616,1,11
CALL0000447,+917644327886,+917644327886,2024-08-11 18:00:00,4773,0,3
CALL0000448,+919104133140,+919104133140,2024-02-08 22:00:00,1253,0,14
CALL0000449,+919104133140,+919104133140,2024-02-16 04:00:00,2456,1,10
CALL0000450,+919104133140,+919104133140,2024-10-25 01:00:00,1339,1,4
CALL0000451,+919104133140,+919104133140,2024-03-15 11:00:00,9067,1,5
CALL0000452,+919104133140,+919104133140,2024-07-13 11:00:00,6774,1,8
CALL0000453,+919104133140,+919104133140,2024-04-08 21:00:00,5271,1,11
CALL0000454,+919104133140,+919104133140,2024-09-08 02:00:00,4293,1,5
CALL0000455,+919104133140,+919104133140,2024-04-28 08:00:00,3532,1,2
CALL0000456,+919104133140,+919104133140,2024-02-22 23:00:00,6886,1,3
CALL0000457,+919104133140,+919104133140,2024-03-04 07:00:00,5246,0,11
CALL0000458,+919104133140,+919104133140,2024-05-29 16:00:00,2070,0,10
CALL0000459,+919104133140,+919104133140,2024-04-30 18:00:00,7491,1,9
CALL0000460,+919104133140,+919104133140,2024-09-14 22:00:00,8073,1,9
CALL0000461,+918983704927,+918225003835,2024-03-11 11:00:00,6517,1,13
CALL0000462,+918225003835,+918225003835,2024-05-25 00:00:00,5825,0,15
CALL0000463,+918225003835,+918983704927,2024-03-21 02:00:00,8862,1,8
CALL0000464,+918225003835,+918225003835,2024-08-12 08:00:00,10689,1,9
CALL0000465,+918983704927,+918225003835,2024-04-11 07:00:00,6342,1,6
CALL0000466,+918225003835,+918225003835,2024-01-30 18:00:00,5894,1,8
CALL0000467,+918225003835,+918225003835,2024-03-01 20:00:00,2244,1,2
CALL0000468,+918225003835,+918225003835,2024-04-25 14:00:00,9596,1,15
CALL0000469,+918225003835,+918225003835,2024-05-12 18:00:00,8407,1,13
CALL0000470,+918225003835,+918983704927,2024-05-21 20:00:00,5039,0,5
CALL0000471,+918225003835,+918225003835,2024-03-26 19:00:00,1245,1,9
CALL0000472,+918225003835,+918225003835,2024-07-03 20:00:00,10373,1,14
CALL0000473,+918629261381,+918703060622,2024-02-14 03:00:00,9032,1,5
CALL0000474,+918703060622,+918629261381,2024-11-19 19:00:00,344,1,10
CALL0000475,+918629261381,+918783807163,2024-03-10 12:00:00,5232,0,4
CALL0000476,+918783807163,+918629261381,2024-06-16 13:00:00,8543,0,3
CALL0000477,+918783807163,+918629261381,2024-11-06 03:00:00,5111,1,9
CALL0000478,+919750724693,+919750724693,2024-04-26 02:00:00,4279,1,9
CALL0000479,+919750724693,+919750724693,2024-10-24 12:00:00,7706,0,5
CALL0000480,+919750724693,+919750724693,2024-07-04 14:00:00,9823,0,11
CALL0000481,+919402108313,+919750724693,2024-07-15 17:00:00,3399,1,8
CALL0000482,+917874122128,+919750724693,2024-10-23 05:00:00,7025,0,6
CALL0000483,+919750724693,+919750724693,2024-05-27 13:00:00,5601,0,10
CALL0000484,+917874122128,+919750724693,2024-05-07 16:00:00,4487,0,10
CALL0000485,+919750724693,+919750724693,2024-02-06 02:00:00,3468,0,7
CALL0000486,+919750724693,+917874122128,2024-11-22 19:00:00,5914,1,9
CALL0000487,+919750724693,+919750724693,2024-06-23 20:00:00,10177,1,3
CALL0000488,+917874122128,+919750724693,2024-06-30 04:00:00,2683,0,3
CALL0000489,+919750724693,+919750724693,2024-11-08 07:00:00,5701,0,11
CALL0000490,+919750724693,+919750724693,2024-05-16 12:00:00,2263,1,14
CALL0000491,+919750724693,+919750724693,2024-01-02 14:00:00,1479,1,14
CALL0000492,+919402108313,+919750724693,2024-06-20 23:00:00,4494,1,9
CALL0000493,+919750724693,+919750724693,2024-03-02 19:00:00,4816,1,2
CALL0000494,+919750724693,+917874122128,2024-10-19 13:00:00,9094,1,5
CALL0000495,+919402108313,+919750724693,2024-09-13 18:00:00,655,1,8
CALL0000496,+917874122128,+919750724693,2024-10-30 10:00:00,7303,1,12
CALL0000497,+917874122128,+919750724693,2024-05-30 03:00:00,9122,1,7
CALL0000498,+919750724693,+919402108313,2024-01-25 02:00:00,8762,0,5
CALL0000499,+919750724693,+919750724693,2024-06-14 07:00:00,4259,0,7
CALL0000500,+919750724693,+917874122128,2024-01-22 12:00:00,10551,1,10
CALL0000501,+919402108313,+919750724693,2024-02-18 03:00:00,8694,1,13
CALL0000502,+919750724693,+919750724693,2024-05-27 20:00:00,2909,1,7
CALL0000503,+919750724693,+919750724693,2024-10-10 01:00:00,3554,0,6
CALL0000504,+919750724693,+919750724693,2024-12-03 00:00:00,2990,0,15
CALL0000505,+919750724693,+919750724693,2024-09-11 18:00:00,6040,0,4
CALL0000506,+919750724693,+919750724693,2024-06-18 11:00:00,10186,0,9
CALL0000507,+919750724693,+919750724693,2024-09-06 15:00:00,10312,0,2
CALL0000508,+919750724693,+919750724693,2024-11-06 12:00:00,2869,1,4
CALL0000509,+919750724693,+919750724693,2024-02-18 19:00:00,10738,1,4
CALL0000510,+917874122128,+919402108313,2024-01-12 17:00:00,8356,1,8
CALL0000511,+918991765434,+918991765434,2024-08-15 19:00:00,6720,1,3
CALL0000512,+918991765434,+918991765434,2024-03-24 18:00:00,644,1,5
CALL0000513,+918991765434,+918991765434,2024-03-21 08:00:00,3959,0,15
CALL0000514,+918991765434,+918991765434,2024-10-02 19:00:00,4606,1,4
CALL0000515,+918991765434,+918991765434,2024-03-08 07:00:00,346,1,13
CALL0000516,+918991765434,+918991765434,2024-12-05 14:00:00,6271,1,12
CALL0000517,+918991765434,+918991765434,2024-07-13 12:00:00,3811,1,11
CALL0000518,+919193320307,+919193320307,2024-05-27 06:00:00,10080,1,2
CALL0000519,+919193320307,+919193320307,2024-01-22 18:00:00,3031,1,11
CALL0000520,+917720206682,+919193320307,2024-01-03 19:00:00,9865,1,11
CALL0000521,+919193320307,+918195248852,2024-08-01 00:00:00,6172,0,3
CALL0000522,+919193320307,+917720206682,2024-10-14 11:00:00,10669,0,9
CALL0000523,+919193320307,+917720206682,2024-04-24 22:00:00,1064,0,13
CALL0000524,+917720206682,+919193320307,2024-09-08 07:00:00,7058,1,7
CALL0000525,+919193320307,+919193320307,2024-07-10 12:00:00,3315,1,2
CALL0000526,+919193320307,+919193320307,2024-11-21 07:00:00,3099,0,6
CALL0000527,+919193320307,+919193320307,2024-06-16 01:00:00,9409,1,9
CALL0000528,+917720206682,+919193320307,2024-09-27 21:00:00,8139,0,5
CALL0000529,+917720206682,+919193320307,2024-06-06 00:00:00,7594,0,4
CALL0000530,+917720206682,+919193320307,2024-03-14 06:00:00,3368,0,10
CALL0000531,+919885417138,+919885417138,2024-08-06 06:00:00,7330,0,11
CALL0000532,+919885417138,+919885417138,2024-01-24 15:00:00,7063,0,12
CALL0000533,+919885417138,+919885417138,2024-06-23 19:00:00,4070,1,3
CALL0000534,+919885417138,+919885417138,2024-02-26 07:00:00,8392,1,6
CALL0000535,+919885417138,+919885417138,2024-08-18 15:00:00,8415,1,3
CALL0000536,+919885417138,+919885417138,2024-08-30 09:00:00,4068,1,3
CALL0000537,+919885417138,+919885417138,2024-04-01 01:00:00,5246,1,15
CALL0000538,+919885417138,+919885417138,2024-05-26 20:00:00,4436,0,4
CALL0000539,+919885417138,+919885417138,2024-11-03 22:00:00,3744,1,10
CALL0000540,+919885417138,+919885417138,2024-05-18 18:00:00,3120,1,8
CALL0000541,+919885417138,+919885417138,2024-12-24 17:00:00,7575,0,10
CALL0000542,+919885417138,+919885417138,2024-01-09 23:00:00,4869,1,5
CALL0000543,+919885417138,+919885417138,2024-06-18 20:00:00,3485,0,4
CALL0000544,+919885417138,+919885417138,2024-03-04 04:00:00,3830,0,15
CALL0000545,+919885417138,+919885417138,2024-03-20 14:00:00,9705,0,3
CALL0000546,+919885417138,+919885417138,2024-08-09 01:00:00,1970,0,14
CALL0000547,+919885417138,+919885417138,2024-06-20 19:00:00,1039,1,14
CALL0000548,+919173095216,+919173095216,2024-07-13 17:00:00,6821,0,9
CALL0000549,+919173095216,+919173095216,2024-08-09 18:00:00,6377,1,14
CALL0000550,+919173095216,+919173095216,2024-10-29 23:00:00,10290,1,12
CALL0000551,+919173095216,+919173095216,2024-09-21 05:00:00,475,1,11
CALL0000552,+919173095216,+919173095216,2024-02-25 04:00:00,5333,1,14
CALL0000553,+919173095216,+919173095216,2024-12-07 14:00:00,6726,1,9
CALL0000554,+918098828320,+919173095216,2024-09-01 12:00:00,6991,1,8
CALL0000555,+919173095216,+919173095216,2024-07-07 00:00:00,6694,0,14
CALL0000556,+917644327886,+917644327886,2024-08-05 04:00:00,3322,1,5
CALL0000557,+917644327886,+917644327886,2024-03-23 18:00:00,4697,1,8
CALL0000558,+917644327886,+917644327886,2024-01-01 07:00:00,10212,0,3
CALL0000559,+917644327886,+917644327886,2024-04-28 16:00:00,6788,1,9
CALL0000560,+917644327886,+917644327886,2024-09-27 09:00:00,10682,1,9
CALL0000561,+917644327886,+917644327886,2024-09-23 05:00:00,7723,0,8
CALL0000562,+917644327886,+917644327886,2024-11-25 02:00:00,8140,1,6
CALL0000563,+917644327886,+917644327886,2024-03-20 22:00:00,7334,0,6
CALL0000564,+917644327886,+917644327886,2024-01-15 23:00:00,5169,0,6
CALL0000565,+917644327886,+917644327886,2024-11-20 07:00:00,6043,1,8
CALL0000566,+919672176434,+917930234729,2024-08-16 07:00:00,667,1,15
CALL0000567,+919672176434,+919553757833,2024-09-24 02:00:00,1831,1,6
CALL0000568,+919672176434,+919553757833,2024-05-28 08:00:00,4996,0,6
CALL0000569,+919672176434,+919672176434,2024-05-22 07:00:00,3816,0,2
CALL0000570,+917930234729,+919553757833,2024-03-03 12:00:00,9728,0,4
CALL0000571,+919672176434,+919553757833,2024-05-23 18:00:00,4440,1,15
CALL0000572,+919193320307,+919193320307,2024-06-11 00:00:00,2583,0,5
CALL0000573,+919193320307,+919193320307,2024-04-26 16:00:00,2048,1,3
CALL0000574,+919193320307,+919193320307,2024-11-07 12:00:00,5276,1,12
CALL0000575,+919193320307,+919193320307,2024-10-19 10:00:00,8742,0,6
CALL0000576,+919193320307,+919193320307,2024-04-03 19:00:00,6557,1,14
CALL0000577,+919193320307,+919193320307,2024-03-01 09:00:00,2967,0,2
CALL0000578,+919193320307,+919193320307,2024-04-21 02:00:00,8722,0,9
CALL0000579,+919193320307,+919193320307,2024-01-13 05:00:00,1292,1,4
CALL0000580,+919193320307,+919193320307,2024-02-18 10:00:00,8224,1,3
CALL0000581,+919193320307,+919193320307,2024-07-06 10:00:00,9301,0,14
CALL0000582,+919193320307,+919193320307,2024-04-18 16:00:00,2506,0,4
CALL0000583,+919193320307,+919193320307,2024-09-08 22:00:00,7539,0,9
CALL0000584,+919193320307,+919193320307,2024-04-04 12:00:00,10736,1,3
CALL0000585,+919193320307,+919193320307,2024-09-09 23:00:00,7405,0,10
CALL0000586,+919193320307,+919193320307,2024-01-20 15:00:00,7641,0,9
CALL0000587,+919193320307,+919193320307,2024-11-28 13:00:00,772,0,11
CALL0000588,+919193320307,+919193320307,2024-06-19 06:00:00,9647,0,12
CALL0000589,+919193320307,+919193320307,2024-03-28 01:00:00,4410,1,2
CALL0000590,+919193320307,+919193320307,2024-04-10 05:00:00,8334,1,12
CALL0000591,+919193320307,+919193320307,2024-02-28 08:00:00,5297,1,13
CALL0000592,+919177704842,+918910099076,2024-01-16 22:00:00,641,0,8
CALL0000593,+918910099076,+919177704842,2024-01-15 15:00:00,7685,0,10
CALL0000594,+918910099076,+919177704842,2024-11-27 16:00:00,3348,0,7
CALL0000595,+919177704842,+919177704842,2024-02-18 19:00:00,9122,0,7
CALL0000596,+918910099076,+919177704842,2024-01-26 00:00:00,9596,1,6
CALL0000597,+918910099076,+918910099076,2024-08-08 08:00:00,2193,0,10
CALL0000598,+919177704842,+919177704842,2024-09-11 19:00:00,491,1,5
CALL0000599,+919177704842,+919177704842,2024-02-25 02:00:00,4827,0,8
CALL0000600,+919177704842,+919177704842,2024-12-25 21:00:00,7486,0,6
CALL0000601,+918910099076,+918910099076,2024-04-01 07:00:00,7515,1,6
CALL0000602,+919177704842,+919177704842,2024-03-24 12:00:00,1513,0,11
CALL0000603,+918910099076,+919177704842,2024-05-20 05:00:00,2064,0,9
CALL0000604,+919177704842,+919177704842,2024-04-25 05:00:00,767,1,9
CALL0000605,+919177704842,+919177704842,2024-12-17 18:00:00,6341,1,12
CALL0000606,+919177704842,+919177704842,2024-06-19 10:00:00,3579,1,7
CALL0000607,+919615327539,+919615327539,2024-03-26 12:00:00,4491,1,5
CALL0000608,+919615327539,+919615327539,2024-06-22 14:00:00,1331,1,14
CALL0000609,+919615327539,+919615327539,2024-07-26 16:00:00,9279,0,4
CALL0000610,+919615327539,+919615327539,2024-02-07 05:00:00,5418,0,4
CALL0000611,+919615327539,+919615327539,2024-06-22 22:00:00,6630,0,11
CALL0000612,+918112830447,+919615327539,2024-05-05 18:00:00,1305,1,7
CALL0000613,+919402108313,+919402108313,2024-03-13 00:00:00,6031,0,7
CALL0000614,+919402108313,+919402108313,2024-10-21 21:00:00,3855,1,8
CALL0000615,+919402108313,+919402108313,2024-01-04 11:00:00,4801,1,13
CALL0000616,+919402108313,+919846788833,2024-06-01 19:00:00,9764,0,4
CALL0000617,+919846788833,+919402108313,2024-06-04 17:00:00,7269,0,5
CALL0000618,+919402108313,+919846788833,2024-06-19 22:00:00,10342,1,9
CALL0000619,+919402108313,+919402108313,2024-12-07 15:00:00,3256,1,2
CALL0000620,+919402108313,+919402108313,2024-07-20 04:00:00,1610,0,12
CALL0000621,+919402108313,+919402108313,2024-04-14 06:00:00,7697,1,11
CALL0000622,+919402108313,+919402108313,2024-03-20 16:00:00,3027,1,2
CALL0000623,+919402108313,+919402108313,2024-12-03 05:00:00,4239,0,15
CALL0000624,+919402108313,+919402108313,2024-03-31 14:00:00,1045,1,2
CALL0000625,+919402108313,+919402108313,2024-06-25 02:00:00,1286,1,12
CALL0000626,+919402108313,+919402108313,2024-11-13 20:00:00,6312,0,13
CALL0000627,+919846788833,+919402108313,2024-08-19 01:00:00,10253,1,6
CALL0000628,+919402108313,+919402108313,2024-01-06 06:00:00,8788,0,8
CALL0000629,+919402108313,+919402108313,2024-08-01 06:00:00,4162,1,3
CALL0000630,+919402108313,+919402108313,2024-06-02 01:00:00,1025,1,10
CALL0000631,+918784024504,+919378880376,2024-05-17 18:00:00,7560,1,8
CALL0000632,+919895257648,+918784024504,2024-11-04 07:00:00,1177,0,4
CALL0000633,+919895257648,+918755585467,2024-12-24 07:00:00,4021,1,14
CALL0000634,+919378880376,+918784024504,2024-07-20 19:00:00,817,0,6
CALL0000635,+918784024504,+919378880376,2024-08-02 09:00:00,2673,0,3
CALL0000636,+918755585467,+919895257648,2024-12-05 03:00:00,4430,0,4
CALL0000637,+918784024504,+918784024504,2024-06-17 13:00:00,7708,0,15
CALL0000638,+918072947251,+918072947251,2024-05-14 21:00:00,5371,0,6
CALL0000639,+918072947251,+918072947251,2024-04-11 02:00:00,532,1,2
CALL0000640,+918072947251,+918072947251,2024-06-03 03:00:00,4191,1,8
CALL0000641,+918072947251,+918072947251,2024-06-02 17:00:00,3397,0,14
CALL0000642,+918072947251,+918072947251,2024-09-15 13:00:00,3196,0,10
CALL0000643,+918072947251,+918072947251,2024-05-23 07:00:00,6633,0,7
CALL0000644,+918106437183,+918106437183,2024-12-07 23:00:00,8205,1,9
CALL0000645,+918106437183,+917442968259,2024-07-29 10:00:00,9101,1,10
CALL0000646,+918106437183,+917663371354,2024-03-31 11:00:00,1656,0,11
CALL0000647,+917442968259,+917663371354,2024-06-07 21:00:00,9767,0,9
CALL0000648,+918106437183,+918106437183,2024-03-29 03:00:00,354,1,3
CALL0000649,+917663371354,+918106437183,2024-12-29 11:00:00,1147,1,9
CALL0000650,+917663371354,+918106437183,2024-10-17 19:00:00,3253,0,11
CALL0000651,+918106437183,+918106437183,2024-02-24 07:00:00,8813,1,8
CALL0000652,+918106437183,+917442968259,2024-04-20 13:00:00,8524,1,7
CALL0000653,+917442968259,+917663371354,2024-03-17 11:00:00,4752,0,3
CALL0000654,+917663371354,+918106437183,2024-10-10 12:00:00,4548,0,3
CALL0000655,+918106437183,+918106437183,2024-03-27 19:00:00,5186,1,11
CALL0000656,+917442968259,+918106437183,2024-05-23 02:00:00,6308,0,11
CALL0000657,+919750724693,+919750724693,2024-01-20 01:00:00,9822,1,5
CALL0000658,+919750724693,+919750724693,2024-05-04 18:00:00,10206,0,6
CALL0000659,+919750724693,+919750724693,2024-10-20 06:00:00,8012,0,12
CALL0000660,+919750724693,+919750724693,2024-08-27 04:00:00,4240,1,14
CALL0000661,+919750724693,+919750724693,2024-03-31 13:00:00,3206,1,14
CALL0000662,+919750724693,+919750724693,2024-05-10 21:00:00,5940,0,12
CALL0000663,+919750724693,+919750724693,2024-05-15 22:00:00,1041,0,11
CALL0000664,+919910426964,+919910426964,2024-12-22 09:00:00,1050,0,13
CALL0000665,+919910426964,+919910426964,2024-05-31 21:00:00,10409,1,7
CALL0000666,+919910426964,+919910426964,2024-12-20 00:00:00,3492,0,4
CALL0000667,+919910426964,+919910426964,2024-12-19 14:00:00,8398,0,6
CALL0000668,+919910426964,+919910426964,2024-05-06 14:00:00,9620,0,13
CALL0000669,+919910426964,+919910426964,2024-08-01 22:00:00,6138,0,12
CALL0000670,+919910426964,+919910426964,2024-11-04 02:00:00,2004,0,11
CALL0000671,+919910426964,+919910426964,2024-01-09 06:00:00,2387,0,2
CALL0000672,+919910426964,+919910426964,2024-09-10 06:00:00,3661,1,6
CALL0000673,+919910426964,+919910426964,2024-11-24 02:00:00,10680,0,13
CALL0000674,+919910426964,+919910426964,2024-12-04 16:00:00,2465,0,3
CALL0000675,+919910426964,+919910426964,2024-08-02 23:00:00,760,0,13
CALL0000676,+919910426964,+919910426964,2024-07-27 11:00:00,1258,0,15
CALL0000677,+919910426964,+919910426964,2024-10-02 01:00:00,2587,1,6
CALL0000678,+919910426964,+919910426964,2024-03-25 17:00:00,653,0,13
CALL0000679,+919910426964,+919910426964,2024-05-26 03:00:00,5245,1,2
CALL0000680,+919910426964,+919910426964,2024-12-18 05:00:00,657,1,11
CALL0000681,+919402108313,+919402108313,2024-12-14 14:00:00,4919,0,5
CALL0000682,+919402108313,+919402108313,2024-01-17 12:00:00,5371,0,11
CALL0000683,+919402108313,+919402108313,2024-11-11 03:00:00,5477,1,15
CALL0000684,+919402108313,+919402108313,2024-10-01 12:00:00,1785,0,2
CALL0000685,+919402108313,+919402108313,2024-08-10 06:00:00,2087,1,12
CALL0000686,+919402108313,+919402108313,2024-03-06 01:00:00,7699,1,12
CALL0000687,+919402108313,+919402108313,2024-04-24 13:00:00,1785,1,14
CALL0000688,+919402108313,+919402108313,2024-10-01 19:00:00,2424,1,4
CALL0000689,+919402108313,+919402108313,2024-10-27 02:00:00,1222,0,10
CALL0000690,+919402108313,+919402108313,2024-01-19 13:00:00,7344,1,10
CALL0000691,+919402108313,+919402108313,2024-07-18 19:00:00,7367,0,4
CALL0000692,+919402108313,+919402108313,2024-02-20 05:00:00,4137,1,10
CALL0000693,+917094232350,+917094232350,2024-01-09 08:00:00,7850,1,10
CALL0000694,+917094232350,+917094232350,2024-07-23 03:00:00,6310,1,4
CALL0000695,+917094232350,+917094232350,2024-03-24 21:00:00,2057,1,11
CALL0000696,+917094232350,+917094232350,2024-10-05 18:00:00,1645,1,14
CALL0000697,+917094232350,+917094232350,2024-08-27 08:00:00,9928,0,3
CALL0000698,+917094232350,+917094232350,2024-09-06 17:00:00,10454,1,6
CALL0000699,+917094232350,+917094232350,2024-07-13 04:00:00,8407,1,5
CALL0000700,+917094232350,+917094232350,2024-07-13 23:00:00,4389,0,9
CALL0000701,+917094232350,+917094232350,2024-07-16 23:00:00,3549,1,8
CALL0000702,+917094232350,+917094232350,2024-01-15 12:00:00,2170,0,7
CALL0000703,+917094232350,+917094232350,2024-12-29 13:00:00,9631,1,4
CALL0000704,+917094232350,+917094232350,2024-02-12 10:00:00,1236,1,13
CALL0000705,+917094232350,+917094232350,2024-09-25 04:00:00,5229,0,9
CALL0000706,+917094232350,+917094232350,2024-04-05 00:00:00,8303,0,14
CALL0000707,+917094232350,+917094232350,2024-10-22 17:00:00,4708,1,7
CALL0000708,+917094232350,+917094232350,2024-09-01 03:00:00,5885,0,13
CALL0000709,+917094232350,+917094232350,2024-05-15 05:00:00,2046,1,13
CALL0000710,+918974581711,+918974581711,2024-07-19 20:00:00,5784,1,9
CALL0000711,+919881714552,+918974581711,2024-05-15 14:00:00,7920,1,8
CALL0000712,+918974581711,+918974581711,2024-12-08 20:00:00,4861,0,11
CALL0000713,+918974581711,+917233005463,2024-10-03 17:00:00,2056,1,6
CALL0000714,+919881714552,+918974581711,2024-12-18 20:00:00,6617,1,2
CALL0000715,+917233005463,+918974581711,2024-02-06 11:00:00,991,0,12
CALL0000716,+918974581711,+918974581711,2024-09-29 01:00:00,3984,1,2
CALL0000717,+918974581711,+918076427164,2024-08-25 12:00:00,1054,0,4
CALL0000718,+918076427164,+918974581711,2024-04-18 12:00:00,3292,1,8
CALL0000719,+917233005463,+919881714552,2024-07-22 13:00:00,10014,1,11
CALL0000720,+918974581711,+919881714552,2024-08-09 21:00:00,3410,1,10
CALL0000721,+918975830620,+918736778052,2024-12-19 06:00:00,2080,0,14
CALL0000722,+918736778052,+918231835908,2024-12-19 15:00:00,9606,1,8
CALL0000723,+919988330728,+918975830620,2024-07-27 04:00:00,9731,1,5
CALL0000724,+918231835908,+918231835908,2024-02-01 19:00:00,5477,0,7
CALL0000725,+918231835908,+918231835908,2024-06-05 19:00:00,4315,1,13
CALL0000726,+918231835908,+918975830620,2024-06-28 03:00:00,4730,1,4
CALL0000727,+919988330728,+918231835908,2024-04-21 06:00:00,2662,1,11
CALL0000728,+918231835908,+918736778052,2024-05-05 13:00:00,5566,1,6
CALL0000729,+918736778052,+918231835908,2024-11-29 04:00:00,10315,1,7
CALL0000730,+918026058212,+918757384988,2024-09-15 05:00:00,10408,1,2
CALL0000731,+918757384988,+918026058212,2024-05-14 22:00:00,9948,1,13
CALL0000732,+918757384988,+918757384988,2024-10-29 23:00:00,5347,0,11
CALL0000733,+918757384988,+918757384988,2024-01-14 00:00:00,3576,0,15
CALL0000734,+918757384988,+918026058212,2024-07-17 23:00:00,7648,0,11
CALL0000735,+918026058212,+918757384988,2024-04-04 18:00:00,10516,1,4
CALL0000736,+918026058212,+918757384988,2024-06-18 15:00:00,2688,1,7
CALL0000737,+918026058212,+918757384988,2024-05-19 14:00:00,3488,0,5
CALL0000738,+918026058212,+918026058212,2024-08-18 11:00:00,6080,0,13
CALL0000739,+918757384988,+918026058212,2024-07-29 09:00:00,3388,0,11
CALL0000740,+919951580039,+918280342532,2024-12-16 22:00:00,6716,0,9
CALL0000741,+919664008244,+919951580039,2024-01-31 23:00:00,4447,0,4
CALL0000742,+918280342532,+919951580039,2024-07-26 09:00:00,6512,1,7
CALL0000743,+918280342532,+919664008244,2024-06-03 06:00:00,10213,1,15
CALL0000744,+919664008244,+919951580039,2024-09-22 18:00:00,10648,0,3
CALL0000745,+919664008244,+918280342532,2024-05-28 11:00:00,9481,1,11
CALL0000746,+919664008244,+919951580039,2024-02-27 13:00:00,3896,1,5
CALL0000747,+918280342532,+919951580039,2024-10-15 23:00:00,2738,1,15
CALL0000748,+919263014023,+917047738549,2024-07-23 18:00:00,9468,0,6
CALL0000749,+917775060817,+919263014023,2024-07-22 23:00:00,2515,1,11
CALL0000750,+917047738549,+919518582906,2024-09-11 10:00:00,8688,1,5
CALL0000751,+919263014023,+919518582906,2024-07-11 20:00:00,3166,1,14
CALL0000752,+919518582906,+917775060817,2024-10-21 21:00:00,5043,1,7
CALL0000753,+917775060817,+919263014023,2024-10-23 18:00:00,8837,0,2
CALL0000754,+919518582906,+917775060817,2024-01-10 18:00:00,10642,1,8
CALL0000755,+919263014023,+917775060817,2024-10-31 19:00:00,9318,0,10
CALL0000756,+917775060817,+917047738549,2024-11-16 10:00:00,7115,0,11
CALL0000757,+917047738549,+919263014023,2024-03-31 08:00:00,7307,0,8
CALL0000758,+917504974205,+917504974205,2024-01-23 14:00:00,709,1,9
CALL0000759,+917504974205,+918970449948,2024-02-03 10:00:00,6936,1,2
CALL0000760,+917504974205,+918970449948,2024-05-14 19:00:00,4275,0,7
CALL0000761,+918970449948,+917504974205,2024-10-05 13:00:00,4861,1,13
CALL0000762,+917504974205,+917504974205,2024-05-22 13:00:00,10181,0,2
CALL0000763,+917504974205,+918970449948,2024-03-23 01:00:00,5703,0,11
CALL0000764,+917504974205,+918970449948,2024-09-01 18:00:00,6290,0,5
CALL0000765,+917504974205,+917504974205,2024-04-11 21:00:00,9806,0,15
CALL0000766,+917273395543,+917273395543,2024-09-15 16:00:00,6629,0,12
CALL0000767,+917273395543,+917273395543,2024-12-30 23:00:00,3465,0,6
CALL0000768,+917273395543,+917273395543,2024-09-05 01:00:00,2564,0,10
CALL0000769,+917273395543,+917273395543,2024-10-24 16:00:00,6801,1,10
CALL0000770,+917273395543,+917273395543,2024-05-03 19:00:00,9125,0,6
CALL0000771,+917273395543,+917273395543,2024-10-22 15:00:00,10782,0,8
CALL0000772,+917273395543,+917273395543,2024-06-09 09:00:00,6934,1,15
CALL0000773,+917273395543,+917273395543,2024-06-06 18:00:00,9681,0,15
CALL0000774,+917273395543,+917273395543,2024-04-23 11:00:00,9509,1,2
CALL0000775,+917273395543,+917273395543,2024-03-29 08:00:00,546,1,4
CALL0000776,+917273395543,+917273395543,2024-01-05 13:00:00,8324,1,8
CALL0000777,+917273395543,+917273395543,2024-05-10 23:00:00,1670,0,12
CALL0000778,+917273395543,+917273395543,2024-12-08 20:00:00,341,1,13
CALL0000779,+917273395543,+917273395543,2024-03-13 11:00:00,2370,0,5
CALL0000780,+917273395543,+917273395543,2024-06-14 19:00:00,4041,1,7
CALL0000781,+917273395543,+917273395543,2024-04-03 14:00:00,7182,1,13
CALL0000782,+917273395543,+917273395543,2024-09-16 06:00:00,8662,1,2
CALL0000783,+917273395543,+917273395543,2024-02-21 08:00:00,10515,1,7
CALL0000784,+919941358118,+917273395543,2024-07-06 04:00:00,10729,1,4
CALL0000785,+917273395543,+917273395543,2024-05-12 13:00:00,2442,1,9
CALL0000786,+917273395543,+919941358118,2024-07-23 07:00:00,1888,0,11
CALL0000787,+919941358118,+917273395543,2024-10-12 15:00:00,2640,0,14
CALL0000788,+917273395543,+919017519158,2024-05-05 04:00:00,1188,1,9
CALL0000789,+917273395543,+919017519158,2024-05-07 00:00:00,3855,0,14
CALL0000790,+917273395543,+919017519158,2024-06-27 20:00:00,4749,0,13
CALL0000791,+919941358118,+919017519158,2024-06-09 03:00:00,10115,0,9
CALL0000792,+919017519158,+919941358118,2024-09-07 04:00:00,7514,1,9
CALL0000793,+919017519158,+919941358118,2024-07-19 13:00:00,770,1,4
CALL0000794,+917273395543,+919017519158,2024-12-22 04:00:00,7436,0,13
CALL0000795,+919406505142,+919406505142,2024-06-13 23:00:00,8018,0,5
CALL0000796,+919406505142,+919406505142,2024-09-09 23:00:00,6341,1,4
CALL0000797,+919406505142,+919406505142,2024-02-05 05:00:00,648,0,5
CALL0000798,+919406505142,+919406505142,2024-03-24 12:00:00,1627,0,8
CALL0000799,+919406505142,+919406505142,2024-01-22 18:00:00,8488,1,2
CALL0000800,+919406505142,+919406505142,2024-06-29 22:00:00,7009,1,5
CALL0000801,+919406505142,+919406505142,2024-08-20 05:00:00,8996,0,3
CALL0000802,+919406505142,+919406505142,2024-10-06 01:00:00,7198,1,2
CALL0000803,+919406505142,+919406505142,2024-07-11 14:00:00,4497,0,11
CALL0000804,+919406505142,+919406505142,2024-02-12 19:00:00,4019,0,6
CALL0000805,+919406505142,+919406505142,2024-11-17 16:00:00,3939,0,15
CALL0000806,+919406505142,+919406505142,2024-10-03 12:00:00,1184,0,11
CALL0000807,+919406505142,+919406505142,2024-04-05 10:00:00,10758,1,6
CALL0000808,+919406505142,+919406505142,2024-04-30 05:00:00,8464,0,12
CALL0000809,+919406505142,+919406505142,2024-12-21 04:00:00,5375,1,11
CALL0000810,+919406505142,+919406505142,2024-08-12 17:00:00,557,1,14
CALL0000811,+919406505142,+919406505142,2024-04-01 08:00:00,10217,0,9
CALL0000812,+919406505142,+919406505142,2024-02-11 20:00:00,5645,0,14
CALL0000813,+919406505142,+919406505142,2024-05-26 15:00:00,6250,1,12
CALL0000814,+919406505142,+919406505142,2024-05-30 23:00:00,5145,0,13
CALL0000815,+919406505142,+919406505142,2024-07-14 12:00:00,8024,1,14
CALL0000816,+919193320307,+919193320307,2024-12-14 01:00:00,7701,0,15
CALL0000817,+919193320307,+919193320307,2024-01-12 00:00:00,4212,1,15
CALL0000818,+919193320307,+919193320307,2024-11-11 18:00:00,9981,0,3
CALL0000819,+919193320307,+919193320307,2024-10-18 22:00:00,9376,0,15
CALL0000820,+919193320307,+919193320307,2024-04-19 22:00:00,489,1,14
CALL0000821,+919193320307,+919193320307,2024-08-24 07:00:00,2762,1,15
CALL0000822,+919193320307,+919193320307,2024-01-29 02:00:00,6043,1,6
CALL0000823,+919193320307,+919193320307,2024-11-24 18:00:00,4202,1,9
CALL0000824,+919193320307,+919193320307,2024-12-23 05:00:00,2247,0,9
CALL0000825,+919193320307,+919193320307,2024-08-19 21:00:00,7535,0,10
CALL0000826,+917945118540,+917945118540,2024-10-18 10:00:00,10450,1,8
CALL0000827,+917945118540,+917945118540,2024-07-13 16:00:00,9166,0,8
CALL0000828,+917945118540,+917945118540,2024-02-01 02:00:00,2534,1,4
CALL0000829,+917945118540,+917945118540,2024-01-16 22:00:00,3252,0,13
CALL0000830,+917945118540,+917945118540,2024-01-30 01:00:00,7461,1,8
CALL0000831,+917945118540,+917945118540,2024-10-26 09:00:00,7933,1,6
CALL0000832,+917945118540,+917945118540,2024-12-19 12:00:00,1357,0,7
CALL0000833,+917945118540,+917945118540,2024-07-25 13:00:00,7209,0,2
CALL0000834,+917945118540,+917945118540,2024-09-09 17:00:00,8476,1,2
CALL0000835,+917945118540,+917945118540,2024-09-09 00:00:00,447,1,8
CALL0000836,+917945118540,+917945118540,2024-12-13 05:00:00,4024,0,14
CALL0000837,+917945118540,+917945118540,2024-07-14 10:00:00,2890,0,13
CALL0000838,+919402108313,+919402108313,2024-01-03 08:00:00,892,0,9
CALL0000839,+919402108313,+919402108313,2024-04-28 07:00:00,6395,0,4
CALL0000840,+919066100589,+919402108313,2024-08-01 02:00:00,5024,1,12
CALL0000841,+919402108313,+919402108313,2024-05-18 07:00:00,6556,0,2
CALL0000842,+919402108313,+919402108313,2024-03-24 22:00:00,6536,0,12
CALL0000843,+919402108313,+919402108313,2024-05-05 13:00:00,10528,1,4
CALL0000844,+919402108313,+919066100589,2024-12-28 00:00:00,4991,1,6
CALL0000845,+919402108313,+919402108313,2024-01-13 19:00:00,1074,1,14
CALL0000846,+919402108313,+919402108313,2024-11-14 19:00:00,9481,0,13
CALL0000847,+919402108313,+919402108313,2024-09-26 00:00:00,10446,1,15
CALL0000848,+919402108313,+919402108313,2024-03-14 21:00:00,1521,0,8
CALL0000849,+919402108313,+919066100589,2024-06-04 23:00:00,9758,1,13
CALL0000850,+919402108313,+919066100589,2024-04-20 20:00:00,3724,0,14
CALL0000851,+919402108313,+919402108313,2024-12-05 09:00:00,7876,1,13
CALL0000852,+919402108313,+919402108313,2024-09-12 07:00:00,1191,0,14
CALL0000853,+919402108313,+919402108313,2024-10-29 12:00:00,9047,1,2
CALL0000854,+919402108313,+919402108313,2024-04-03 12:00:00,10430,0,10
CALL0000855,+919402108313,+919402108313,2024-06-01 10:00:00,3423,0,13
CALL0000856,+919402108313,+919402108313,2024-05-28 22:00:00,8616,1,12
CALL0000857,+919402108313,+919066100589,2024-11-25 10:00:00,5393,1,7
CALL0000858,+919402108313,+919402108313,2024-02-01 01:00:00,9651,1,15
CALL0000859,+919402108313,+919066100589,2024-01-26 06:00:00,10086,1,6
CALL0000860,+919402108313,+919402108313,2024-08-30 08:00:00,8317,1,6
CALL0000861,+917170547465,+919208491825,2024-10-24 06:00:00,4248,0,14
CALL0000862,+919208491825,+919208491825,2024-05-20 03:00:00,350,1,12
CALL0000863,+919208491825,+917170547465,2024-02-20 23:00:00,9705,0,3
CALL0000864,+919208491825,+917170547465,2024-07-07 02:00:00,8838,0,4
CALL0000865,+917769722785,+918517068141,2024-11-04 06:00:00,10650,1,15
CALL0000866,+918517068141,+917769722785,2024-08-13 13:00:00,3502,0,10
CALL0000867,+917769722785,+917769722785,2024-08-23 22:00:00,6986,1,8
CALL0000868,+918517068141,+917769722785,2024-02-14 01:00:00,824,1,7
CALL0000869,+917769722785,+917769722785,2024-12-15 15:00:00,7006,1,13
CALL0000870,+917769722785,+918517068141,2024-09-06 07:00:00,1276,1,6
CALL0000871,+917769722785,+917769722785,2024-05-26 17:00:00,6830,1,6
CALL0000872,+917769722785,+917769722785,2024-11-13 13:00:00,3337,0,2
CALL0000873,+918517068141,+917769722785,2024-12-11 16:00:00,10008,1,4
CALL0000874,+917769722785,+918517068141,2024-03-06 08:00:00,4910,0,11
CALL0000875,+917769722785,+917769722785,2024-01-29 22:00:00,4427,1,3
CALL0000876,+917161259211,+917161259211,2024-08-15 06:00:00,7890,1,9
CALL0000877,+917161259211,+917161259211,2024-05-05 21:00:00,8642,1,14
CALL0000878,+917161259211,+917161259211,2024-07-24 20:00:00,8258,1,7
CALL0000879,+917161259211,+917161259211,2024-02-29 08:00:00,4089,0,15
CALL0000880,+917161259211,+917161259211,2024-08-10 08:00:00,1079,1,8
CALL0000881,+917161259211,+917161259211,2024-06-02 12:00:00,6643,0,2
CALL0000882,+917161259211,+917161259211,2024-07-19 00:00:00,7280,1,8
CALL0000883,+917161259211,+917161259211,2024-12-23 15:00:00,9615,1,8
CALL0000884,+917161259211,+917161259211,2024-05-14 19:00:00,8198,1,11
CALL0000885,+917161259211,+917161259211,2024-06-05 20:00:00,1299,1,15
CALL0000886,+917161259211,+917161259211,2024-09-09 10:00:00,383,1,8
CALL0000887,+917161259211,+917161259211,2024-09-25 02:00:00,8616,0,15
CALL0000888,+917161259211,+917161259211,2024-07-18 17:00:00,7212,0,8
CALL0000889,+917161259211,+917161259211,2024-04-24 04:00:00,1448,0,8
CALL0000890,+917161259211,+917161259211,2024-06-04 05:00:00,4587,1,12
CALL0000891,+917161259211,+917161259211,2024-07-06 11:00:00,6106,0,11
CALL0000892,+917161259211,+917161259211,2024-02-21 21:00:00,3861,0,11
CALL0000893,+917161259211,+917161259211,2024-11-08 15:00:00,3874,1,12
CALL0000894,+917993139680,+917993139680,2024-02-28 19:00:00,7249,0,11
CALL0000895,+917993139680,+917993139680,2024-03-04 01:00:00,7163,0,8
CALL0000896,+917993139680,+917993139680,2024-12-11 12:00:00,1637,1,8
CALL0000897,+917993139680,+917993139680,2024-12-12 17:00:00,6993,0,11
CALL0000898,+917993139680,+917993139680,2024-05-24 03:00:00,6478,0,8
CALL0000899,+917993139680,+917993139680,2024-04-08 16:00:00,5822,1,9
CALL0000900,+917993139680,+917993139680,2024-05-06 20:00:00,10414,0,11
CALL0000901,+917993139680,+917993139680,2024-08-16 15:00:00,3814,1,3
CALL0000902,+917993139680,+917993139680,2024-08-06 20:00:00,2215,0,15
CALL0000903,+917993139680,+917993139680,2024-04-10 03:00:00,9551,1,7
CALL0000904,+917993139680,+917993139680,2024-08-12 03:00:00,3129,1,5
CALL0000905,+917993139680,+917993139680,2024-08-27 18:00:00,7001,1,4
CALL0000906,+917993139680,+917993139680,2024-10-02 00:00:00,5727,0,8
CALL0000907,+917993139680,+917993139680,2024-04-17 03:00:00,1742,1,6
CALL0000908,+917993139680,+917993139680,2024-06-20 00:00:00,565,0,9
CALL0000909,+917993139680,+917993139680,2024-11-26 06:00:00,1193,0,2
CALL0000910,+917993139680,+917993139680,2024-04-01 16:00:00,8987,1,5
CALL0000911,+917993139680,+917993139680,2024-03-21 08:00:00,3217,0,7
CALL0000912,+917993139680,+917993139680,2024-12-09 10:00:00,3385,1,9
CALL0000913,+917993139680,+917993139680,2024-11-08 07:00:00,1931,1,5
CALL0000914,+917993139680,+917993139680,2024-01-02 20:00:00,7452,0,6
CALL0000915,+917993139680,+917993139680,2024-07-16 06:00:00,3589,0,4
CALL0000916,+919751814168,+918456854294,2024-11-10 09:00:00,1318,1,10
CALL0000917,+919751814168,+919751814168,2024-08-04 18:00:00,6881,0,13
CALL0000918,+918456854294,+919751814168,2024-11-30 11:00:00,5575,0,7
CALL0000919,+919751814168,+918456854294,2024-08-21 07:00:00,10179,0,4
CALL0000920,+919751814168,+919751814168,2024-09-30 23:00:00,2574,1,12
CALL0000921,+919751814168,+919751814168,2024-08-09 19:00:00,559,1,8
CALL0000922,+919751814168,+918456854294,2024-05-01 10:00:00,10568,1,12
CALL0000923,+918456854294,+919751814168,2024-01-23 21:00:00,1506,1,7
CALL0000924,+919751814168,+918456854294,2024-02-01 23:00:00,8623,0,4
CALL0000925,+917086585003,+917086585003,2024-09-01 11:00:00,5293,1,7
CALL0000926,+917086585003,+917086585003,2024-02-19 15:00:00,7859,1,13
CALL0000927,+917086585003,+917086585003,2024-08-23 05:00:00,6608,0,5
CALL0000928,+917086585003,+917086585003,2024-12-06 02:00:00,2928,1,7
CALL0000929,+917086585003,+917086585003,2024-03-27 18:00:00,4507,0,7
CALL0000930,+917086585003,+917086585003,2024-01-01 12:00:00,1460,0,15
CALL0000931,+917086585003,+917086585003,2024-02-09 10:00:00,10727,0,2
CALL0000932,+917086585003,+917086585003,2024-07-14 07:00:00,3408,0,15
CALL0000933,+917086585003,+917086585003,2024-05-10 16:00:00,1788,0,14
CALL0000934,+917086585003,+917086585003,2024-06-11 05:00:00,381,0,8
CALL0000935,+917086585003,+917086585003,2024-12-04 01:00:00,1939,0,12
CALL0000936,+917086585003,+917086585003,2024-01-09 09:00:00,8108,1,3
CALL0000937,+917086585003,+917086585003,2024-08-16 03:00:00,6655,1,2
CALL0000938,+917086585003,+917086585003,2024-12-04 21:00:00,9359,1,12
CALL0000939,+919678011052,+919678011052,2024-01-13 09:00:00,7089,1,9
CALL0000940,+919678011052,+919678011052,2024-05-14 21:00:00,4076,1,9
CALL0000941,+919678011052,+919678011052,2024-04-15 16:00:00,9172,0,14
CALL0000942,+919678011052,+919678011052,2024-07-10 17:00:00,10224,1,2
CALL0000943,+919678011052,+919678011052,2024-05-08 17:00:00,6583,0,8
CALL0000944,+919678011052,+919678011052,2024-07-09 09:00:00,6652,1,5
CALL0000945,+919678011052,+919678011052,2024-11-06 02:00:00,2326,1,15
CALL0000946,+919678011052,+919678011052,2024-11-19 23:00:00,300,1,11
CALL0000947,+919678011052,+919678011052,2024-07-08 14:00:00,10164,0,15
CALL0000948,+919678011052,+919678011052,2024-09-29 23:00:00,5750,1,13
CALL0000949,+919678011052,+919678011052,2024-05-09 22:00:00,9173,1,2
CALL0000950,+919678011052,+919678011052,2024-08-25 15:00:00,843,1,7
CALL0000951,+919678011052,+919678011052,2024-12-12 15:00:00,2147,1,9
CALL0000952,+919678011052,+919678011052,2024-09-19 20:00:00,10411,0,3
CALL0000953,+919678011052,+919678011052,2024-12-21 17:00:00,1991,1,2
CALL0000954,+919678011052,+919678011052,2024-07-01 17:00:00,5692,0,8
CALL0000955,+919193320307,+919193320307,2024-03-25 19:00:00,9913,0,8
CALL0000956,+919193320307,+919193320307,2024-07-29 07:00:00,10040,1,2
CALL0000957,+919193320307,+919193320307,2024-05-31 06:00:00,6349,0,2
CALL0000958,+919193320307,+919193320307,2024-03-12 10:00:00,6523,1,13
CALL0000959,+919193320307,+919193320307,2024-10-08 07:00:00,1374,1,9
CALL0000960,+919193320307,+917320415447,2024-10-29 01:00:00,6016,1,2
CALL0000961,+919193320307,+919193320307,2024-03-27 21:00:00,6494,0,3
CALL0000962,+919193320307,+919193320307,2024-01-17 06:00:00,10657,0,6
CALL0000963,+919193320307,+919193320307,2024-01-08 06:00:00,8714,0,13
CALL0000964,+919193320307,+919193320307,2024-09-10 00:00:00,3207,0,2
CALL0000965,+919193320307,+917320415447,2024-01-02 13:00:00,4846,0,10
CALL0000966,+919193320307,+919193320307,2024-08-09 03:00:00,4519,1,11
CALL0000967,+919193320307,+919193320307,2024-06-18 00:00:00,3881,0,9
CALL0000968,+919193320307,+917320415447,2024-01-18 22:00:00,9793,0,5
CALL0000969,+919193320307,+919193320307,2024-07-12 21:00:00,8775,0,7
CALL0000970,+919193320307,+919193320307,2024-12-29 07:00:00,6663,0,2
CALL0000971,+919193320307,+919193320307,2024-02-02 16:00:00,2646,0,10
CALL0000972,+919193320307,+919193320307,2024-01-17 15:00:00,8640,0,7
CALL0000973,+919193320307,+919193320307,2024-07-21 20:00:00,3397,1,12
CALL0000974,+917320415447,+919193320307,2024-05-25 17:00:00,9268,1,14
CALL0000975,+917320415447,+919193320307,2024-05-29 05:00:00,8917,0,7
CALL0000976,+919193320307,+919193320307,2024-01-05 00:00:00,1267,1,12
CALL0000977,+919193320307,+919193320307,2024-12-20 03:00:00,4994,0,13
CALL0000978,+919193320307,+919193320307,2024-11-13 21:00:00,10705,0,12
CALL0000979,+919193320307,+919193320307,2024-07-04 23:00:00,9011,1,5
CALL0000980,+918678948135,+918678948135,2024-01-16 19:00:00,10239,1,7
CALL0000981,+918678948135,+918678948135,2024-10-16 02:00:00,9069,0,10
CALL0000982,+918678948135,+919162969084,2024-04-30 19:00:00,4753,0,15
CALL0000983,+918678948135,+918678948135,2024-08-13 15:00:00,3875,1,7
CALL0000984,+918678948135,+918678948135,2024-12-14 14:00:00,6512,0,14
CALL0000985,+919162969084,+918678948135,2024-01-25 10:00:00,9514,0,15
CALL0000986,+918678948135,+918678948135,2024-05-18 13:00:00,6295,1,9
CALL0000987,+918678948135,+918678948135,2024-02-12 21:00:00,935,1,11
CALL0000988,+918678948135,+919162969084,2024-03-04 18:00:00,3529,0,7
CALL0000989,+918678948135,+918678948135,2024-05-07 17:00:00,6096,1,9
CALL0000990,+919162969084,+918678948135,2024-03-14 15:00:00,10608,1,14
CALL0000991,+918170103262,+919297095900,2024-07-31 02:00:00,8812,1,6
CALL0000992,+918170103262,+918170103262,2024-05-09 18:00:00,6546,1,11
CALL0000993,+918170103262,+918170103262,2024-11-09 15:00:00,4160,0,7
CALL0000994,+918170103262,+919297095900,2024-10-18 22:00:00,10562,1,5
CALL0000995,+919460403739,+918170103262,2024-08-02 00:00:00,10127,0,11
CALL0000996,+918170103262,+919297095900,2024-09-23 01:00:00,7225,1,7
CALL0000997,+918170103262,+918170103262,2024-08-25 22:00:00,7226,1,4
CALL0000998,+918205926504,+918983704927,2024-03-15 03:00:00,2923,0,11
CALL0000999,+918799998040,+918983704927,2024-09-16 06:00:00,10700,1,5
CALL0001000,+918799998040,+918983704927,2024-06-30 11:00:00,6483,0,3
CALL0001001,+918205926504,+918983704927,2024-10-11 20:00:00,2858,1,3
CALL0001002,+918205926504,+918799998040,2024-10-06 12:00:00,10613,1,9
CALL0001003,+918799998040,+918205926504,2024-08-28 12:00:00,1093,1,12
CALL0001004,+918983704927,+917548784263,2024-11-24 07:00:00,1760,1,6
CALL0001005,+918983704927,+917515023551,2024-08-04 13:00:00,5494,0,6
CALL0001006,+918799998040,+917515023551,2024-11-21 07:00:00,4163,1,15
CALL0001007,+917515023551,+918983704927,2024-11-12 09:00:00,9568,0,5
CALL0001008,+917515023551,+918205926504,2024-06-07 12:00:00,1383,1,5
CALL0001009,+918983704927,+917515023551,2024-07-16 15:00:00,429,1,7
CALL0001010,+917020532001,+919747056729,2024-03-05 04:00:00,6960,1,12
CALL0001011,+917020532001,+919747056729,2024-11-21 23:00:00,8903,1,2
CALL0001012,+917020532001,+919747056729,2024-02-08 15:00:00,8714,0,8
CALL0001013,+919747056729,+918071867318,2024-12-09 01:00:00,5901,1,8
CALL0001014,+917641829398,+918071867318,2024-01-05 19:00:00,2675,0,12
CALL0001015,+918071867318,+919747056729,2024-02-13 06:00:00,9663,0,4
CALL0001016,+917020532001,+917641829398,2024-01-18 08:00:00,2631,1,12
CALL0001017,+917641829398,+918071867318,2024-08-12 15:00:00,3040,1,3
CALL0001018,+917656782139,+917656782139,2024-03-07 11:00:00,3991,0,6
CALL0001019,+917656782139,+917656782139,2024-11-06 18:00:00,5413,0,9
CALL0001020,+917656782139,+917656782139,2024-02-07 23:00:00,5356,1,13
CALL0001021,+917656782139,+917656782139,2024-07-22 14:00:00,1212,0,6
CALL0001022,+917656782139,+917656782139,2024-01-12 05:00:00,5972,0,3
CALL0001023,+917656782139,+917656782139,2024-11-01 15:00:00,6876,0,9
CALL0001024,+917656782139,+917656782139,2024-08-09 17:00:00,10161,0,11
CALL0001025,+917656782139,+917656782139,2024-08-29 18:00:00,6113,1,5
CALL0001026,+917656782139,+917656782139,2024-08-09 06:00:00,1946,1,2
CALL0001027,+917656782139,+917656782139,2024-11-28 00:00:00,5139,0,12
CALL0001028,+917656782139,+917656782139,2024-04-03 11:00:00,1414,0,9
CALL0001029,+917656782139,+917656782139,2024-11-02 19:00:00,3188,1,14
CALL0001030,+917395794230,+917814751598,2024-03-05 09:00:00,10305,0,6
CALL0001031,+917395794230,+917395794230,2024-12-20 09:00:00,8057,1,3
CALL0001032,+917395794230,+917395794230,2024-03-10 16:00:00,1736,1,7
CALL0001033,+917814751598,+917395794230,2024-01-01 22:00:00,4196,0,8
CALL0001034,+917395794230,+917395794230,2024-11-02 07:00:00,6919,1,12
CALL0001035,+917395794230,+917395794230,2024-04-28 19:00:00,1737,0,14
CALL0001036,+917395794230,+917814751598,2024-11-25 01:00:00,9973,1,10
CALL0001037,+917395794230,+917395794230,2024-08-08 12:00:00,5171,0,2
CALL0001038,+917395794230,+917395794230,2024-04-11 05:00:00,7318,0,15
CALL0001039,+917395794230,+917395794230,2024-10-14 07:00:00,10332,0,15
CALL0001040,+917395794230,+917395794230,2024-03-06 04:00:00,5787,0,8
CALL0001041,+919565982361,+919565982361,2024-05-24 01:00:00,7187,1,5
CALL0001042,+919565982361,+919565982361,2024-03-29 22:00:00,1774,1,2
CALL0001043,+917203530883,+919565982361,2024-03-16 11:00:00,2420,1,15
CALL0001044,+919565982361,+919565982361,2024-09-06 01:00:00,5527,0,12
CALL0001045,+919565982361,+917203530883,2024-02-04 03:00:00,8522,1,12
CALL0001046,+919565982361,+919565982361,2024-02-03 23:00:00,9381,1,15
CALL0001047,+919565982361,+919565982361,2024-01-24 09:00:00,7377,0,10
CALL0001048,+919565982361,+919565982361,2024-10-10 22:00:00,8341,1,8
CALL0001049,+919565982361,+919565982361,2024-04-19 13:00:00,5697,1,15
CALL0001050,+919565982361,+919565982361,2024-01-27 19:00:00,10507,1,4
CALL0001051,+919565982361,+919565982361,2024-04-12 23:00:00,4323,1,6
CALL0001052,+919565982361,+917203530883,2024-01-28 23:00:00,421,1,10
CALL0001053,+919565982361,+919565982361,2024-09-05 01:00:00,2408,0,15
CALL0001054,+919565982361,+919565982361,2024-09-17 18:00:00,8331,0,4
CALL0001055,+919565982361,+919565982361,2024-05-10 06:00:00,1998,0,13
CALL0001056,+917203530883,+919565982361,2024-10-03 13:00:00,3410,1,7
CALL0001057,+919565982361,+919565982361,2024-12-05 09:00:00,6467,0,11
CALL0001058,+919565982361,+919565982361,2024-02-03 12:00:00,9600,1,12
CALL0001059,+919565982361,+919565982361,2024-02-12 17:00:00,7348,0,7
CALL0001060,+919565982361,+917203530883,2024-09-07 00:00:00,5263,1,7
CALL0001061,+919565982361,+919565982361,2024-12-26 12:00:00,5156,1,4
CALL0001062,+919565982361,+919565982361,2024-02-09 00:00:00,3853,1,5
CALL0001063,+919565982361,+919565982361,2024-06-03 23:00:00,10275,1,2
CALL0001064,+919565982361,+919565982361,2024-05-20 02:00:00,7218,1,14
CALL0001065,+919565982361,+919565982361,2024-06-11 03:00:00,812,0,6
CALL0001066,+919565982361,+919565982361,2024-07-13 18:00:00,9307,1,3
CALL0001067,+919565982361,+919565982361,2024-08-24 14:00:00,2884,0,7
CALL0001068,+919565982361,+919565982361,2024-07-06 07:00:00,2845,1,6
CALL0001069,+917481978629,+918819059112,2024-10-25 23:00:00,3072,1,14
CALL0001070,+918819059112,+917481978629,2024-02-20 02:00:00,3569,1,14
CALL0001071,+918819059112,+917776890842,2024-06-26 13:00:00,8891,0,3
CALL0001072,+917481978629,+917776890842,2024-03-14 10:00:00,2922,1,5
CALL0001073,+917395794230,+918819059112,2024-06-19 12:00:00,7166,0,8
CALL0001074,+917776890842,+917481978629,2024-06-24 12:00:00,6279,0,4
CALL0001075,+917776890842,+917395794230,2024-03-11 02:00:00,368,1,11
CALL0001076,+918819059112,+917776890842,2024-08-29 12:00:00,10158,0,6
CALL0001077,+917776890842,+917481978629,2024-08-14 10:00:00,2474,1,8
CALL0001078,+918167558379,+918167558379,2024-10-10 09:00:00,4821,0,11
CALL0001079,+918167558379,+918167558379,2024-07-09 19:00:00,1289,0,13
CALL0001080,+918167558379,+918167558379,2024-12-24 02:00:00,2441,0,7
CALL0001081,+918167558379,+918167558379,2024-01-04 19:00:00,6858,1,7
CALL0001082,+918167558379,+918167558379,2024-06-29 01:00:00,7022,0,10
CALL0001083,+918167558379,+918167558379,2024-05-27 01:00:00,1178,0,8
CALL0001084,+918167558379,+918167558379,2024-03-22 14:00:00,2661,0,9
CALL0001085,+918167558379,+918167558379,2024-02-05 19:00:00,8501,1,6
CALL0001086,+918167558379,+918167558379,2024-08-30 02:00:00,5200,0,8
CALL0001087,+918235518340,+917966564630,2024-11-22 14:00:00,3359,1,4
CALL0001088,+917966564630,+917966564630,2024-04-23 19:00:00,9582,0,3
CALL0001089,+917966564630,+917966564630,2024-10-29 17:00:00,3278,0,11
CALL0001090,+917966564630,+917966564630,2024-08-07 15:00:00,6771,1,11
CALL0001091,+917966564630,+917966564630,2024-02-11 21:00:00,2459,1,6
CALL0001092,+917966564630,+918235518340,2024-05-21 22:00:00,5568,0,6
CALL0001093,+917966564630,+917966564630,2024-10-24 19:00:00,7056,1,5
CALL0001094,+918235518340,+917966564630,2024-06-05 09:00:00,7218,1,14
CALL0001095,+919936245269,+919936245269,2024-04-23 23:00:00,10415,1,11
CALL0001096,+919936245269,+919936245269,2024-04-05 08:00:00,4534,1,14
CALL0001097,+919936245269,+919936245269,2024-07-08 17:00:00,7422,0,5
CALL0001098,+919936245269,+919936245269,2024-11-18 09:00:00,4450,0,14
CALL0001099,+919936245269,+919936245269,2024-07-22 21:00:00,7756,1,14
CALL0001100,+919936245269,+919936245269,2024-10-26 03:00:00,6577,1,12
CALL0001101,+919936245269,+919936245269,2024-01-30 19:00:00,10351,0,15
CALL0001102,+919936245269,+919936245269,2024-06-19 23:00:00,826,1,11
CALL0001103,+919936245269,+919936245269,2024-07-18 05:00:00,6530,1,12
CALL0001104,+919936245269,+919936245269,2024-06-27 23:00:00,10307,1,3
CALL0001105,+919936245269,+919936245269,2024-05-02 03:00:00,9523,1,14
CALL0001106,+919409271692,+918961641078,2024-10-04 21:00:00,9740,1,14
CALL0001107,+918961641078,+918961641078,2024-12-23 03:00:00,2234,0,7
CALL0001108,+918961641078,+918961641078,2024-07-11 05:00:00,6300,1,9
CALL0001109,+917910766741,+918961641078,2024-03-04 08:00:00,7203,1,14
CALL0001110,+918961641078,+918961641078,2024-03-04 04:00:00,9800,1,12
CALL0001111,+919425383611,+918961641078,2024-11-29 07:00:00,1927,1,12
CALL0001112,+918961641078,+917910766741,2024-08-15 18:00:00,10702,1,4
CALL0001113,+919425383611,+919409271692,2024-05-25 21:00:00,7371,0,3
CALL0001114,+918961641078,+918961641078,2024-04-25 01:00:00,4285,0,11
CALL0001115,+918961641078,+917910766741,2024-01-03 11:00:00,9903,0,6
CALL0001116,+918961641078,+919409271692,2024-01-12 01:00:00,6106,0,10
CALL0001117,+919409271692,+918961641078,2024-02-29 04:00:00,1825,1,7
CALL0001118,+919425383611,+918961641078,2024-08-28 15:00:00,3635,1,11
CALL0001119,+919425383611,+918961641078,2024-10-29 16:00:00,2915,1,8
CALL0001120,+919406505142,+919406505142,2024-06-23 15:00:00,2413,1,10
CALL0001121,+919406505142,+918855900453,2024-03-25 01:00:00,6856,0,10
CALL0001122,+919406505142,+919406505142,2024-11-15 23:00:00,2185,1,3
CALL0001123,+919406505142,+918855900453,2024-03-11 19:00:00,2589,0,3
CALL0001124,+919406505142,+918543949490,2024-01-25 09:00:00,2906,0,10
CALL0001125,+919406505142,+919406505142,2024-06-27 08:00:00,9954,1,2
CALL0001126,+919406505142,+919406505142,2024-06-24 13:00:00,1012,1,4
CALL0001127,+919406505142,+919406505142,2024-07-20 08:00:00,1811,0,11
CALL0001128,+919406505142,+919406505142,2024-10-12 12:00:00,1969,1,2
CALL0001129,+918855900453,+919406505142,2024-07-11 10:00:00,706,0,4
CALL0001130,+919406505142,+919406505142,2024-01-16 21:00:00,565,1,6
CALL0001131,+918855900453,+919406505142,2024-02-10 22:00:00,1346,1,4
CALL0001132,+918543949490,+919406505142,2024-06-04 05:00:00,9869,1,9
CALL0001133,+918543949490,+919406505142,2024-06-14 02:00:00,4389,1,12
CALL0001134,+918855900453,+918543949490,2024-11-19 06:00:00,2466,1,4
CALL0001135,+919406505142,+919406505142,2024-05-21 11:00:00,4636,1,7
CALL0001136,+919406505142,+919406505142,2024-10-13 23:00:00,7485,1,6
CALL0001137,+919406505142,+919406505142,2024-10-12 08:00:00,6531,0,12
CALL0001138,+919406505142,+919406505142,2024-11-18 16:00:00,7980,0,11
CALL0001139,+919406505142,+919406505142,2024-07-06 04:00:00,6267,0,4
CALL0001140,+919406505142,+919406505142,2024-12-09 05:00:00,4204,0,3
CALL0001141,+919907296942,+919907296942,2024-03-09 08:00:00,8817,1,4
CALL0001142,+919907296942,+918963753290,2024-01-29 06:00:00,7164,1,14
CALL0001143,+919907296942,+917463189834,2024-09-22 13:00:00,3866,1,5
CALL0001144,+919907296942,+917463189834,2024-07-07 22:00:00,8048,1,9
CALL0001145,+917463189834,+919907296942,2024-10-24 13:00:00,3179,1,5
CALL0001146,+917463189834,+919907296942,2024-02-01 23:00:00,7187,0,12
CALL0001147,+918963753290,+917463189834,2024-10-03 07:00:00,3022,1,7
CALL0001148,+919907296942,+917463189834,2024-09-23 09:00:00,5730,1,4
CALL0001149,+919907296942,+919907296942,2024-04-14 16:00:00,2987,0,14
CALL0001150,+917463189834,+919907296942,2024-03-18 11:00:00,9846,0,9
CALL0001151,+919907296942,+917463189834,2024-09-04 19:00:00,3207,1,13
CALL0001152,+919907296942,+917463189834,2024-02-06 19:00:00,4329,0,5
CALL0001153,+917463189834,+917463189834,2024-04-01 18:00:00,4053,0,14
CALL0001154,+918963753290,+917463189834,2024-07-08 13:00:00,9275,1,11
CALL0001155,+919798007223,+917224695426,2024-08-07 23:00:00,10107,1,2
CALL0001156,+919798007223,+919798007223,2024-09-13 05:00:00,6184,0,6
CALL0001157,+919798007223,+919798007223,2024-12-29 01:00:00,8011,1,9
CALL0001158,+919798007223,+919798007223,2024-02-26 04:00:00,10163,1,2
CALL0001159,+919798007223,+919798007223,2024-07-20 20:00:00,5879,1,12
CALL0001160,+919798007223,+919914720343,2024-11-20 13:00:00,955,0,3
CALL0001161,+919798007223,+919798007223,2024-04-03 04:00:00,7171,0,13
CALL0001162,+917224695426,+919798007223,2024-10-22 21:00:00,8694,0,15
CALL0001163,+918510509908,+919798007223,2024-11-19 18:00:00,1614,1,12
CALL0001164,+919914720343,+918510509908,2024-11-28 07:00:00,2176,1,6
CALL0001165,+919798007223,+919798007223,2024-04-02 04:00:00,7786,0,4
CALL0001166,+919798007223,+919914720343,2024-02-08 21:00:00,2308,1,7
CALL0001167,+919798007223,+918510509908,2024-07-23 17:00:00,8542,1,5
CALL0001168,+918510509908,+919914720343,2024-11-07 14:00:00,6480,1,7
CALL0001169,+919798007223,+919798007223,2024-07-20 15:00:00,3428,1,11
CALL0001170,+918510509908,+919798007223,2024-02-06 10:00:00,8238,1,5
CALL0001171,+919798007223,+919798007223,2024-10-28 21:00:00,9797,0,15
CALL0001172,+918251273196,+918251273196,2024-06-29 01:00:00,7919,0,12
CALL0001173,+919276974051,+918251273196,2024-10-21 13:00:00,7804,0,11
CALL0001174,+919276974051,+918251273196,2024-06-05 13:00:00,2538,0,10
CALL0001175,+918251273196,+918251273196,2024-06-12 14:00:00,710,0,15
CALL0001176,+919276974051,+918251273196,2024-05-01 03:00:00,9236,1,13
CALL0001177,+918251273196,+919276974051,2024-04-18 19:00:00,2278,0,12
CALL0001178,+918251273196,+918251273196,2024-02-22 21:00:00,4339,0,9
CALL0001179,+918251273196,+918251273196,2024-09-29 22:00:00,2494,1,11
CALL0001180,+918251273196,+919276974051,2024-08-11 14:00:00,9477,0,4
CALL0001181,+918251273196,+918251273196,2024-05-25 04:00:00,5882,1,7
CALL0001182,+918251273196,+918251273196,2024-03-11 23:00:00,7744,1,10
CALL0001183,+918251273196,+918251273196,2024-09-22 01:00:00,2075,0,3
CALL0001184,+918251273196,+918251273196,2024-11-25 12:00:00,7142,1,5
CALL0001185,+918251273196,+918251273196,2024-01-25 18:00:00,7921,1,13
CALL0001186,+918251273196,+918251273196,2024-05-16 03:00:00,6491,1,5
CALL0001187,+918251273196,+919276974051,2024-08-11 01:00:00,3432,0,5
CALL0001188,+918251273196,+918251273196,2024-02-01 20:00:00,3449,1,9
CALL0001189,+918251273196,+919276974051,2024-09-30 00:00:00,6886,1,5
CALL0001190,+918251273196,+918251273196,2024-03-19 10:00:00,5936,1,4
CALL0001191,+918303804595,+918303804595,2024-09-15 05:00:00,2708,0,11
CALL0001192,+918303804595,+917832098616,2024-06-16 22:00:00,6414,1,3
CALL0001193,+917832098616,+918303804595,2024-07-18 09:00:00,6649,1,3
CALL0001194,+918303804595,+917832098616,2024-10-15 15:00:00,2319,1,2
CALL0001195,+917832098616,+918303804595,2024-10-07 02:00:00,5626,1,3
CALL0001196,+918303804595,+917832098616,2024-11-16 22:00:00,3748,0,2
CALL0001197,+918303804595,+918303804595,2024-10-16 21:00:00,4897,1,4
CALL0001198,+917832098616,+918303804595,2024-06-28 07:00:00,996,1,15
CALL0001199,+917832098616,+918303804595,2024-04-18 05:00:00,8643,0,15
CALL0001200,+917832098616,+918303804595,2024-03-05 15:00:00,1787,0,2
CALL0001201,+918303804595,+917832098616,2024-05-02 07:00:00,6756,1,9
CALL0001202,+918303804595,+918303804595,2024-07-30 10:00:00,381,0,12
CALL0001203,+919193320307,+919193320307,2024-06-24 05:00:00,9738,0,7
CALL0001204,+919193320307,+919193320307,2024-10-31 12:00:00,10256,1,8
CALL0001205,+919193320307,+919193320307,2024-06-27 09:00:00,5161,1,11
CALL0001206,+919193320307,+919193320307,2024-04-22 01:00:00,3845,0,11
CALL0001207,+918850485523,+918850485523,2024-10-21 07:00:00,8515,1,10
CALL0001208,+918733940640,+918850485523,2024-06-18 19:00:00,4560,1,9
CALL0001209,+918850485523,+918733940640,2024-03-13 02:00:00,8047,0,6
CALL0001210,+918850485523,+918850485523,2024-02-29 19:00:00,10452,1,4
CALL0001211,+918733940640,+918850485523,2024-04-07 16:00:00,7838,0,9
CALL0001212,+918850485523,+918850485523,2024-03-16 05:00:00,870,1,13
CALL0001213,+918733940640,+918850485523,2024-02-08 22:00:00,1100,0,9
CALL0001214,+918850485523,+918850485523,2024-01-31 02:00:00,4552,1,6
CALL0001215,+918850485523,+918850485523,2024-03-31 07:00:00,3828,1,12
CALL0001216,+918850485523,+918850485523,2024-04-24 06:00:00,1282,0,12
CALL0001217,+918850485523,+918733940640,2024-05-30 12:00:00,1175,1,15
CALL0001218,+918850485523,+918850485523,2024-12-04 08:00:00,6425,1,4
CALL0001219,+918850485523,+918850485523,2024-12-29 04:00:00,8723,1,10
CALL0001220,+918733940640,+918733940640,2024-04-28 01:00:00,3511,1,5
CALL0001221,+918850485523,+918850485523,2024-04-27 11:00:00,2726,0,10
CALL0001222,+918733940640,+918850485523,2024-02-08 17:00:00,10586,0,15
CALL0001223,+918733940640,+918733940640,2024-04-15 12:00:00,2993,1,12
CALL0001224,+918733940640,+918733940640,2024-11-09 08:00:00,3895,0,2
CALL0001225,+918850485523,+918733940640,2024-10-24 04:00:00,9368,0,9
CALL0001226,+918733940640,+918850485523,2024-08-27 08:00:00,9833,0,11
CALL0001227,+918733940640,+918733940640,2024-10-23 05:00:00,9486,1,5
CALL0001228,+917604250261,+917604250261,2024-05-08 19:00:00,7353,0,6
CALL0001229,+917604250261,+917604250261,2024-12-10 12:00:00,1114,0,9
CALL0001230,+917604250261,+917604250261,2024-01-15 09:00:00,9061,1,8
CALL0001231,+917604250261,+917604250261,2024-09-02 02:00:00,5934,0,12
CALL0001232,+917604250261,+917604250261,2024-03-02 07:00:00,3960,0,13
CALL0001233,+917604250261,+917604250261,2024-06-03 04:00:00,5394,0,14
CALL0001234,+917604250261,+917604250261,2024-04-04 00:00:00,8017,0,6
CALL0001235,+917604250261,+917604250261,2024-04-23 06:00:00,3629,0,3
CALL0001236,+917604250261,+917604250261,2024-05-27 22:00:00,3466,0,2
CALL0001237,+917604250261,+917604250261,2024-09-27 11:00:00,971,0,4
CALL0001238,+919193320307,+919193320307,2024-11-01 12:00:00,2020,1,3
CALL0001239,+919193320307,+919193320307,2024-03-22 04:00:00,8784,0,10
CALL0001240,+919193320307,+919193320307,2024-07-11 01:00:00,9413,0,14
CALL0001241,+919193320307,+919193320307,2024-10-21 02:00:00,5318,0,2
CALL0001242,+919193320307,+919193320307,2024-04-27 07:00:00,2557,0,8
CALL0001243,+919193320307,+919193320307,2024-08-14 15:00:00,10569,0,11
CALL0001244,+919193320307,+919193320307,2024-03-16 22:00:00,6431,1,6
CALL0001245,+919193320307,+919193320307,2024-10-30 17:00:00,4429,1,14
CALL0001246,+919193320307,+919193320307,2024-12-06 11:00:00,5003,0,3
CALL0001247,+919193320307,+919193320307,2024-01-26 02:00:00,9015,1,15
CALL0001248,+919193320307,+919193320307,2024-06-21 21:00:00,341,1,3
CALL0001249,+919193320307,+919193320307,2024-07-01 17:00:00,4424,0,2
CALL0001250,+919193320307,+919193320307,2024-02-25 04:00:00,2465,1,7
CALL0001251,+919193320307,+919193320307,2024-08-23 05:00:00,9372,1,13
CALL0001252,+917284659958,+917496821661,2024-12-30 03:00:00,5819,1,4
CALL0001253,+917496821661,+917284659958,2024-02-02 04:00:00,9775,1,8
CALL0001254,+919394585736,+917496821661,2024-01-20 15:00:00,4956,1,14
CALL0001255,+917496821661,+919394585736,2024-07-18 20:00:00,2870,1,14
CALL0001256,+917496821661,+917284659958,2024-03-28 01:00:00,3817,0,4
CALL0001257,+918698206837,+919529849339,2024-10-21 13:00:00,9119,1,12
CALL0001258,+919529849339,+917769625156,2024-06-30 06:00:00,3579,0,12
CALL0001259,+918698206837,+919529849339,2024-09-24 20:00:00,3031,0,9
CALL0001260,+918698206837,+919529849339,2024-06-02 13:00:00,2291,1,7
CALL0001261,+917769625156,+918698206837,2024-02-21 06:00:00,10064,1,3
CALL0001262,+919529849339,+917769625156,2024-04-06 03:00:00,2373,0,5
CALL0001263,+917769625156,+918698206837,2024-03-09 22:00:00,3931,1,2
CALL0001264,+917769625156,+918698206837,2024-07-17 07:00:00,2611,0,7
CALL0001265,+918568154269,+918568154269,2024-08-19 13:00:00,7094,1,9
CALL0001266,+918568154269,+918568154269,2024-07-12 15:00:00,427,1,7
CALL0001267,+918568154269,+918568154269,2024-01-19 14:00:00,5279,0,2
CALL0001268,+918568154269,+918568154269,2024-07-29 15:00:00,7469,1,15
CALL0001269,+918568154269,+918568154269,2024-05-18 04:00:00,10061,0,15
CALL0001270,+918568154269,+918568154269,2024-12-22 12:00:00,6736,1,3
CALL0001271,+918568154269,+918568154269,2024-08-04 05:00:00,2962,0,5
CALL0001272,+918568154269,+918568154269,2024-08-20 10:00:00,7073,1,11
CALL0001273,+918568154269,+918568154269,2024-03-22 14:00:00,4663,0,5
CALL0001274,+918568154269,+918568154269,2024-06-03 21:00:00,7460,0,4
CALL0001275,+918568154269,+918568154269,2024-03-09 06:00:00,6657,1,8
CALL0001276,+918568154269,+918568154269,2024-12-25 08:00:00,10782,0,3
CALL0001277,+918568154269,+918568154269,2024-08-12 20:00:00,7065,1,14
CALL0001278,+918568154269,+918568154269,2024-11-29 16:00:00,723,0,4
CALL0001279,+918568154269,+918568154269,2024-10-25 05:00:00,9305,0,3
CALL0001280,+918568154269,+918568154269,2024-04-20 12:00:00,4208,0,2
CALL0001281,+918568154269,+918568154269,2024-08-13 15:00:00,4772,1,7
CALL0001282,+918568154269,+918568154269,2024-05-30 20:00:00,2250,1,9
CALL0001283,+918814837899,+918814837899,2024-10-23 16:00:00,640,0,15
CALL0001284,+918518516165,+917800376279,2024-08-01 22:00:00,2880,1,2
CALL0001285,+918814837899,+918518516165,2024-05-27 20:00:00,8818,0,12
CALL0001286,+917800376279,+918814837899,2024-09-19 21:00:00,5977,1,2
CALL0001287,+918518516165,+918814837899,2024-08-02 11:00:00,5015,1,3
CALL0001288,+918814837899,+917800376279,2024-01-15 10:00:00,4871,1,9
CALL0001289,+918814837899,+918518516165,2024-10-11 00:00:00,8967,1,4
CALL0001290,+917800376279,+918814837899,2024-03-28 14:00:00,8933,0,4
CALL0001291,+918518516165,+918814837899,2024-04-21 06:00:00,578,0,5
CALL0001292,+918814837899,+917800376279,2024-01-26 08:00:00,8548,0,9
CALL0001293,+918814837899,+918814837899,2024-11-30 20:00:00,9112,1,2
CALL0001294,+917800376279,+918814837899,2024-06-09 12:00:00,9264,0,11
CALL0001295,+917800376279,+918518516165,2024-08-12 14:00:00,9208,1,13
CALL0001296,+917824080485,+917377875434,2024-03-10 08:00:00,1727,1,3
CALL0001297,+919847204529,+918352650626,2024-12-04 01:00:00,2019,0,2
CALL0001298,+918352650626,+917377875434,2024-05-01 14:00:00,977,0,8
CALL0001299,+918352650626,+918352650626,2024-06-26 20:00:00,7985,1,11
CALL0001300,+918352650626,+918352650626,2024-12-23 06:00:00,10751,0,4
CALL0001301,+918352650626,+919847204529,2024-03-05 17:00:00,10046,1,14
CALL0001302,+918352650626,+918352650626,2024-10-03 23:00:00,7561,0,14
CALL0001303,+918352650626,+917824080485,2024-02-15 18:00:00,4204,1,3
CALL0001304,+919847204529,+917377875434,2024-04-26 17:00:00,5322,0,10
CALL0001305,+918352650626,+917824080485,2024-10-23 13:00:00,7558,1,15
CALL0001306,+918352650626,+917377875434,2024-08-21 12:00:00,8883,1,2
CALL0001307,+918352650626,+919847204529,2024-09-20 03:00:00,10238,0,13
CALL0001308,+918352650626,+919847204529,2024-11-30 16:00:00,1645,0,2
CALL0001309,+918352650626,+919847204529,2024-08-28 03:00:00,8064,1,14
CALL0001310,+919847204529,+918352650626,2024-09-09 05:00:00,7433,0,10
CALL0001311,+919330323229,+919330323229,2024-08-02 21:00:00,7823,1,11
CALL0001312,+919330323229,+919330323229,2024-01-22 15:00:00,9832,0,4
CALL0001313,+919330323229,+919330323229,2024-08-11 00:00:00,5255,1,11
CALL0001314,+919330323229,+919330323229,2024-06-06 12:00:00,8152,0,8
CALL0001315,+919330323229,+919330323229,2024-08-06 14:00:00,9334,0,11
CALL0001316,+919330323229,+919330323229,2024-08-26 10:00:00,8491,1,11
CALL0001317,+919330323229,+919330323229,2024-07-18 07:00:00,1345,1,12
CALL0001318,+919330323229,+919330323229,2024-03-17 09:00:00,6983,1,9
CALL0001319,+919330323229,+919330323229,2024-02-14 16:00:00,2061,1,8
CALL0001320,+919330323229,+919330323229,2024-11-26 07:00:00,3884,1,9
CALL0001321,+919330323229,+919330323229,2024-07-27 11:00:00,2240,1,5
CALL0001322,+919330323229,+919330323229,2024-02-10 22:00:00,1798,0,6
CALL0001323,+919330323229,+919330323229,2024-09-16 21:00:00,341,1,2
CALL0001324,+919330323229,+919330323229,2024-07-11 16:00:00,3207,0,9
CALL0001325,+919330323229,+919330323229,2024-09-13 05:00:00,10627,0,8
CALL0001326,+919330323229,+919330323229,2024-12-23 13:00:00,6761,0,6
CALL0001327,+918799998040,+918799998040,2024-12-18 00:00:00,8494,1,9
CALL0001328,+918799998040,+918799998040,2024-01-23 06:00:00,3744,0,10
CALL0001329,+918799998040,+918799998040,2024-06-29 20:00:00,10417,0,14
CALL0001330,+918799998040,+918799998040,2024-03-31 06:00:00,5256,1,10
CALL0001331,+918799998040,+918799998040,2024-10-06 22:00:00,9187,1,5
CALL0001332,+918799998040,+918799998040,2024-04-04 12:00:00,5880,0,4
CALL0001333,+918799998040,+918799998040,2024-07-06 11:00:00,6795,1,3
CALL0001334,+918799998040,+918799998040,2024-12-10 04:00:00,2291,0,5
CALL0001335,+918799998040,+918799998040,2024-04-15 10:00:00,3704,0,5
CALL0001336,+918799998040,+918799998040,2024-03-28 06:00:00,10762,1,10
CALL0001337,+918799998040,+918799998040,2024-11-24 19:00:00,1147,0,7
CALL0001338,+918799998040,+918799998040,2024-05-25 13:00:00,3353,0,12
CALL0001339,+918799998040,+918799998040,2024-10-26 20:00:00,4593,0,2
CALL0001340,+918799998040,+918799998040,2024-05-17 21:00:00,7335,1,14
CALL0001341,+918799998040,+918799998040,2024-06-09 20:00:00,9249,0,10
CALL0001342,+918799998040,+918799998040,2024-05-22 12:00:00,9289,1,2
CALL0001343,+918799998040,+918799998040,2024-03-27 17:00:00,6674,1,13
CALL0001344,+918799998040,+918799998040,2024-03-04 19:00:00,4487,0,13
CALL0001345,+918799998040,+918799998040,2024-06-06 16:00:00,3850,0,10
CALL0001346,+917599614542,+917599614542,2024-02-09 17:00:00,6528,1,10
CALL0001347,+917599614542,+917599614542,2024-07-05 09:00:00,9717,1,8
CALL0001348,+917599614542,+917599614542,2024-03-24 06:00:00,8628,1,13
CALL0001349,+917599614542,+917599614542,2024-10-17 03:00:00,3436,1,3
CALL0001350,+917599614542,+917599614542,2024-06-24 14:00:00,9205,1,9
CALL0001351,+917599614542,+917599614542,2024-04-09 09:00:00,5991,1,11
CALL0001352,+917599614542,+917599614542,2024-08-05 23:00:00,599,0,4
CALL0001353,+917599614542,+917599614542,2024-09-29 12:00:00,2009,0,3
CALL0001354,+917599614542,+917599614542,2024-08-23 11:00:00,10652,0,5
CALL0001355,+917599614542,+917599614542,2024-08-13 19:00:00,5844,1,9
CALL0001356,+917599614542,+917599614542,2024-05-28 09:00:00,9883,1,7
CALL0001357,+917599614542,+917599614542,2024-02-05 13:00:00,10422,0,2
CALL0001358,+917599614542,+917599614542,2024-08-31 03:00:00,4593,0,7
CALL0001359,+917599614542,+917599614542,2024-09-08 12:00:00,5189,0,7
CALL0001360,+917599614542,+917599614542,2024-04-17 04:00:00,10314,1,10
CALL0001361,+917599614542,+917599614542,2024-08-30 20:00:00,9469,1,10
CALL0001362,+917599614542,+917599614542,2024-12-12 03:00:00,4489,1,11
CALL0001363,+917599614542,+917599614542,2024-01-14 08:00:00,1331,0,10
CALL0001364,+917599614542,+917599614542,2024-07-26 16:00:00,6320,0,7
CALL0001365,+917599614542,+917599614542,2024-03-09 16:00:00,3584,0,15
CALL0001366,+917599614542,+917599614542,2024-06-16 23:00:00,10122,0,5
CALL0001367,+917695696209,+917695696209,2024-02-16 16:00:00,6532,0,12
CALL0001368,+917695696209,+917695696209,2024-07-12 07:00:00,3764,0,8
CALL0001369,+918274614757,+917695696209,2024-06-20 04:00:00,8627,0,2
CALL0001370,+917695696209,+917695696209,2024-10-08 17:00:00,9821,0,11
CALL0001371,+918464388466,+917695696209,2024-07-12 02:00:00,1537,0,7
CALL0001372,+917695696209,+918274614757,2024-06-03 23:00:00,4634,0,15
CALL0001373,+917695696209,+917695696209,2024-05-22 17:00:00,4646,0,6
CALL0001374,+917695696209,+917695696209,2024-05-29 23:00:00,3989,0,12
CALL0001375,+917695696209,+918274614757,2024-01-09 09:00:00,8167,1,14
CALL0001376,+917695696209,+917695696209,2024-01-30 18:00:00,10254,0,12
CALL0001377,+917695696209,+917695696209,2024-01-23 15:00:00,6680,0,9
CALL0001378,+918464388466,+918274614757,2024-04-22 21:00:00,1664,1,6
CALL0001379,+917695696209,+918464388466,2024-04-10 12:00:00,2375,1,8
CALL0001380,+917695696209,+917695696209,2024-01-09 12:00:00,7282,0,13
CALL0001381,+917695696209,+918274614757,2024-04-12 02:00:00,7231,0,3
CALL0001382,+917695696209,+917695696209,2024-04-30 02:00:00,3031,1,2
CALL0001383,+917695696209,+918274614757,2024-03-02 01:00:00,9952,0,5
CALL0001384,+917695696209,+918464388466,2024-03-21 04:00:00,5350,0,13
CALL0001385,+917695696209,+917695696209,2024-03-31 14:00:00,7985,1,13
CALL0001386,+918755585467,+918755585467,2024-04-02 02:00:00,5249,1,10
CALL0001387,+918755585467,+918755585467,2024-06-25 23:00:00,10560,1,12
CALL0001388,+918755585467,+918755585467,2024-12-02 10:00:00,1848,0,15
CALL0001389,+918755585467,+918755585467,2024-05-09 13:00:00,4553,0,11
CALL0001390,+918755585467,+918755585467,2024-07-10 21:00:00,7836,0,5
CALL0001391,+918755585467,+918755585467,2024-02-17 22:00:00,5682,1,2
CALL0001392,+918755585467,+918755585467,2024-10-17 10:00:00,4693,0,6
CALL0001393,+918755585467,+918755585467,2024-08-28 06:00:00,4421,1,4
CALL0001394,+918755585467,+918755585467,2024-05-18 07:00:00,7071,1,3
CALL0001395,+918306160847,+918306160847,2024-07-11 05:00:00,9483,0,11
CALL0001396,+918306160847,+918306160847,2024-10-12 11:00:00,2918,0,11
CALL0001397,+918306160847,+918306160847,2024-07-07 14:00:00,2658,0,4
CALL0001398,+918306160847,+918306160847,2024-06-11 03:00:00,6157,1,13
CALL0001399,+918306160847,+918306160847,2024-11-10 07:00:00,2947,0,6
CALL0001400,+918306160847,+918306160847,2024-02-10 06:00:00,3195,0,3
CALL0001401,+918306160847,+918306160847,2024-05-17 19:00:00,8336,1,10
CALL0001402,+918306160847,+918306160847,2024-01-22 02:00:00,6693,0,3
CALL0001403,+918306160847,+918306160847,2024-01-23 16:00:00,5428,1,7
CALL0001404,+918036435943,+917824211526,2024-11-27 12:00:00,10490,0,14
CALL0001405,+919050209846,+918036435943,2024-09-29 12:00:00,10398,1,11
CALL0001406,+918036435943,+919050209846,2024-03-08 03:00:00,5369,1,7
CALL0001407,+917824211526,+919050209846,2024-01-05 23:00:00,10205,1,6
CALL0001408,+919050209846,+917824211526,2024-01-20 08:00:00,1258,0,15
CALL0001409,+918915110993,+918915110993,2024-09-10 22:00:00,10699,0,4
CALL0001410,+919436947831,+918915110993,2024-08-21 19:00:00,8894,0,14
CALL0001411,+918915110993,+918915110993,2024-07-21 23:00:00,2662,0,8
CALL0001412,+919436947831,+918915110993,2024-03-21 14:00:00,5532,1,3
CALL0001413,+918915110993,+918915110993,2024-01-14 08:00:00,6390,1,11
CALL0001414,+918915110993,+918915110993,2024-12-09 06:00:00,1017,1,3
CALL0001415,+919436947831,+918915110993,2024-04-03 11:00:00,8041,1,8
CALL0001416,+918915110993,+918915110993,2024-01-08 04:00:00,10670,1,3
CALL0001417,+918915110993,+918915110993,2024-05-04 23:00:00,3385,1,14
CALL0001418,+918915110993,+918915110993,2024-10-14 01:00:00,5246,0,9
CALL0001419,+918915110993,+919436947831,2024-12-10 21:00:00,8388,0,15
CALL0001420,+918915110993,+918915110993,2024-01-28 09:00:00,3192,1,3
CALL0001421,+918915110993,+918915110993,2024-04-23 10:00:00,10051,1,15
CALL0001422,+918915110993,+918915110993,2024-07-13 10:00:00,3071,1,8
CALL0001423,+918915110993,+918915110993,2024-10-03 00:00:00,1770,1,8
CALL0001424,+918915110993,+918915110993,2024-08-02 08:00:00,8629,0,13
CALL0001425,+918915110993,+919436947831,2024-06-25 22:00:00,2125,0,12
CALL0001426,+917037426375,+919075083578,2024-02-16 10:00:00,7347,1,13
CALL0001427,+918553626843,+917037426375,2024-05-09 09:00:00,7940,1,12
CALL0001428,+919075083578,+917037426375,2024-11-04 05:00:00,4449,0,10
CALL0001429,+917037426375,+919075083578,2024-04-17 05:00:00,7969,0,13
CALL0001430,+919075083578,+918553626843,2024-01-13 20:00:00,662,0,4
CALL0001431,+918637226249,+918637226249,2024-05-04 22:00:00,7447,1,10
CALL0001432,+917857183316,+918637226249,2024-07-03 22:00:00,6659,0,8
CALL0001433,+918637226249,+918637226249,2024-10-03 08:00:00,6651,1,12
CALL0001434,+918637226249,+917857183316,2024-06-17 09:00:00,5907,0,3
CALL0001435,+917857183316,+918637226249,2024-03-18 06:00:00,4996,0,13
CALL0001436,+917857183316,+917857183316,2024-02-01 18:00:00,9687,1,6
CALL0001437,+917857183316,+918637226249,2024-03-15 05:00:00,3924,0,2
CALL0001438,+917857183316,+917857183316,2024-02-08 05:00:00,5231,0,8
CALL0001439,+917857183316,+918637226249,2024-01-14 10:00:00,10123,1,12
CALL0001440,+918637226249,+918637226249,2024-09-29 09:00:00,3746,1,11
CALL0001441,+919356568586,+919356568586,2024-01-14 15:00:00,5954,1,5
CALL0001442,+919356568586,+919356568586,2024-05-29 08:00:00,8732,1,2
CALL0001443,+919356568586,+919356568586,2024-04-21 13:00:00,2987,0,13
CALL0001444,+919092829436,+919356568586,2024-10-24 19:00:00,5948,0,7
CALL0001445,+919356568586,+919092829436,2024-09-10 14:00:00,1843,1,7
CALL0001446,+919356568586,+919356568586,2024-07-16 06:00:00,329,1,11
CALL0001447,+919356568586,+919356568586,2024-09-11 23:00:00,7305,0,4
CALL0001448,+919356568586,+919092829436,2024-03-23 10:00:00,9889,0,5
CALL0001449,+919356568586,+919356568586,2024-06-03 21:00:00,2421,0,15
CALL0001450,+919356568586,+919356568586,2024-01-29 05:00:00,8236,1,14
CALL0001451,+919356568586,+919356568586,2024-01-22 14:00:00,1708,1,15
CALL0001452,+919092829436,+919356568586,2024-06-15 13:00:00,2865,0,2
CALL0001453,+919356568586,+919356568586,2024-07-16 10:00:00,6670,0,15
CALL0001454,+919356568586,+919356568586,2024-01-20 02:00:00,3399,1,15
CALL0001455,+919356568586,+919356568586,2024-03-25 11:00:00,6716,1,15
CALL0001456,+919092829436,+919356568586,2024-04-27 06:00:00,5260,1,3
CALL0001457,+919356568586,+919356568586,2024-11-26 18:00:00,772,1,10
CALL0001458,+919356568586,+919356568586,2024-09-22 10:00:00,5370,1,8
CALL0001459,+919356568586,+919356568586,2024-06-14 17:00:00,8054,1,7
CALL0001460,+919356568586,+919356568586,2024-06-09 09:00:00,8004,0,2
CALL0001461,+919356568586,+919356568586,2024-06-21 00:00:00,8293,1,11
CALL0001462,+919356568586,+919356568586,2024-01-25 12:00:00,9156,0,11
CALL0001463,+919565982361,+917450083875,2024-05-01 11:00:00,2322,1,12
CALL0001464,+917685942341,+918697440699,2024-02-28 19:00:00,3941,1,3
CALL0001465,+917450083875,+918370776772,2024-10-26 14:00:00,10355,1,4
CALL0001466,+918697440699,+917450083875,2024-10-22 22:00:00,9170,0,15
CALL0001467,+917450083875,+918370776772,2024-09-09 15:00:00,10224,1,14
CALL0001468,+917450083875,+917685942341,2024-07-24 05:00:00,8369,1,6
CALL0001469,+917685942341,+917450083875,2024-12-07 19:00:00,10034,1,8
CALL0001470,+917450083875,+918370776772,2024-05-01 21:00:00,3128,0,5
CALL0001471,+918370776772,+919565982361,2024-07-08 16:00:00,5102,1,7
CALL0001472,+918370776772,+918370776772,2024-05-23 12:00:00,2908,1,7
CALL0001473,+917450083875,+918370776772,2024-05-27 14:00:00,5535,1,10
CALL0001474,+917450083875,+917450083875,2024-12-21 11:00:00,4950,1,11
CALL0001475,+917450083875,+917685942341,2024-03-30 21:00:00,2584,0,11
CALL0001476,+918370776772,+918370776772,2024-10-24 13:00:00,2099,1,8
CALL0001477,+918370776772,+918697440699,2024-12-30 14:00:00,9140,1,3
CALL0001478,+918697440699,+918370776772,2024-03-25 06:00:00,7785,1,3
CALL0001479,+918697440699,+918370776772,2024-12-27 06:00:00,2208,1,14
CALL0001480,+918697440699,+918370776772,2024-08-17 02:00:00,5523,1,14
CALL0001481,+918370776772,+917450083875,2024-01-16 07:00:00,8301,0,13
CALL0001482,+917685942341,+917450083875,2024-12-08 02:00:00,8464,1,4
CALL0001483,+918697440699,+917450083875,2024-09-24 20:00:00,4239,1,15
CALL0001484,+917048048736,+917048048736,2024-01-08 22:00:00,4298,0,3
CALL0001485,+917048048736,+917048048736,2024-07-16 17:00:00,3683,1,9
CALL0001486,+917048048736,+917048048736,2024-10-08 16:00:00,3427,1,11
CALL0001487,+917048048736,+917016003733,2024-12-19 22:00:00,2532,1,7
CALL0001488,+917048048736,+917016003733,2024-03-20 05:00:00,8741,1,9
CALL0001489,+917048048736,+917016003733,2024-10-10 12:00:00,5630,1,12
CALL0001490,+917016003733,+917048048736,2024-08-14 16:00:00,6725,1,3
CALL0001491,+917048048736,+917048048736,2024-03-04 13:00:00,1901,1,3
CALL0001492,+917048048736,+917048048736,2024-09-29 11:00:00,3233,0,2
CALL0001493,+917390562033,+918432380922,2024-08-05 03:00:00,3637,0,6
CALL0001494,+917272725302,+917390562033,2024-12-13 06:00:00,4530,1,9
CALL0001495,+918432380922,+917272725302,2024-06-30 20:00:00,8385,1,3
CALL0001496,+918432380922,+917390562033,2024-02-24 10:00:00,6557,0,2
CALL0001497,+917390562033,+918432380922,2024-06-06 22:00:00,2821,0,10
CALL0001498,+917390562033,+918432380922,2024-02-23 17:00:00,7071,0,7
CALL0001499,+919553565862,+918958892626,2024-07-25 19:00:00,9622,0,9
CALL0001500,+919553565862,+918958892626,2024-08-02 12:00:00,1057,1,9
CALL0001501,+918958892626,+919553565862,2024-12-13 10:00:00,7158,0,3
CALL0001502,+919553565862,+918958892626,2024-08-03 18:00:00,5516,1,4
CALL0001503,+918642095225,+918642095225,2024-12-22 03:00:00,6222,0,2
CALL0001504,+917819439135,+918642095225,2024-01-18 08:00:00,5232,1,9
CALL0001505,+918642095225,+918642095225,2024-02-24 16:00:00,952,1,11
CALL0001506,+918642095225,+918642095225,2024-01-18 03:00:00,3906,0,15
CALL0001507,+918642095225,+918642095225,2024-11-10 13:00:00,9261,1,15
CALL0001508,+918642095225,+918412541204,2024-06-12 14:00:00,1141,0,3
CALL0001509,+918642095225,+918412541204,2024-01-22 21:00:00,6117,1,9
CALL0001510,+918642095225,+918412541204,2024-03-18 11:00:00,3148,0,5
CALL0001511,+918642095225,+918412541204,2024-05-03 20:00:00,2958,0,14
CALL0001512,+918412541204,+918642095225,2024-10-17 20:00:00,10338,0,10
CALL0001513,+918642095225,+918412541204,2024-07-31 22:00:00,10195,1,12
CALL0001514,+918642095225,+918642095225,2024-02-16 14:00:00,8802,0,8
CALL0001515,+918412541204,+918642095225,2024-05-18 18:00:00,877,0,15
CALL0001516,+918642095225,+918642095225,2024-10-02 00:00:00,2036,0,2
CALL0001517,+918642095225,+918642095225,2024-09-09 13:00:00,7847,0,10
CALL0001518,+917490285872,+917490285872,2024-01-15 09:00:00,7700,0,4
CALL0001519,+917490285872,+917668419038,2024-08-12 20:00:00,7025,0,12
CALL0001520,+917490285872,+917490285872,2024-06-07 06:00:00,10045,1,13
CALL0001521,+917490285872,+917490285872,2024-10-25 22:00:00,6840,1,13
CALL0001522,+917490285872,+917668419038,2024-08-09 08:00:00,10655,0,9
CALL0001523,+917490285872,+917490285872,2024-10-21 13:00:00,3650,1,12
CALL0001524,+917490285872,+917490285872,2024-06-02 12:00:00,923,1,6
CALL0001525,+917490285872,+917490285872,2024-12-29 18:00:00,4018,0,5
CALL0001526,+917490285872,+917490285872,2024-04-09 04:00:00,4925,1,7
CALL0001527,+917490285872,+917490285872,2024-08-22 12:00:00,1473,0,9
CALL0001528,+918231835908,+918231835908,2024-03-09 16:00:00,7190,0,7
CALL0001529,+918231835908,+918231835908,2024-09-16 05:00:00,6582,0,8
CALL0001530,+918231835908,+919490980831,2024-05-03 05:00:00,3185,1,15
CALL0001531,+919490980831,+918231835908,2024-12-24 17:00:00,2076,0,14
CALL0001532,+918231835908,+919490980831,2024-10-23 07:00:00,7267,1,15
CALL0001533,+918231835908,+919490980831,2024-01-25 04:00:00,5903,1,15
CALL0001534,+918231835908,+919490980831,2024-05-17 20:00:00,1530,1,13
CALL0001535,+919490980831,+918231835908,2024-10-03 19:00:00,3107,0,10
CALL0001536,+918231835908,+919490980831,2024-03-24 20:00:00,1474,0,11
CALL0001537,+919490980831,+918231835908,2024-08-16 01:00:00,5803,1,2
CALL0001538,+919490980831,+918231835908,2024-11-29 03:00:00,8992,1,11
CALL0001539,+919490980831,+918231835908,2024-11-17 11:00:00,8337,1,3
CALL0001540,+918231835908,+918231835908,2024-01-25 07:00:00,7164,1,13
CALL0001541,+918231835908,+919490980831,2024-05-22 06:00:00,1242,1,11
CALL0001542,+918231835908,+918231835908,2024-05-19 13:00:00,1517,1,4
CALL0001543,+917881206038,+917599614542,2024-11-22 03:00:00,6405,1,13
CALL0001544,+917599614542,+917599614542,2024-11-24 23:00:00,3880,0,11
CALL0001545,+917599614542,+917881206038,2024-09-04 12:00:00,1122,1,6
CALL0001546,+917599614542,+917599614542,2024-07-02 04:00:00,588,1,11
CALL0001547,+917599614542,+917503049411,2024-01-16 23:00:00,5670,1,10
CALL0001548,+917599614542,+917599614542,2024-03-02 10:00:00,9247,0,12
CALL0001549,+917599614542,+917599614542,2024-04-27 06:00:00,1999,0,11
CALL0001550,+917881206038,+917599614542,2024-08-21 21:00:00,4146,0,2
CALL0001551,+917881206038,+917599614542,2024-07-05 08:00:00,1713,1,12
CALL0001552,+917966564630,+917599614542,2024-11-15 23:00:00,6567,0,5
CALL0001553,+917599614542,+917503049411,2024-09-03 18:00:00,10379,0,12
CALL0001554,+917503049411,+917599614542,2024-10-24 22:00:00,343,1,2
CALL0001555,+917599614542,+917966564630,2024-09-11 00:00:00,2438,1,5
CALL0001556,+917599614542,+917503049411,2024-09-25 17:00:00,4843,0,9
CALL0001557,+917881206038,+917599614542,2024-05-24 10:00:00,4465,1,2
CALL0001558,+917246352554,+917308933939,2024-02-22 18:00:00,4511,1,4
CALL0001559,+917308933939,+919389161270,2024-06-04 15:00:00,9979,0,10
CALL0001560,+917308933939,+917308933939,2024-06-18 03:00:00,6798,1,8
CALL0001561,+917308933939,+917308933939,2024-02-05 14:00:00,5210,1,5
CALL0001562,+919389161270,+917308933939,2024-07-12 07:00:00,1598,1,13
CALL0001563,+917308933939,+917246352554,2024-03-05 19:00:00,8014,0,2
CALL0001564,+917308933939,+919389161270,2024-11-04 22:00:00,8478,0,4
CALL0001565,+917308933939,+917308933939,2024-10-13 13:00:00,2269,1,4
CALL0001566,+917308933939,+917246352554,2024-12-14 22:00:00,1039,1,11
CALL0001567,+917308933939,+917308933939,2024-05-07 18:00:00,9406,1,3
CALL0001568,+917289815249,+918362346361,2024-02-02 12:00:00,4874,0,14
CALL0001569,+918362346361,+917289815249,2024-08-11 16:00:00,4856,1,13
CALL0001570,+917289815249,+917289815249,2024-03-15 00:00:00,5444,1,7
CALL0001571,+918362346361,+917848938806,2024-06-03 08:00:00,1792,0,13
CALL0001572,+917289815249,+917289815249,2024-03-25 23:00:00,9643,1,4
CALL0001573,+917289815249,+919529683662,2024-10-02 16:00:00,10174,1,15
CALL0001574,+918362346361,+917289815249,2024-02-05 00:00:00,6600,0,2
CALL0001575,+917848938806,+917289815249,2024-02-11 19:00:00,774,0,15
CALL0001576,+918362346361,+917289815249,2024-11-02 16:00:00,1788,0,4
CALL0001577,+918362346361,+919371402297,2024-11-07 16:00:00,5167,1,13
CALL0001578,+917289815249,+918362346361,2024-04-29 04:00:00,9131,1,12
CALL0001579,+917848938806,+919371402297,2024-10-04 17:00:00,9948,1,8
CALL0001580,+917289815249,+917289815249,2024-06-24 06:00:00,2382,0,13
CALL0001581,+919530554435,+917410904845,2024-08-01 18:00:00,4868,0,11
CALL0001582,+917410904845,+919530554435,2024-04-18 05:00:00,10581,1,7
CALL0001583,+919530554435,+919530554435,2024-06-07 00:00:00,3599,1,6
CALL0001584,+919530554435,+919530554435,2024-09-19 03:00:00,5580,0,3
CALL0001585,+919530554435,+919530554435,2024-09-09 05:00:00,1479,1,15
CALL0001586,+917696751447,+917696751447,2024-05-18 20:00:00,7011,1,15
CALL0001587,+917696751447,+917696751447,2024-09-23 00:00:00,9552,0,6
CALL0001588,+917696751447,+917696751447,2024-12-11 03:00:00,8052,0,7
CALL0001589,+917696751447,+917696751447,2024-09-02 22:00:00,5648,0,11
CALL0001590,+917696751447,+917696751447,2024-11-14 23:00:00,3113,1,7
CALL0001591,+917696751447,+917696751447,2024-05-04 17:00:00,7886,1,9
CALL0001592,+917696751447,+917696751447,2024-11-01 00:00:00,5646,0,3
CALL0001593,+917696751447,+917696751447,2024-08-09 11:00:00,10763,1,12
CALL0001594,+917696751447,+917696751447,2024-01-07 21:00:00,3418,0,4
CALL0001595,+918680150188,+917696751447,2024-06-19 23:00:00,8574,1,4
CALL0001596,+917696751447,+917696751447,2024-02-02 00:00:00,10329,1,10
CALL0001597,+918523180964,+917467099698,2024-05-11 11:00:00,4385,1,3
CALL0001598,+919890841993,+918523180964,2024-07-10 22:00:00,2542,1,9
CALL0001599,+918523180964,+917467099698,2024-11-21 02:00:00,6380,0,14
CALL0001600,+918523180964,+919890841993,2024-02-11 17:00:00,4325,0,2
CALL0001601,+917467099698,+917467099698,2024-05-21 18:00:00,6324,0,5
CALL0001602,+917467099698,+917467099698,2024-03-11 10:00:00,5307,0,3
CALL0001603,+917467099698,+919890841993,2024-06-29 06:00:00,3332,0,8
CALL0001604,+918523180964,+917467099698,2024-08-28 18:00:00,9153,0,7
CALL0001605,+917467099698,+918523180964,2024-01-17 03:00:00,7280,1,2
CALL0001606,+919890841993,+917467099698,2024-01-29 17:00:00,8304,0,8
CALL0001607,+917467099698,+917467099698,2024-08-07 04:00:00,9388,1,12
CALL0001608,+917474821929,+917474821929,2024-04-09 09:00:00,1622,1,4
CALL0001609,+917474821929,+917474821929,2024-08-24 14:00:00,10060,0,5
CALL0001610,+917474821929,+917474821929,2024-02-05 13:00:00,4622,1,10
CALL0001611,+917474821929,+917474821929,2024-09-10 12:00:00,724,0,15
CALL0001612,+917474821929,+917474821929,2024-09-10 14:00:00,10642,0,8
CALL0001613,+917474821929,+917474821929,2024-10-01 22:00:00,9140,0,14
CALL0001614,+917474821929,+917474821929,2024-05-27 12:00:00,5770,1,7
CALL0001615,+917474821929,+917474821929,2024-12-07 09:00:00,6107,0,7
CALL0001616,+917474821929,+917474821929,2024-11-04 05:00:00,4100,0,14
CALL0001617,+917474821929,+917474821929,2024-06-23 10:00:00,4217,1,8
CALL0001618,+917474821929,+917474821929,2024-04-22 10:00:00,973,1,13
CALL0001619,+917474821929,+917474821929,2024-11-30 03:00:00,3883,1,15
CALL0001620,+917215505097,+917215505097,2024-05-17 08:00:00,2131,1,4
CALL0001621,+918886957985,+917215505097,2024-04-04 17:00:00,9440,1,9
CALL0001622,+918886957985,+917215505097,2024-08-22 14:00:00,4963,0,15
CALL0001623,+917215505097,+918886957985,2024-02-24 02:00:00,4120,1,3
CALL0001624,+917215505097,+917215505097,2024-02-06 23:00:00,4011,0,14
CALL0001625,+917215505097,+917215505097,2024-01-16 02:00:00,3940,1,13
CALL0001626,+917215505097,+917215505097,2024-06-22 07:00:00,7982,0,15
CALL0001627,+917215505097,+918886957985,2024-11-26 00:00:00,2269,0,7
CALL0001628,+917215505097,+917215505097,2024-08-26 00:00:00,2194,1,2
CALL0001629,+917215505097,+917215505097,2024-07-09 06:00:00,2119,0,6
CALL0001630,+917215505097,+917215505097,2024-04-03 02:00:00,7486,1,2
CALL0001631,+917215505097,+917215505097,2024-02-16 16:00:00,5992,1,7
CALL0001632,+917215505097,+917215505097,2024-05-17 01:00:00,3171,1,5
CALL0001633,+917215505097,+917215505097,2024-11-25 09:00:00,8950,0,3
CALL0001634,+917215505097,+917215505097,2024-03-30 23:00:00,2196,1,6
CALL0001635,+918886957985,+917215505097,2024-10-04 18:00:00,5959,0,9
CALL0001636,+917215505097,+918886957985,2024-02-04 11:00:00,6532,0,10
CALL0001637,+917094821962,+918127050739,2024-06-10 11:00:00,7044,0,6
CALL0001638,+918127050739,+918127050739,2024-03-10 08:00:00,7108,1,2
CALL0001639,+918127050739,+917094821962,2024-07-17 15:00:00,2823,1,11
CALL0001640,+918127050739,+918127050739,2024-03-18 05:00:00,7159,1,10
CALL0001641,+917094821962,+918127050739,2024-11-23 01:00:00,2866,0,5
CALL0001642,+918127050739,+918127050739,2024-08-05 08:00:00,621,0,10
CALL0001643,+917094821962,+918127050739,2024-09-02 18:00:00,10264,1,3
CALL0001644,+918127050739,+918127050739,2024-03-05 12:00:00,9025,0,13
CALL0001645,+918127050739,+918127050739,2024-09-04 02:00:00,5778,1,5
CALL0001646,+918127050739,+918127050739,2024-05-10 08:00:00,3881,0,2
CALL0001647,+918127050739,+917094821962,2024-08-17 19:00:00,7448,0,7
CALL0001648,+918127050739,+918127050739,2024-03-05 19:00:00,3690,0,7
CALL0001649,+917094821962,+918127050739,2024-08-21 12:00:00,10454,1,6
CALL0001650,+917094821962,+918127050739,2024-05-24 09:00:00,9904,0,9
CALL0001651,+917165981053,+917543386519,2024-06-15 18:00:00,4737,0,8
CALL0001652,+917165981053,+917165981053,2024-05-25 00:00:00,7149,1,14
CALL0001653,+917165981053,+917165981053,2024-01-10 09:00:00,6218,1,8
CALL0001654,+917165981053,+918260721744,2024-02-04 12:00:00,3534,1,15
CALL0001655,+917165981053,+917165981053,2024-06-22 00:00:00,5943,1,12
CALL0001656,+917165981053,+917165981053,2024-10-18 10:00:00,10411,1,12
CALL0001657,+917165981053,+917165981053,2024-03-14 09:00:00,10015,0,7
CALL0001658,+917165981053,+917543386519,2024-12-18 17:00:00,3461,1,15
CALL0001659,+917543386519,+917165981053,2024-01-06 17:00:00,7451,1,3
CALL0001660,+917165981053,+918260721744,2024-10-25 10:00:00,944,1,10
CALL0001661,+917165981053,+917543386519,2024-09-07 00:00:00,5664,1,13
CALL0001662,+917165981053,+917165981053,2024-06-27 09:00:00,2526,0,2
CALL0001663,+917165981053,+917165981053,2024-08-18 06:00:00,8220,1,6
CALL0001664,+917165981053,+917165981053,2024-03-13 03:00:00,10232,0,4
CALL0001665,+917543386519,+917165981053,2024-11-29 01:00:00,7649,0,7
CALL0001666,+917165981053,+917165981053,2024-01-07 04:00:00,9859,0,6
CALL0001667,+917165981053,+917165981053,2024-08-31 06:00:00,3611,0,5
CALL0001668,+919102155187,+918934243901,2024-03-17 14:00:00,2973,0,9
CALL0001669,+919102155187,+918934243901,2024-02-24 08:00:00,7808,0,2
CALL0001670,+919102155187,+918934243901,2024-08-29 12:00:00,6831,0,14
CALL0001671,+919102155187,+919102155187,2024-12-25 06:00:00,9370,1,5
CALL0001672,+919447005776,+917849131854,2024-04-08 00:00:00,3914,0,9
CALL0001673,+918934243901,+919102155187,2024-03-26 13:00:00,2044,1,12
CALL0001674,+919102155187,+919447005776,2024-02-03 18:00:00,9998,1,9
CALL0001675,+919102155187,+917849131854,2024-09-05 16:00:00,6177,0,11
CALL0001676,+919102155187,+919102155187,2024-06-16 06:00:00,8567,0,2
CALL0001677,+918934243901,+917849131854,2024-03-18 17:00:00,6297,0,9
CALL0001678,+919102155187,+919102155187,2024-05-19 14:00:00,6205,0,5
CALL0001679,+919102155187,+919447005776,2024-11-03 04:00:00,3761,1,10
CALL0001680,+918436065505,+918436065505,2024-09-05 16:00:00,7974,1,15
CALL0001681,+919286310907,+919558517994,2024-09-22 05:00:00,1043,1,2
CALL0001682,+919286310907,+918436065505,2024-02-24 16:00:00,1595,0,13
CALL0001683,+918436065505,+919558517994,2024-06-19 05:00:00,8745,0,4
CALL0001684,+918436065505,+918436065505,2024-07-28 23:00:00,6357,1,13
CALL0001685,+918436065505,+919286310907,2024-04-26 07:00:00,9983,0,8
CALL0001686,+917306740408,+917306740408,2024-01-04 11:00:00,3479,0,3
CALL0001687,+917306740408,+917306740408,2024-06-21 10:00:00,6876,1,10
CALL0001688,+917306740408,+917306740408,2024-01-16 19:00:00,4606,0,3
CALL0001689,+917306740408,+917306740408,2024-07-17 14:00:00,2320,1,7
CALL0001690,+917306740408,+917306740408,2024-05-12 01:00:00,8461,1,11
CALL0001691,+917306740408,+917306740408,2024-09-16 17:00:00,5581,1,3
CALL0001692,+917306740408,+917306740408,2024-04-19 10:00:00,338,0,4
CALL0001693,+917306740408,+917306740408,2024-03-08 05:00:00,10234,0,9
CALL0001694,+917306740408,+917306740408,2024-09-04 22:00:00,2184,1,3
CALL0001695,+917306740408,+917306740408,2024-12-04 02:00:00,5766,1,11
CALL0001696,+917306740408,+917306740408,2024-02-03 18:00:00,6836,1,8
CALL0001697,+917306740408,+917306740408,2024-02-24 17:00:00,1821,1,2
CALL0001698,+917306740408,+917306740408,2024-03-10 09:00:00,5811,0,9
CALL0001699,+917306740408,+917306740408,2024-07-02 14:00:00,8655,0,9
CALL0001700,+917306740408,+917306740408,2024-09-09 18:00:00,6690,0,4
CALL0001701,+917306740408,+917306740408,2024-03-29 12:00:00,6979,0,11
CALL0001702,+919735666571,+917816720224,2024-01-04 06:00:00,5336,0,3
CALL0001703,+917816720224,+917732958473,2024-07-28 19:00:00,4927,1,14
CALL0001704,+919735666571,+917732958473,2024-11-30 06:00:00,6841,1,15
CALL0001705,+917816720224,+917732958473,2024-07-13 03:00:00,1085,0,14
CALL0001706,+917732958473,+917816720224,2024-02-15 00:00:00,9572,1,13
CALL0001707,+917732958473,+917816720224,2024-12-02 22:00:00,1945,0,4
CALL0001708,+917732958473,+919735666571,2024-08-19 14:00:00,4447,0,4
CALL0001709,+917732958473,+919101522298,2024-07-06 00:00:00,8387,0,7
CALL0001710,+917508917753,+919779095156,2024-10-12 06:00:00,2079,0,8
CALL0001711,+919779095156,+917508917753,2024-03-25 17:00:00,413,1,14
CALL0001712,+917429007408,+917508917753,2024-09-06 01:00:00,4885,0,6
CALL0001713,+919779095156,+917508917753,2024-12-29 15:00:00,7158,1,3
CALL0001714,+917508917753,+917508917753,2024-04-04 08:00:00,3146,0,13
CALL0001715,+919779095156,+919283225778,2024-04-27 22:00:00,8860,1,12
CALL0001716,+919283225778,+917508917753,2024-12-22 19:00:00,405,1,15
CALL0001717,+917508917753,+919527704077,2024-10-13 03:00:00,4631,1,10
CALL0001718,+917508917753,+919283225778,2024-01-10 14:00:00,7823,0,10
CALL0001719,+919527704077,+917508917753,2024-02-19 12:00:00,3522,0,3
CALL0001720,+919283225778,+919779095156,2024-04-12 01:00:00,5956,1,8
CALL0001721,+919527704077,+917508917753,2024-06-04 23:00:00,2489,1,4
CALL0001722,+917429007408,+917508917753,2024-10-12 03:00:00,1075,1,10
CALL0001723,+919779095156,+919527704077,2024-09-29 12:00:00,9165,1,3
CALL0001724,+917429007408,+919283225778,2024-03-29 04:00:00,3354,1,6
CALL0001725,+919283225778,+917508917753,2024-11-03 14:00:00,4294,1,5
CALL0001726,+917605052216,+917237591376,2024-06-22 12:00:00,6121,0,3
CALL0001727,+917716513610,+917237591376,2024-11-29 21:00:00,2527,0,2
CALL0001728,+917716513610,+917237591376,2024-12-03 06:00:00,4422,0,14
CALL0001729,+917605052216,+917605052216,2024-10-25 20:00:00,5072,0,4
CALL0001730,+917605052216,+917237591376,2024-03-16 11:00:00,4271,0,6
CALL0001731,+917237591376,+917237591376,2024-06-24 10:00:00,1581,1,3
CALL0001732,+919616027348,+919616027348,2024-02-29 14:00:00,3097,0,7
CALL0001733,+919616027348,+919616027348,2024-09-22 17:00:00,8510,0,14
CALL0001734,+919616027348,+919616027348,2024-01-23 10:00:00,9057,1,11
CALL0001735,+919616027348,+919616027348,2024-07-28 20:00:00,2894,1,11
CALL0001736,+919616027348,+919616027348,2024-06-11 07:00:00,8625,0,9
CALL0001737,+919616027348,+919616027348,2024-02-15 02:00:00,9665,1,6
CALL0001738,+919616027348,+919616027348,2024-08-18 16:00:00,9109,1,8
CALL0001739,+919616027348,+919616027348,2024-03-13 03:00:00,1853,1,11
CALL0001740,+919616027348,+919616027348,2024-07-14 14:00:00,4640,0,2
CALL0001741,+919616027348,+919616027348,2024-05-21 16:00:00,1462,0,2
CALL0001742,+919616027348,+919616027348,2024-09-19 20:00:00,6346,0,11
CALL0001743,+919616027348,+919616027348,2024-10-23 09:00:00,1470,1,14
CALL0001744,+919616027348,+919616027348,2024-12-12 07:00:00,8794,0,11
CALL0001745,+919616027348,+919616027348,2024-04-08 12:00:00,3847,1,11
CALL0001746,+919616027348,+919616027348,2024-03-12 22:00:00,10277,0,2
CALL0001747,+919616027348,+919616027348,2024-08-27 15:00:00,3737,1,3
CALL0001748,+919616027348,+919616027348,2024-10-14 11:00:00,2387,1,15
CALL0001749,+919616027348,+919616027348,2024-03-13 06:00:00,7541,1,6
CALL0001750,+919616027348,+919616027348,2024-06-20 14:00:00,2654,1,10
CALL0001751,+919616027348,+919616027348,2024-11-04 06:00:00,9682,0,13
CALL0001752,+919616027348,+919616027348,2024-06-16 22:00:00,2544,1,4
CALL0001753,+919616027348,+919616027348,2024-04-13 21:00:00,6417,1,15
CALL0001754,+919616027348,+919616027348,2024-01-24 08:00:00,782,0,7
CALL0001755,+919616027348,+919616027348,2024-02-09 20:00:00,10455,1,7
CALL0001756,+919616027348,+919616027348,2024-07-22 14:00:00,2786,0,13
CALL0001757,+919616027348,+919616027348,2024-02-29 15:00:00,766,1,11
CALL0001758,+919616027348,+919616027348,2024-04-28 03:00:00,7303,1,2
CALL0001759,+919616027348,+919616027348,2024-08-09 10:00:00,466,1,13
CALL0001760,+919616027348,+919616027348,2024-01-23 09:00:00,2270,0,3
CALL0001761,+919616027348,+919616027348,2024-06-25 11:00:00,6135,1,5
CALL0001762,+919616027348,+919616027348,2024-03-16 02:00:00,1588,1,13
CALL0001763,+919616027348,+919616027348,2024-01-16 09:00:00,7319,1,3
CALL0001764,+918684881664,+919562343245,2024-02-25 14:00:00,2992,1,4
CALL0001765,+919562343245,+918684881664,2024-08-30 19:00:00,1430,1,13
CALL0001766,+919562343245,+918684881664,2024-01-03 08:00:00,10450,0,9
CALL0001767,+918684881664,+919562343245,2024-09-19 20:00:00,4860,1,11
CALL0001768,+919562343245,+917392690394,2024-12-03 02:00:00,854,1,15
CALL0001769,+917215505097,+917215505097,2024-07-19 15:00:00,9564,1,13
CALL0001770,+917215505097,+917215505097,2024-11-23 20:00:00,9646,0,2
CALL0001771,+917215505097,+917215505097,2024-10-03 17:00:00,2132,1,8
CALL0001772,+917215505097,+917215505097,2024-04-17 21:00:00,1885,0,9
CALL0001773,+917215505097,+917215505097,2024-07-30 23:00:00,8514,1,15
CALL0001774,+917215505097,+917215505097,2024-07-11 14:00:00,9007,1,3
CALL0001775,+919487926508,+917215505097,2024-10-08 20:00:00,2953,1,5
CALL0001776,+918478602830,+918478602830,2024-02-10 01:00:00,3762,1,2
CALL0001777,+918478602830,+918478602830,2024-04-14 13:00:00,10539,1,12
CALL0001778,+918810319382,+918478602830,2024-10-17 11:00:00,3499,1,2
CALL0001779,+918478602830,+918478602830,2024-04-27 08:00:00,5638,1,2
CALL0001780,+917633789578,+918478602830,2024-09-24 19:00:00,2455,0,12
CALL0001781,+918478602830,+918478602830,2024-09-27 22:00:00,7705,0,15
CALL0001782,+918478602830,+918557864855,2024-09-25 16:00:00,3684,1,7
CALL0001783,+918478602830,+918478602830,2024-10-08 18:00:00,5986,0,12
CALL0001784,+918478602830,+918810319382,2024-03-10 09:00:00,8519,0,12
CALL0001785,+918557864855,+918478602830,2024-05-13 00:00:00,10197,1,7
CALL0001786,+918478602830,+918478602830,2024-05-22 06:00:00,5924,1,8
CALL0001787,+918810319382,+918478602830,2024-04-21 10:00:00,7365,1,6
CALL0001788,+918557864855,+918810319382,2024-06-18 03:00:00,2964,0,4
CALL0001789,+918557864855,+917633789578,2024-11-27 18:00:00,3847,1,7
CALL0001790,+918478602830,+918478602830,2024-09-19 23:00:00,7800,0,12
CALL0001791,+917633789578,+918478602830,2024-11-10 13:00:00,8696,0,6
CALL0001792,+918557864855,+918478602830,2024-08-13 17:00:00,9871,1,8
CALL0001793,+918810319382,+917633789578,2024-05-16 15:00:00,10132,1,4
CALL0001794,+918478602830,+917633789578,2024-11-30 09:00:00,8256,1,7
CALL0001795,+918478602830,+918557864855,2024-04-02 04:00:00,1359,1,7
CALL0001796,+917633789578,+918478602830,2024-02-17 14:00:00,1616,1,12
CALL0001797,+918478602830,+918557864855,2024-12-08 04:00:00,3648,0,14
CALL0001798,+918478602830,+918810319382,2024-12-01 12:00:00,8365,1,9
CALL0001799,+918478602830,+918478602830,2024-12-08 23:00:00,10479,1,4
CALL0001800,+918557864855,+918478602830,2024-09-23 23:00:00,6225,1,8
CALL0001801,+918478602830,+918478602830,2024-03-19 21:00:00,6913,1,8
CALL0001802,+918557864855,+918478602830,2024-01-24 15:00:00,2280,1,13
CALL0001803,+918958892626,+918958892626,2024-09-29 23:00:00,9276,1,4
CALL0001804,+919601766249,+919613182331,2024-10-03 22:00:00,9577,0,15
CALL0001805,+919601766249,+919601766249,2024-01-04 09:00:00,5371,1,5
CALL0001806,+918958892626,+919601766249,2024-04-25 15:00:00,6756,1,2
CALL0001807,+918958892626,+919613182331,2024-09-20 02:00:00,3498,1,5
CALL0001808,+919613182331,+919601766249,2024-02-01 18:00:00,4961,0,8
CALL0001809,+918958892626,+919601766249,2024-09-21 22:00:00,2293,0,6
CALL0001810,+918958892626,+919613182331,2024-03-11 00:00:00,480,0,4
CALL0001811,+918958892626,+918958892626,2024-08-23 20:00:00,5165,1,6
CALL0001812,+918958892626,+918958892626,2024-02-19 09:00:00,3817,0,3
CALL0001813,+919601766249,+919601766249,2024-01-28 01:00:00,1764,0,4
CALL0001814,+919230565060,+919230565060,2024-05-13 04:00:00,6356,0,15
CALL0001815,+919230565060,+919230565060,2024-06-27 11:00:00,3929,1,5
CALL0001816,+919230565060,+919230565060,2024-10-01 12:00:00,1767,1,3
CALL0001817,+919230565060,+919230565060,2024-06-24 05:00:00,6229,0,3
CALL0001818,+917110831877,+918215748101,2024-11-01 15:00:00,1790,0,9
CALL0001819,+917110831877,+917110831877,2024-12-19 07:00:00,6974,0,6
CALL0001820,+917110831877,+917110831877,2024-10-08 15:00:00,634,1,12
CALL0001821,+917110831877,+918215748101,2024-11-20 23:00:00,1194,1,13
CALL0001822,+917110831877,+918215748101,2024-03-02 15:00:00,4609,0,2
CALL0001823,+917110831877,+917110831877,2024-07-23 13:00:00,1183,0,9
CALL0001824,+917110831877,+918215748101,2024-01-14 04:00:00,8549,0,9
CALL0001825,+918215748101,+917110831877,2024-07-24 03:00:00,10607,1,6
CALL0001826,+917110831877,+917110831877,2024-08-07 00:00:00,931,1,4
CALL0001827,+917110831877,+918215748101,2024-06-27 18:00:00,6439,1,4
CALL0001828,+917110831877,+917110831877,2024-05-06 00:00:00,3354,0,6
CALL0001829,+919402108313,+919402108313,2024-12-03 04:00:00,8877,1,14
CALL0001830,+919402108313,+919402108313,2024-06-03 17:00:00,9147,0,4
CALL0001831,+919402108313,+919402108313,2024-06-18 05:00:00,7228,0,10
CALL0001832,+919402108313,+919402108313,2024-11-12 16:00:00,4562,1,6
CALL0001833,+918930086204,+919402108313,2024-03-29 22:00:00,2334,0,7
CALL0001834,+919402108313,+919402108313,2024-05-19 22:00:00,2868,1,12
CALL0001835,+919369679334,+918930086204,2024-01-25 20:00:00,9836,0,12
CALL0001836,+919402108313,+919402108313,2024-12-15 20:00:00,8976,1,14
CALL0001837,+919402108313,+919402108313,2024-01-11 05:00:00,954,0,15
CALL0001838,+919402108313,+919402108313,2024-12-15 00:00:00,9559,0,11
CALL0001839,+919369679334,+919402108313,2024-04-29 11:00:00,367,1,7
CALL0001840,+919369679334,+919402108313,2024-07-21 06:00:00,3161,0,7
CALL0001841,+919402108313,+919402108313,2024-04-12 13:00:00,2951,0,11
CALL0001842,+918930086204,+919402108313,2024-04-29 19:00:00,1060,0,9
CALL0001843,+919402108313,+918930086204,2024-08-22 14:00:00,10611,1,5
CALL0001844,+919402108313,+919402108313,2024-04-04 19:00:00,9751,0,13
CALL0001845,+919402108313,+919402108313,2024-12-13 00:00:00,1456,1,15
CALL0001846,+919402108313,+919402108313,2024-10-30 23:00:00,6252,1,15
CALL0001847,+919402108313,+919402108313,2024-01-11 15:00:00,1710,0,6
CALL0001848,+919402108313,+918930086204,2024-11-12 17:00:00,2512,0,3
CALL0001849,+919402108313,+919402108313,2024-07-05 10:00:00,4027,0,2
CALL0001850,+919402108313,+919402108313,2024-05-13 06:00:00,1753,1,10
CALL0001851,+919369679334,+919402108313,2024-10-04 15:00:00,7717,1,14
CALL0001852,+919402108313,+918930086204,2024-12-13 13:00:00,10595,0,15
CALL0001853,+919369679334,+919402108313,2024-04-30 23:00:00,1712,0,9
CALL0001854,+919402108313,+919402108313,2024-02-12 09:00:00,7607,0,9
CALL0001855,+917048048736,+917048048736,2024-08-06 19:00:00,8985,1,2
CALL0001856,+917048048736,+917048048736,2024-07-04 03:00:00,2213,1,7
CALL0001857,+917048048736,+917048048736,2024-10-25 19:00:00,9819,0,4
CALL0001858,+917048048736,+917048048736,2024-03-29 04:00:00,3756,0,14
CALL0001859,+917048048736,+917048048736,2024-04-13 04:00:00,839,1,6
CALL0001860,+917048048736,+917048048736,2024-12-07 16:00:00,7445,0,11
CALL0001861,+917048048736,+917048048736,2024-12-06 07:00:00,9865,0,11
CALL0001862,+917048048736,+917048048736,2024-07-11 03:00:00,4042,0,10
CALL0001863,+917048048736,+917048048736,2024-05-28 18:00:00,6066,0,6
CALL0001864,+917048048736,+917048048736,2024-03-06 12:00:00,7154,1,11
CALL0001865,+917048048736,+917048048736,2024-05-04 14:00:00,412,0,4
CALL0001866,+917048048736,+917048048736,2024-03-13 18:00:00,6902,0,15
CALL0001867,+917048048736,+917048048736,2024-09-04 22:00:00,6735,1,4
CALL0001868,+917048048736,+917048048736,2024-03-19 06:00:00,2653,1,14
CALL0001869,+917048048736,+917048048736,2024-03-25 15:00:00,5314,0,10
CALL0001870,+917048048736,+917048048736,2024-06-07 18:00:00,8641,0,9
CALL0001871,+918016837157,+917689480735,2024-04-26 11:00:00,341,1,14
CALL0001872,+917689480735,+917689480735,2024-10-01 03:00:00,1079,0,12
CALL0001873,+917689480735,+917689480735,2024-12-27 01:00:00,5996,0,14
CALL0001874,+917689480735,+917689480735,2024-04-27 10:00:00,4540,1,2
CALL0001875,+917689480735,+917689480735,2024-01-06 23:00:00,3295,1,7
CALL0001876,+917689480735,+918016837157,2024-11-27 04:00:00,4846,1,3
CALL0001877,+917689480735,+917689480735,2024-02-09 04:00:00,6355,1,14
CALL0001878,+917689480735,+917689480735,2024-05-06 06:00:00,1213,1,6
CALL0001879,+917689480735,+917689480735,2024-12-11 10:00:00,7464,1,2
CALL0001880,+918016837157,+917689480735,2024-05-12 16:00:00,5619,0,9
CALL0001881,+917689480735,+917689480735,2024-07-14 23:00:00,5451,0,8
CALL0001882,+917689480735,+918016837157,2024-12-10 05:00:00,5117,0,2
CALL0001883,+917689480735,+917689480735,2024-10-03 02:00:00,7535,0,10
CALL0001884,+917689480735,+918016837157,2024-06-07 20:00:00,9481,1,15
CALL0001885,+917689480735,+917689480735,2024-06-21 03:00:00,6789,1,4
CALL0001886,+917689480735,+917689480735,2024-10-18 18:00:00,10208,1,4
CALL0001887,+917689480735,+917689480735,2024-02-28 21:00:00,3113,1,10
CALL0001888,+917689480735,+917689480735,2024-08-18 00:00:00,9798,0,2
CALL0001889,+918556633464,+918556633464,2024-04-10 12:00:00,10280,1,10
CALL0001890,+918556633464,+918042552288,2024-08-08 23:00:00,9253,0,11
CALL0001891,+918042552288,+918556633464,2024-01-24 01:00:00,6557,0,13
CALL0001892,+918556633464,+918556633464,2024-07-05 01:00:00,8559,1,5
CALL0001893,+918556633464,+918556633464,2024-02-27 15:00:00,8895,1,10
CALL0001894,+918556633464,+918042552288,2024-10-08 09:00:00,2587,1,4
CALL0001895,+918556633464,+918556633464,2024-11-06 07:00:00,4081,1,8
CALL0001896,+918556633464,+918042552288,2024-02-08 19:00:00,4127,1,14
CALL0001897,+918556633464,+918556633464,2024-04-04 07:00:00,1160,1,3
CALL0001898,+918556633464,+918556633464,2024-04-02 11:00:00,2505,1,13
CALL0001899,+918556633464,+918556633464,2024-03-31 16:00:00,4576,0,4
CALL0001900,+918556633464,+918556633464,2024-04-27 20:00:00,7715,0,14
CALL0001901,+918042552288,+918556633464,2024-06-02 14:00:00,9812,1,5
CALL0001902,+918042552288,+918556633464,2024-03-13 23:00:00,9517,1,3
CALL0001903,+918042552288,+918556633464,2024-04-08 22:00:00,7020,0,12
CALL0001904,+918556633464,+918556633464,2024-05-22 03:00:00,4277,1,7
CALL0001905,+918556633464,+918556633464,2024-04-22 14:00:00,5532,0,7
CALL0001906,+918556633464,+918556633464,2024-10-28 03:00:00,1256,0,2
CALL0001907,+918556633464,+918556633464,2024-11-23 18:00:00,7893,1,6
CALL0001908,+918556633464,+918556633464,2024-01-27 13:00:00,7951,1,11
CALL0001909,+918556633464,+918556633464,2024-11-17 05:00:00,10787,0,2
CALL0001910,+918042552288,+918556633464,2024-11-30 23:00:00,8496,1,5
CALL0001911,+918556633464,+918556633464,2024-04-05 04:00:00,10348,1,15
CALL0001912,+918556633464,+918556633464,2024-09-18 08:00:00,8371,1,13
CALL0001913,+918556633464,+918556633464,2024-12-21 12:00:00,927,0,15
CALL0001914,+918556633464,+918556633464,2024-08-14 21:00:00,5340,0,3
CALL0001915,+918556633464,+918556633464,2024-03-16 09:00:00,4092,1,8
CALL0001916,+918556633464,+918556633464,2024-10-20 17:00:00,4092,1,9
CALL0001917,+918556633464,+918556633464,2024-05-06 16:00:00,8140,1,12
CALL0001918,+918556633464,+918556633464,2024-08-05 11:00:00,10198,1,5
CALL0001919,+918042552288,+918556633464,2024-09-23 08:00:00,9566,0,8
CALL0001920,+918556633464,+918556633464,2024-05-01 16:00:00,8131,1,13
CALL0001921,+917599614542,+917599614542,2024-11-24 18:00:00,3675,0,9
CALL0001922,+918852383853,+917599614542,2024-07-23 09:00:00,5467,1,4
CALL0001923,+917599614542,+917599614542,2024-11-03 06:00:00,1161,1,2
CALL0001924,+917402150537,+917599614542,2024-08-06 04:00:00,3600,1,6
CALL0001925,+917599614542,+917599614542,2024-04-23 18:00:00,6167,1,7
CALL0001926,+917599614542,+917599614542,2024-12-04 23:00:00,10621,1,15
CALL0001927,+917599614542,+917599614542,2024-09-05 03:00:00,9730,1,15
CALL0001928,+917599614542,+917599614542,2024-06-04 02:00:00,10227,1,15
CALL0001929,+917599614542,+917599614542,2024-08-31 12:00:00,2813,1,15
CALL0001930,+917402150537,+917599614542,2024-04-09 05:00:00,10167,1,8
CALL0001931,+917599614542,+917402150537,2024-12-24 00:00:00,2576,1,5
CALL0001932,+917599614542,+917599614542,2024-12-27 18:00:00,1417,0,7
CALL0001933,+917599614542,+917599614542,2024-02-18 13:00:00,5540,0,4
CALL0001934,+918852383853,+917599614542,2024-03-01 08:00:00,5764,0,14
CALL0001935,+917599614542,+918852383853,2024-02-28 00:00:00,6068,0,11
CALL0001936,+917599614542,+917599614542,2024-10-19 07:00:00,4802,1,5
CALL0001937,+918852383853,+917599614542,2024-06-14 12:00:00,5050,0,15
CALL0001938,+917599614542,+917402150537,2024-07-28 20:00:00,1319,1,13
CALL0001939,+919249596568,+917921680346,2024-04-27 04:00:00,303,1,3
CALL0001940,+919249596568,+919404317306,2024-10-24 00:00:00,2088,1,13
CALL0001941,+919249596568,+919404317306,2024-10-11 05:00:00,1658,0,4
CALL0001942,+919249596568,+917921680346,2024-05-25 20:00:00,6833,1,7
CALL0001943,+919249596568,+919404317306,2024-11-28 07:00:00,10515,0,14
CALL0001944,+917921680346,+919404317306,2024-05-15 13:00:00,5680,0,13
CALL0001945,+919249596568,+919992144736,2024-05-28 17:00:00,3128,1,14
CALL0001946,+919249596568,+919992144736,2024-06-11 06:00:00,4832,1,10
CALL0001947,+919992144736,+919249596568,2024-06-17 03:00:00,3761,0,9
CALL0001948,+919249596568,+919249596568,2024-09-21 20:00:00,8102,1,15
CALL0001949,+919249596568,+919249596568,2024-08-29 05:00:00,9048,1,15
CALL0001950,+917835509134,+918216999131,2024-05-07 09:00:00,4036,0,11
CALL0001951,+917835509134,+917835509134,2024-12-06 12:00:00,3304,0,14
CALL0001952,+918216999131,+917835509134,2024-05-19 11:00:00,7261,0,10
CALL0001953,+917835509134,+917835509134,2024-07-26 05:00:00,6351,0,7
CALL0001954,+917048048736,+917048048736,2024-07-04 14:00:00,4493,1,11
CALL0001955,+917048048736,+917048048736,2024-11-07 18:00:00,6668,1,14
CALL0001956,+917048048736,+918246866817,2024-03-21 16:00:00,5940,0,4
CALL0001957,+917048048736,+917048048736,2024-06-21 02:00:00,2982,0,15
CALL0001958,+917048048736,+917048048736,2024-06-28 03:00:00,625,1,15
CALL0001959,+917048048736,+917048048736,2024-03-11 13:00:00,9978,0,4
CALL0001960,+917048048736,+917048048736,2024-08-15 20:00:00,748,0,9
CALL0001961,+917048048736,+917048048736,2024-04-28 01:00:00,8295,1,7
CALL0001962,+917048048736,+917048048736,2024-06-25 15:00:00,567,1,7
CALL0001963,+917048048736,+917048048736,2024-08-28 03:00:00,1729,0,10
CALL0001964,+917048048736,+917048048736,2024-04-22 23:00:00,6911,0,9
CALL0001965,+917048048736,+918246866817,2024-04-27 05:00:00,6425,1,11
CALL0001966,+917048048736,+917048048736,2024-12-18 21:00:00,2626,0,15
CALL0001967,+917048048736,+917048048736,2024-10-24 02:00:00,4624,0,2
CALL0001968,+917048048736,+917048048736,2024-06-08 07:00:00,371,1,6
CALL0001969,+917048048736,+917048048736,2024-02-25 23:00:00,3007,0,5
CALL0001970,+918246866817,+917048048736,2024-07-24 03:00:00,6359,1,12
CALL0001971,+918040610012,+917669193338,2024-09-13 04:00:00,9933,0,7
CALL0001972,+917669193338,+917826752253,2024-03-15 12:00:00,7306,1,3
CALL0001973,+917826752253,+918040610012,2024-07-10 03:00:00,10315,1,9
CALL0001974,+917826752253,+917669193338,2024-08-31 15:00:00,10115,1,15
CALL0001975,+917826752253,+917669193338,2024-01-24 08:00:00,6812,1,8
CALL0001976,+918252445723,+918752676840,2024-07-07 08:00:00,5332,0,2
CALL0001977,+918252445723,+918252445723,2024-01-26 22:00:00,2442,1,10
CALL0001978,+918252445723,+918252445723,2024-01-28 07:00:00,6213,1,14
CALL0001979,+917738059891,+918252445723,2024-08-25 22:00:00,5907,1,3
CALL0001980,+918252445723,+917738059891,2024-12-18 22:00:00,8135,1,13
CALL0001981,+918252445723,+918252445723,2024-10-26 15:00:00,10162,1,10
CALL0001982,+918252445723,+918252445723,2024-01-27 23:00:00,4772,1,6
CALL0001983,+917738059891,+918252445723,2024-06-24 12:00:00,550,0,4
CALL0001984,+918252445723,+917738059891,2024-04-19 09:00:00,10141,1,4
CALL0001985,+918252445723,+918252445723,2024-03-11 23:00:00,5928,0,9
CALL0001986,+919487926508,+919487926508,2024-11-12 21:00:00,2157,1,5
CALL0001987,+919487926508,+919487926508,2024-10-21 13:00:00,7938,1,6
CALL0001988,+919487926508,+919487926508,2024-01-13 18:00:00,6682,0,10
CALL0001989,+919487926508,+919487926508,2024-12-05 08:00:00,3144,0,11
CALL0001990,+919487926508,+919487926508,2024-01-03 16:00:00,843,0,15
CALL0001991,+919487926508,+919487926508,2024-09-28 12:00:00,6385,0,11
CALL0001992,+919487926508,+919487926508,2024-07-24 05:00:00,663,1,12
CALL0001993,+919853696958,+918465577335,2024-06-18 15:00:00,1118,0,8
CALL0001994,+918465577335,+917129068493,2024-11-16 13:00:00,4597,0,2
CALL0001995,+919853696958,+919853696958,2024-11-21 11:00:00,2084,0,6
CALL0001996,+919853696958,+919853696958,2024-05-12 00:00:00,10302,1,7
CALL0001997,+918465577335,+918465577335,2024-03-26 17:00:00,7942,1,15
CALL0001998,+919853696958,+918465577335,2024-12-09 12:00:00,7130,0,4
CALL0001999,+918465577335,+918465577335,2024-09-06 08:00:00,1909,1,5
CALL0002000,+918465577335,+918465577335,2024-01-14 22:00:00,10625,0,13
CALL0002001,+919853696958,+918465577335,2024-12-11 23:00:00,3784,1,9
CALL0002002,+918465577335,+919853696958,2024-06-23 05:00:00,508,0,4
CALL0002003,+917129068493,+918465577335,2024-09-08 06:00:00,3228,1,10
CALL0002004,+919853696958,+918465577335,2024-06-05 07:00:00,10093,1,7
CALL0002005,+919853696958,+917129068493,2024-12-12 19:00:00,447,1,14
CALL0002006,+917129068493,+918465577335,2024-09-22 11:00:00,6016,1,11
CALL0002007,+917129068493,+918465577335,2024-10-06 08:00:00,6835,1,15
CALL0002008,+919541169505,+917516746717,2024-04-07 21:00:00,10635,1,2
CALL0002009,+917516746717,+919541169505,2024-06-13 04:00:00,5328,0,12
CALL0002010,+917128138192,+919541169505,2024-05-05 09:00:00,4834,1,12
CALL0002011,+917128138192,+917516746717,2024-06-06 21:00:00,10068,0,14
CALL0002012,+917128138192,+919541169505,2024-05-12 07:00:00,3168,0,14
CALL0002013,+917516746717,+919541169505,2024-09-12 19:00:00,6400,1,5
CALL0002014,+919541169505,+917128138192,2024-11-11 12:00:00,8623,0,9
CALL0002015,+917128138192,+917516746717,2024-10-06 21:00:00,4146,0,2
CALL0002016,+918551761119,+918551761119,2024-10-23 17:00:00,5389,0,10
CALL0002017,+918551761119,+918551761119,2024-11-11 10:00:00,6615,1,7
CALL0002018,+918551761119,+917761005844,2024-01-07 23:00:00,417,0,2
CALL0002019,+917761005844,+918551761119,2024-03-01 21:00:00,10569,1,7
CALL0002020,+919402108313,+917048048736,2024-08-02 14:00:00,10551,0,3
CALL0002021,+918551761119,+918551761119,2024-10-01 15:00:00,1274,0,5
CALL0002022,+918551761119,+918551761119,2024-03-30 08:00:00,2767,1,7
CALL0002023,+918551761119,+919402108313,2024-11-24 17:00:00,5989,1,7
CALL0002024,+918551761119,+917048048736,2024-05-03 21:00:00,2503,0,15
CALL0002025,+918551761119,+918551761119,2024-07-19 23:00:00,5402,0,9
CALL0002026,+917048048736,+918551761119,2024-09-29 00:00:00,6773,1,10
CALL0002027,+918551761119,+919402108313,2024-04-27 13:00:00,6726,1,12
CALL0002028,+918551761119,+918551761119,2024-11-11 11:00:00,10405,1,5
CALL0002029,+917048048736,+918551761119,2024-12-01 12:00:00,6818,1,13
CALL0002030,+918551761119,+918551761119,2024-01-09 01:00:00,1476,0,15
CALL0002031,+918551761119,+919402108313,2024-08-03 05:00:00,6309,1,7
CALL0002032,+918551761119,+918551761119,2024-05-06 19:00:00,6914,1,8
CALL0002033,+918551761119,+918551761119,2024-12-13 08:00:00,4928,1,2
CALL0002034,+918551761119,+918551761119,2024-01-31 03:00:00,4419,1,4
CALL0002035,+918551761119,+919402108313,2024-01-24 04:00:00,5235,0,8
CALL0002036,+918551761119,+918551761119,2024-10-13 07:00:00,9900,1,10
CALL0002037,+918551761119,+918551761119,2024-04-26 14:00:00,7887,1,2
CALL0002038,+918551761119,+918551761119,2024-02-27 07:00:00,874,1,14
CALL0002039,+918551761119,+918551761119,2024-04-10 06:00:00,9799,0,4
CALL0002040,+917761005844,+918551761119,2024-02-23 17:00:00,6114,1,13
CALL0002041,+917016757793,+918306160847,2024-09-17 01:00:00,10377,0,4
CALL0002042,+919568438810,+919568438810,2024-06-13 12:00:00,10139,0,13
CALL0002043,+919568438810,+919568438810,2024-05-26 14:00:00,10389,1,6
CALL0002044,+918306160847,+919568438810,2024-05-17 12:00:00,8485,1,13
CALL0002045,+917016757793,+919568438810,2024-10-28 11:00:00,5812,1,15
CALL0002046,+918306160847,+917016757793,2024-05-17 18:00:00,7623,1,8
CALL0002047,+917016757793,+918306160847,2024-01-20 07:00:00,10389,1,9
CALL0002048,+919568438810,+919568438810,2024-10-13 06:00:00,6304,1,6
CALL0002049,+918926615114,+918926615114,2024-11-03 17:00:00,2533,1,15
CALL0002050,+919356568586,+919834309220,2024-11-17 12:00:00,7164,1,7
CALL0002051,+919356568586,+919356568586,2024-12-21 02:00:00,7033,1,6
CALL0002052,+919356568586,+918926615114,2024-11-15 18:00:00,4912,0,7
CALL0002053,+919356568586,+918926615114,2024-09-10 21:00:00,829,0,3
CALL0002054,+919356568586,+919356568586,2024-01-20 12:00:00,7795,0,11
CALL0002055,+919356568586,+919356568586,2024-10-18 03:00:00,4786,0,9
CALL0002056,+919356568586,+919356568586,2024-02-17 17:00:00,6227,1,7
CALL0002057,+919356568586,+919834309220,2024-11-29 08:00:00,9699,0,3
CALL0002058,+919356568586,+918926615114,2024-11-12 07:00:00,1859,1,8
CALL0002059,+919356568586,+918926615114,2024-11-20 01:00:00,4654,0,3
CALL0002060,+919607227848,+919160924250,2024-04-11 20:00:00,7500,1,2
CALL0002061,+919160924250,+919160924250,2024-12-23 12:00:00,4596,1,14
CALL0002062,+919607227848,+919160924250,2024-06-17 19:00:00,9571,1,12
CALL0002063,+919160924250,+919160924250,2024-09-12 18:00:00,7676,1,12
CALL0002064,+919160924250,+919160924250,2024-09-16 01:00:00,2280,0,11
CALL0002065,+919160924250,+919607227848,2024-12-07 12:00:00,4547,1,5
CALL0002066,+919160924250,+919607227848,2024-03-08 22:00:00,8332,0,10
CALL0002067,+919160924250,+919160924250,2024-12-19 16:00:00,1753,0,9
CALL0002068,+917160544684,+918280299925,2024-09-22 20:00:00,6327,0,8
CALL0002069,+917160544684,+918280299925,2024-02-20 14:00:00,10535,0,4
CALL0002070,+918921804609,+917160544684,2024-07-10 16:00:00,821,0,12
CALL0002071,+918921804609,+917160544684,2024-11-26 14:00:00,6023,0,14
CALL0002072,+918280299925,+918921804609,2024-11-06 07:00:00,8007,0,7
CALL0002073,+917048048736,+917048048736,2024-05-09 13:00:00,3580,0,14
CALL0002074,+917048048736,+917048048736,2024-07-16 08:00:00,1292,1,13
CALL0002075,+917048048736,+917048048736,2024-04-03 01:00:00,5477,0,15
CALL0002076,+917048048736,+917048048736,2024-03-23 00:00:00,5598,1,7
CALL0002077,+917048048736,+917048048736,2024-07-18 13:00:00,6779,1,6
CALL0002078,+917048048736,+917048048736,2024-07-23 14:00:00,7489,1,12
CALL0002079,+917048048736,+917048048736,2024-03-31 16:00:00,5474,0,8
CALL0002080,+917048048736,+917048048736,2024-07-31 04:00:00,2642,0,14
CALL0002081,+917048048736,+917048048736,2024-12-28 02:00:00,7505,0,15
CALL0002082,+917048048736,+917048048736,2024-02-18 05:00:00,9667,0,2
CALL0002083,+917048048736,+917048048736,2024-07-24 22:00:00,1603,0,9
CALL0002084,+917048048736,+917048048736,2024-12-04 21:00:00,1319,1,13
CALL0002085,+917048048736,+917048048736,2024-05-05 06:00:00,5507,0,3
CALL0002086,+917048048736,+917048048736,2024-04-21 10:00:00,1227,0,4
CALL0002087,+917048048736,+917048048736,2024-01-30 23:00:00,8312,1,10
CALL0002088,+917048048736,+917048048736,2024-08-09 01:00:00,1018,1,9
CALL0002089,+917048048736,+917048048736,2024-08-14 06:00:00,9721,0,2
CALL0002090,+917048048736,+917048048736,2024-06-09 17:00:00,7943,0,9
CALL0002091,+917048048736,+917048048736,2024-04-24 16:00:00,4345,0,15
CALL0002092,+917048048736,+917048048736,2024-12-20 10:00:00,9232,0,11
CALL0002093,+919356568586,+919356568586,2024-03-29 05:00:00,10481,1,3
CALL0002094,+919356568586,+919356568586,2024-10-07 13:00:00,447,1,3
CALL0002095,+919356568586,+919356568586,2024-12-22 12:00:00,8368,0,10
CALL0002096,+919356568586,+917218774151,2024-01-30 11:00:00,9048,0,4
CALL0002097,+917218774151,+919356568586,2024-05-05 12:00:00,2974,1,9
CALL0002098,+919356568586,+919356568586,2024-03-04 20:00:00,10109,0,11
CALL0002099,+919356568586,+919356568586,2024-10-25 20:00:00,10511,1,3
CALL0002100,+917218774151,+919356568586,2024-11-01 04:00:00,994,0,15
CALL0002101,+919968710674,+917218774151,2024-04-11 14:00:00,4290,1,12
CALL0002102,+919356568586,+919356568586,2024-03-26 17:00:00,9108,0,2
CALL0002103,+919356568586,+919968710674,2024-05-28 04:00:00,10122,0,3
CALL0002104,+919356568586,+919356568586,2024-03-02 12:00:00,7418,1,11
CALL0002105,+919356568586,+919356568586,2024-02-16 18:00:00,2160,0,7
CALL0002106,+919356568586,+917218774151,2024-10-18 17:00:00,5540,1,3
CALL0002107,+919356568586,+919356568586,2024-10-24 08:00:00,6162,0,3
CALL0002108,+919968710674,+919356568586,2024-04-08 03:00:00,5282,0,10
CALL0002109,+917218774151,+919968710674,2024-07-28 19:00:00,3070,0,10
CALL0002110,+917218774151,+919356568586,2024-07-26 00:00:00,5919,1,6
CALL0002111,+919356568586,+917971871008,2024-01-31 07:00:00,3605,0,10
CALL0002112,+919356568586,+919356568586,2024-07-30 06:00:00,9698,1,12
CALL0002113,+919968710674,+919356568586,2024-09-24 12:00:00,6527,0,11
CALL0002114,+917048048736,+919982737156,2024-03-21 10:00:00,8659,0,4
CALL0002115,+917048048736,+917048048736,2024-06-09 00:00:00,10426,0,15
CALL0002116,+919982737156,+917048048736,2024-08-29 04:00:00,6384,1,14
CALL0002117,+917048048736,+917048048736,2024-03-08 22:00:00,9436,0,11
CALL0002118,+917048048736,+917048048736,2024-08-10 00:00:00,844,1,14
CALL0002119,+917048048736,+917048048736,2024-12-10 06:00:00,2328,0,15
CALL0002120,+917048048736,+917048048736,2024-07-29 04:00:00,8300,1,15
CALL0002121,+917048048736,+917048048736,2024-12-17 00:00:00,5100,0,2
CALL0002122,+917048048736,+917048048736,2024-03-08 07:00:00,4144,0,8
CALL0002123,+917048048736,+917048048736,2024-05-15 15:00:00,3839,1,6
CALL0002124,+917048048736,+917048048736,2024-08-01 13:00:00,2503,1,12
CALL0002125,+917048048736,+919982737156,2024-09-20 10:00:00,7653,1,7
CALL0002126,+917048048736,+917048048736,2024-03-04 18:00:00,6676,0,7
CALL0002127,+917048048736,+917048048736,2024-07-11 21:00:00,390,0,15
CALL0002128,+917048048736,+917048048736,2024-11-27 16:00:00,2806,1,8
CALL0002129,+917048048736,+919982737156,2024-03-23 22:00:00,9232,1,6
CALL0002130,+917048048736,+917048048736,2024-11-20 05:00:00,9141,1,10
CALL0002131,+917048048736,+917048048736,2024-04-25 16:00:00,2407,1,8
CALL0002132,+917048048736,+917048048736,2024-11-05 16:00:00,9082,0,7
CALL0002133,+919982737156,+917048048736,2024-02-22 13:00:00,6361,1,2
CALL0002134,+917048048736,+917048048736,2024-02-02 17:00:00,862,1,14
CALL0002135,+917048048736,+919982737156,2024-06-01 14:00:00,10302,0,9
CALL0002136,+917048048736,+917048048736,2024-02-12 04:00:00,7345,1,2
CALL0002137,+917048048736,+917048048736,2024-01-02 15:00:00,6832,1,4
CALL0002138,+917048048736,+917048048736,2024-04-01 16:00:00,6742,1,12
CALL0002139,+917048048736,+917048048736,2024-01-05 10:00:00,4414,1,15
CALL0002140,+918556633464,+918556633464,2024-04-30 22:00:00,6588,1,7
CALL0002141,+918556633464,+918237733805,2024-09-17 10:00:00,7889,1,14
CALL0002142,+918556633464,+918556633464,2024-10-13 01:00:00,7857,0,11
CALL0002143,+918556633464,+918556633464,2024-09-04 15:00:00,10689,0,13
CALL0002144,+918556633464,+918556633464,2024-07-15 08:00:00,7626,0,4
CALL0002145,+918237733805,+918556633464,2024-12-02 18:00:00,6237,1,10
CALL0002146,+918556633464,+918556633464,2024-02-22 00:00:00,6982,0,15
CALL0002147,+918556633464,+918556633464,2024-08-15 00:00:00,7764,1,8
CALL0002148,+918556633464,+918556633464,2024-12-07 21:00:00,819,0,3
CALL0002149,+918556633464,+918556633464,2024-04-30 20:00:00,10601,1,8
CALL0002150,+918556633464,+918556633464,2024-04-13 02:00:00,4734,1,15
CALL0002151,+918556633464,+918556633464,2024-03-09 01:00:00,554,1,14
CALL0002152,+918237733805,+918556633464,2024-02-09 11:00:00,7577,0,7
CALL0002153,+918556633464,+918556633464,2024-07-31 18:00:00,8766,0,14
CALL0002154,+918556633464,+918556633464,2024-08-15 13:00:00,3224,0,7
CALL0002155,+918556633464,+918556633464,2024-03-06 11:00:00,8289,1,14
CALL0002156,+918556633464,+918556633464,2024-10-31 10:00:00,5289,0,14
CALL0002157,+917317980591,+917317980591,2024-07-22 10:00:00,10216,1,14
CALL0002158,+918494139544,+917317980591,2024-02-24 15:00:00,4303,0,3
CALL0002159,+917317980591,+917317980591,2024-01-01 17:00:00,10775,0,2
CALL0002160,+917317980591,+918494139544,2024-02-13 09:00:00,10198,0,13
CALL0002161,+917317980591,+917317980591,2024-04-17 01:00:00,10661,0,14
CALL0002162,+917317980591,+917317980591,2024-10-19 05:00:00,8898,1,11
CALL0002163,+918494139544,+917317980591,2024-06-18 03:00:00,10546,0,10
CALL0002164,+918494139544,+917317980591,2024-09-26 20:00:00,6825,1,10
CALL0002165,+917317980591,+917317980591,2024-07-27 12:00:00,10439,0,4
CALL0002166,+918494139544,+917317980591,2024-08-17 13:00:00,6974,1,7
CALL0002167,+917317980591,+917317980591,2024-09-03 15:00:00,5918,0,15
CALL0002168,+917317980591,+917317980591,2024-07-18 02:00:00,1726,1,7
CALL0002169,+919421953342,+919421953342,2024-12-08 20:00:00,8385,0,11
CALL0002170,+919301010058,+919421953342,2024-11-22 05:00:00,4732,1,4
CALL0002171,+919421953342,+917343912572,2024-10-25 02:00:00,8778,0,14
CALL0002172,+919421953342,+919301010058,2024-09-03 14:00:00,1219,1,7
CALL0002173,+919301010058,+919421953342,2024-01-15 01:00:00,2391,1,8
CALL0002174,+917343912572,+919421953342,2024-07-02 08:00:00,721,0,15
CALL0002175,+919421953342,+919301010058,2024-08-06 22:00:00,9996,0,9
CALL0002176,+919421953342,+919301010058,2024-11-20 04:00:00,1229,0,10
CALL0002177,+919421953342,+919301010058,2024-04-23 15:00:00,7842,0,9
CALL0002178,+918011061457,+917262228223,2024-07-17 18:00:00,4989,0,9
CALL0002179,+917262228223,+917157848758,2024-11-21 02:00:00,2519,1,5
CALL0002180,+917262228223,+917157848758,2024-08-17 03:00:00,8119,1,5
CALL0002181,+917157848758,+919964295306,2024-11-03 00:00:00,2733,1,5
CALL0002182,+917262228223,+917157848758,2024-11-24 15:00:00,3323,0,6
CALL0002183,+917157848758,+918011061457,2024-12-18 08:00:00,4718,1,9
CALL0002184,+917157848758,+919964295306,2024-04-02 12:00:00,8646,1,15
CALL0002185,+918011061457,+919964295306,2024-11-01 20:00:00,6630,1,12
CALL0002186,+917670185034,+917485819079,2024-04-20 04:00:00,3010,1,7
CALL0002187,+917115726687,+917670185034,2024-06-05 07:00:00,1277,0,13
CALL0002188,+917485819079,+917670185034,2024-06-08 23:00:00,8357,1,9
CALL0002189,+917485819079,+917670185034,2024-10-01 16:00:00,5167,0,8
CALL0002190,+917670185034,+917485819079,2024-12-25 14:00:00,9172,1,5
CALL0002191,+917670185034,+917670185034,2024-04-05 20:00:00,3924,1,12
CALL0002192,+917670185034,+917670185034,2024-06-30 19:00:00,7183,1,10
CALL0002193,+917670185034,+917670185034,2024-02-06 01:00:00,10318,0,7
CALL0002194,+917670185034,+917670185034,2024-10-28 18:00:00,5318,1,6
CALL0002195,+917670185034,+917485819079,2024-04-04 15:00:00,1244,1,4
CALL0002196,+917485819079,+917670185034,2024-06-09 04:00:00,7407,1,4
CALL0002197,+917670185034,+917670185034,2024-12-14 04:00:00,1470,1,5
CALL0002198,+917670185034,+917670185034,2024-03-16 00:00:00,4989,1,4
CALL0002199,+917670185034,+917485819079,2024-10-06 11:00:00,7233,1,4
CALL0002200,+917670185034,+917115726687,2024-07-26 05:00:00,921,1,15
CALL0002201,+917048048736,+917048048736,2024-04-09 13:00:00,8439,1,3
CALL0002202,+917048048736,+917048048736,2024-05-29 00:00:00,8431,1,10
CALL0002203,+917048048736,+917048048736,2024-01-12 11:00:00,10238,0,11
CALL0002204,+917048048736,+917048048736,2024-09-01 18:00:00,5928,1,13
CALL0002205,+917048048736,+917048048736,2024-07-08 10:00:00,10459,0,3
CALL0002206,+917048048736,+917048048736,2024-04-26 11:00:00,10401,1,11
CALL0002207,+917048048736,+917048048736,2024-10-19 02:00:00,443,0,12
CALL0002208,+917048048736,+917048048736,2024-08-24 19:00:00,756,0,15
CALL0002209,+917048048736,+917048048736,2024-05-03 01:00:00,6384,0,6
CALL0002210,+917048048736,+917048048736,2024-08-26 10:00:00,1358,0,4
CALL0002211,+917048048736,+917048048736,2024-09-23 01:00:00,5723,0,5
CALL0002212,+917048048736,+917048048736,2024-05-17 01:00:00,10301,1,13
CALL0002213,+917048048736,+917048048736,2024-09-26 23:00:00,369,1,3
CALL0002214,+917048048736,+917048048736,2024-05-21 07:00:00,1844,0,11
CALL0002215,+917048048736,+917048048736,2024-03-12 06:00:00,7303,0,5
CALL0002216,+917048048736,+917048048736,2024-06-16 06:00:00,3929,1,10
CALL0002217,+917048048736,+917048048736,2024-04-11 16:00:00,5010,1,10
CALL0002218,+917048048736,+917048048736,2024-08-20 03:00:00,1543,0,6
CALL0002219,+918005186805,+918005186805,2024-09-19 12:00:00,5903,1,11
CALL0002220,+917404901248,+918005186805,2024-04-05 19:00:00,690,1,15
CALL0002221,+918005186805,+918005186805,2024-11-24 09:00:00,6399,0,7
CALL0002222,+918005186805,+918005186805,2024-07-10 14:00:00,7122,1,9
CALL0002223,+917499598531,+919735666571,2024-03-18 14:00:00,1962,0,12
CALL0002224,+917499598531,+917499598531,2024-03-30 20:00:00,1394,0,13
CALL0002225,+917499598531,+918049866901,2024-09-08 20:00:00,4613,0,15
CALL0002226,+917499598531,+917499598531,2024-04-07 11:00:00,8334,0,15
CALL0002227,+917499598531,+917499598531,2024-03-21 09:00:00,7624,1,10
CALL0002228,+919735666571,+917499598531,2024-02-16 21:00:00,7876,1,13
CALL0002229,+917499598531,+917499598531,2024-12-09 13:00:00,3892,1,11
CALL0002230,+917499598531,+919735666571,2024-01-06 20:00:00,1430,1,10
CALL0002231,+918049866901,+917499598531,2024-02-08 17:00:00,6732,1,10
CALL0002232,+917499598531,+917499598531,2024-04-27 01:00:00,5697,1,15
CALL0002233,+919735666571,+917499598531,2024-10-30 10:00:00,3181,1,6
CALL0002234,+917499598531,+917499598531,2024-10-11 16:00:00,7806,1,6
CALL0002235,+917499598531,+917499598531,2024-09-13 16:00:00,10119,0,11
CALL0002236,+917499598531,+917499598531,2024-08-17 01:00:00,2756,0,6
CALL0002237,+918049866901,+919735666571,2024-12-02 22:00:00,3772,1,7
CALL0002238,+918049866901,+917499598531,2024-01-07 05:00:00,7369,0,8
CALL0002239,+917499598531,+917499598531,2024-06-16 11:00:00,6104,0,3
CALL0002240,+919735666571,+919735666571,2024-04-08 21:00:00,2929,0,5
CALL0002241,+917499598531,+917499598531,2024-08-19 20:00:00,10298,0,2
CALL0002242,+918016474186,+918965223865,2024-10-27 11:00:00,6954,0,6
CALL0002243,+918016474186,+918965223865,2024-06-21 12:00:00,5023,1,6
CALL0002244,+918965223865,+918965223865,2024-08-02 04:00:00,9660,1,7
CALL0002245,+918965223865,+918786567485,2024-09-02 08:00:00,6622,0,13
CALL0002246,+919216211227,+918965223865,2024-11-28 07:00:00,823,0,15
CALL0002247,+918965223865,+919216211227,2024-01-31 12:00:00,3091,0,9
CALL0002248,+918016474186,+918965223865,2024-05-29 14:00:00,439,1,11
CALL0002249,+918965223865,+918965223865,2024-08-23 13:00:00,1480,1,8
CALL0002250,+918965223865,+918786567485,2024-07-07 04:00:00,7897,0,11
CALL0002251,+918965223865,+918016474186,2024-06-22 16:00:00,1542,0,5
CALL0002252,+918786567485,+918965223865,2024-11-21 07:00:00,5751,1,14
CALL0002253,+918965223865,+918965223865,2024-11-04 18:00:00,10491,0,15
CALL0002254,+918016474186,+918965223865,2024-04-15 03:00:00,9878,0,13
CALL0002255,+919216211227,+918016474186,2024-10-04 07:00:00,9608,0,4
CALL0002256,+918016474186,+918786567485,2024-02-15 04:00:00,1358,0,12
CALL0002257,+918965223865,+919216211227,2024-06-26 07:00:00,5545,1,13
CALL0002258,+918965223865,+918965223865,2024-11-03 00:00:00,9751,0,6
CALL0002259,+918965223865,+918016474186,2024-02-18 17:00:00,6536,1,3
CALL0002260,+919098400647,+919098400647,2024-04-17 13:00:00,6964,0,5
CALL0002261,+917289362371,+919098400647,2024-10-09 02:00:00,2522,1,2
CALL0002262,+919098400647,+919098400647,2024-11-02 16:00:00,1984,1,13
CALL0002263,+919098400647,+919098400647,2024-02-06 14:00:00,1448,1,12
CALL0002264,+919098400647,+919098400647,2024-10-27 21:00:00,1535,1,12
CALL0002265,+917289362371,+919098400647,2024-07-13 10:00:00,8470,0,14
CALL0002266,+918138230731,+918268804844,2024-06-02 23:00:00,3517,1,8
CALL0002267,+919191111152,+918268804844,2024-08-01 05:00:00,860,1,14
CALL0002268,+919191111152,+918268804844,2024-03-17 10:00:00,7593,0,5
CALL0002269,+919191111152,+918138230731,2024-03-22 21:00:00,7111,1,12
CALL0002270,+919191111152,+918268804844,2024-10-05 16:00:00,8064,0,6
CALL0002271,+918225003835,+919413680916,2024-10-16 01:00:00,2376,1,7
CALL0002272,+918225003835,+918225003835,2024-03-01 11:00:00,5019,1,2
CALL0002273,+918225003835,+918225003835,2024-01-26 01:00:00,7019,0,10
CALL0002274,+918225003835,+919413680916,2024-05-15 16:00:00,3529,0,2
CALL0002275,+918225003835,+918225003835,2024-04-26 18:00:00,3481,0,13
CALL0002276,+919413680916,+918225003835,2024-10-21 00:00:00,8108,1,11
CALL0002277,+918225003835,+918225003835,2024-07-11 14:00:00,7023,0,9
CALL0002278,+918225003835,+918225003835,2024-03-17 05:00:00,2399,0,14
CALL0002279,+918225003835,+918225003835,2024-09-02 12:00:00,2202,0,3
CALL0002280,+919413680916,+918225003835,2024-10-30 18:00:00,9010,1,9
CALL0002281,+918225003835,+918225003835,2024-10-22 17:00:00,9555,1,12
CALL0002282,+918225003835,+918225003835,2024-05-03 22:00:00,2000,1,3
CALL0002283,+919413680916,+918225003835,2024-09-25 17:00:00,9971,0,10
CALL0002284,+918225003835,+918225003835,2024-10-28 02:00:00,8396,1,15
CALL0002285,+918225003835,+918225003835,2024-01-24 20:00:00,3512,1,14
CALL0002286,+917762403020,+919752489603,2024-09-05 15:00:00,3023,0,4
CALL0002287,+919752489603,+919752489603,2024-06-28 08:00:00,303,1,7
CALL0002288,+919786572222,+919752489603,2024-11-26 18:00:00,2197,1,15
CALL0002289,+919752489603,+919786572222,2024-12-04 21:00:00,1440,1,2
CALL0002290,+919752489603,+919752489603,2024-08-17 10:00:00,6199,0,11
CALL0002291,+919752489603,+917762403020,2024-10-07 01:00:00,6759,0,7
CALL0002292,+919752489603,+919752489603,2024-02-07 04:00:00,1959,1,2
CALL0002293,+919752489603,+917762403020,2024-05-22 08:00:00,8605,1,10
CALL0002294,+919752489603,+919752489603,2024-12-20 01:00:00,5554,1,5
CALL0002295,+919752489603,+919752489603,2024-02-19 04:00:00,2441,1,13
CALL0002296,+919752489603,+919752489603,2024-08-01 23:00:00,2446,1,8
CALL0002297,+919752489603,+919752489603,2024-07-18 06:00:00,1821,1,9
CALL0002298,+919752489603,+919752489603,2024-12-01 22:00:00,2794,1,2
CALL0002299,+919752489603,+919752489603,2024-03-31 12:00:00,4446,1,14
CALL0002300,+919752489603,+919752489603,2024-06-10 07:00:00,4638,1,10
CALL0002301,+917048048736,+917048048736,2024-08-16 22:00:00,5421,1,12
CALL0002302,+917048048736,+917048048736,2024-10-15 08:00:00,8111,0,6
CALL0002303,+917048048736,+917048048736,2024-06-13 12:00:00,8666,0,10
CALL0002304,+917048048736,+917048048736,2024-08-27 04:00:00,9243,1,3
CALL0002305,+917048048736,+917048048736,2024-09-03 09:00:00,2369,1,5
CALL0002306,+917048048736,+917048048736,2024-02-05 22:00:00,8965,1,13
CALL0002307,+917048048736,+917048048736,2024-06-09 05:00:00,4720,1,9
CALL0002308,+917048048736,+917048048736,2024-01-14 01:00:00,7583,0,14
CALL0002309,+917048048736,+917048048736,2024-10-20 23:00:00,6303,0,9
CALL0002310,+917048048736,+917048048736,2024-02-13 02:00:00,10474,0,11
CALL0002311,+917048048736,+917048048736,2024-11-07 17:00:00,7105,0,3
CALL0002312,+917048048736,+917048048736,2024-02-28 04:00:00,1398,0,12
CALL0002313,+917048048736,+917048048736,2024-04-23 17:00:00,8293,1,7
CALL0002314,+917048048736,+917048048736,2024-03-27 01:00:00,9958,0,10
CALL0002315,+917048048736,+917048048736,2024-05-28 04:00:00,936,0,13
CALL0002316,+917048048736,+917048048736,2024-06-03 08:00:00,6044,1,7
CALL0002317,+917048048736,+917048048736,2024-11-28 18:00:00,5611,1,12
CALL0002318,+917048048736,+917048048736,2024-05-21 15:00:00,796,1,12
CALL0002319,+917048048736,+917048048736,2024-06-30 07:00:00,2083,1,12
CALL0002320,+917048048736,+917048048736,2024-10-18 16:00:00,6345,1,15
CALL0002321,+917048048736,+917048048736,2024-05-08 06:00:00,8480,1,15
CALL0002322,+917048048736,+917048048736,2024-09-17 12:00:00,2445,1,8
CALL0002323,+917048048736,+917048048736,2024-03-24 10:00:00,7950,1,8
CALL0002324,+917048048736,+917048048736,2024-03-23 16:00:00,9681,1,4
CALL0002325,+917048048736,+917048048736,2024-11-19 05:00:00,3279,1,8
CALL0002326,+917572916893,+917572916893,2024-07-11 05:00:00,7368,1,2
CALL0002327,+917572916893,+917572916893,2024-04-26 03:00:00,10713,1,11
CALL0002328,+917572916893,+917572916893,2024-09-10 16:00:00,3666,0,15
CALL0002329,+917572916893,+917572916893,2024-06-11 17:00:00,10761,0,13
CALL0002330,+917572916893,+917572916893,2024-10-24 01:00:00,2065,0,3
CALL0002331,+917572916893,+917572916893,2024-07-31 01:00:00,835,1,8
CALL0002332,+917572916893,+917572916893,2024-11-06 15:00:00,6760,1,3
CALL0002333,+917572916893,+917572916893,2024-11-16 23:00:00,9790,0,15
CALL0002334,+917572916893,+917572916893,2024-07-16 22:00:00,6774,1,14
CALL0002335,+917572916893,+917572916893,2024-03-12 19:00:00,6840,1,11
CALL0002336,+917572916893,+917572916893,2024-05-13 12:00:00,5584,1,9
CALL0002337,+917572916893,+917572916893,2024-12-12 16:00:00,4802,1,7
CALL0002338,+917572916893,+917572916893,2024-07-17 15:00:00,5352,1,2
CALL0002339,+917572916893,+917572916893,2024-12-03 21:00:00,5674,1,4
CALL0002340,+917572916893,+917572916893,2024-03-05 05:00:00,3649,0,4
CALL0002341,+919881354861,+919881354861,2024-05-19 09:00:00,10211,0,14
CALL0002342,+919881354861,+919881354861,2024-04-02 07:00:00,4224,0,3
CALL0002343,+919881354861,+919881354861,2024-12-21 02:00:00,3709,1,9
CALL0002344,+919881354861,+919881354861,2024-12-03 08:00:00,7165,1,13
CALL0002345,+919881354861,+919881354861,2024-05-26 11:00:00,453,1,11
CALL0002346,+919881354861,+919881354861,2024-04-06 03:00:00,6902,0,8
CALL0002347,+919881354861,+919881354861,2024-10-24 19:00:00,9555,1,12
CALL0002348,+919881354861,+917622717686,2024-10-13 12:00:00,10361,0,12
CALL0002349,+919881354861,+919881354861,2024-02-22 07:00:00,9327,1,3
CALL0002350,+919881354861,+919881354861,2024-06-20 12:00:00,10470,1,12
CALL0002351,+919881354861,+919881354861,2024-05-02 15:00:00,2259,0,6
CALL0002352,+919881354861,+917622717686,2024-08-17 02:00:00,4425,0,3
CALL0002353,+919881354861,+919881354861,2024-12-06 23:00:00,2452,1,11
CALL0002354,+919881354861,+919881354861,2024-01-03 08:00:00,5759,0,5
CALL0002355,+919881354861,+919881354861,2024-07-22 14:00:00,4955,1,2
CALL0002356,+919881354861,+919881354861,2024-11-20 10:00:00,5580,0,2
CALL0002357,+919881354861,+919881354861,2024-10-18 15:00:00,2380,0,3
CALL0002358,+919881354861,+919881354861,2024-04-24 03:00:00,10793,0,9
CALL0002359,+919881354861,+917622717686,2024-06-15 01:00:00,9528,0,7
CALL0002360,+919881354861,+919881354861,2024-11-16 13:00:00,9221,0,3
CALL0002361,+919881354861,+919881354861,2024-06-05 20:00:00,5871,1,2
CALL0002362,+919426427252,+918376486646,2024-10-01 23:00:00,7795,0,15
CALL0002363,+919426427252,+919426427252,2024-03-11 18:00:00,2833,1,3
CALL0002364,+918376486646,+919426427252,2024-05-27 14:00:00,5917,0,13
CALL0002365,+919426427252,+919426427252,2024-09-24 23:00:00,2216,1,10
CALL0002366,+918376486646,+919426427252,2024-11-28 08:00:00,5287,1,11
CALL0002367,+919426427252,+918376486646,2024-10-20 01:00:00,6731,1,8
CALL0002368,+919426427252,+919426427252,2024-03-05 14:00:00,3481,0,4
CALL0002369,+918376486646,+919426427252,2024-02-17 05:00:00,5943,0,7
CALL0002370,+919426427252,+919426427252,2024-07-12 04:00:00,6630,1,7
CALL0002371,+919426427252,+919426427252,2024-01-28 01:00:00,1162,1,7
CALL0002372,+918376486646,+919426427252,2024-09-15 06:00:00,527,0,15
CALL0002373,+919426427252,+919426427252,2024-02-21 00:00:00,6978,0,14
CALL0002374,+919426427252,+919426427252,2024-11-21 01:00:00,559,0,6
CALL0002375,+918376486646,+919426427252,2024-02-15 00:00:00,4942,0,5
CALL0002376,+919426427252,+918376486646,2024-07-31 06:00:00,4412,1,10
CALL0002377,+919426427252,+918376486646,2024-01-04 10:00:00,354,0,2
CALL0002378,+919426427252,+919426427252,2024-10-22 01:00:00,2686,0,7
CALL0002379,+919426427252,+919426427252,2024-06-24 09:00:00,6630,1,6
CALL0002380,+919426427252,+918376486646,2024-06-26 12:00:00,4718,1,6
CALL0002381,+918376486646,+919426427252,2024-12-30 01:00:00,8036,1,8
CALL0002382,+919426427252,+919426427252,2024-04-24 09:00:00,9294,0,4
CALL0002383,+919426427252,+918376486646,2024-11-20 20:00:00,9469,0,4
CALL0002384,+919426427252,+919426427252,2024-02-19 11:00:00,6034,1,7
CALL0002385,+919426427252,+919426427252,2024-06-28 17:00:00,9204,1,5
CALL0002386,+919426427252,+918376486646,2024-03-01 21:00:00,2423,1,11
CALL0002387,+919426427252,+918376486646,2024-01-16 12:00:00,4476,0,11
CALL0002388,+919426427252,+918376486646,2024-01-02 23:00:00,9449,1,15
CALL0002389,+919320395876,+918288615608,2024-04-13 04:00:00,5490,1,6
CALL0002390,+918288615608,+918288615608,2024-02-21 03:00:00,2167,0,14
CALL0002391,+917216700014,+918288615608,2024-04-26 02:00:00,6715,1,10
CALL0002392,+918288615608,+919320395876,2024-09-22 15:00:00,3734,0,5
CALL0002393,+918288615608,+917216700014,2024-06-26 11:00:00,4688,0,11
CALL0002394,+919320395876,+918288615608,2024-09-22 07:00:00,3278,1,5
CALL0002395,+918288615608,+918288615608,2024-01-26 13:00:00,8211,1,10
CALL0002396,+918288615608,+919320395876,2024-08-09 21:00:00,4441,1,12
CALL0002397,+919320395876,+918288615608,2024-12-16 03:00:00,2225,0,7
CALL0002398,+919320395876,+919320395876,2024-06-30 12:00:00,2979,1,9
CALL0002399,+917216700014,+919320395876,2024-10-23 04:00:00,777,0,8
CALL0002400,+918288615608,+919320395876,2024-03-03 11:00:00,7604,1,3
CALL0002401,+919320395876,+918288615608,2024-04-01 22:00:00,3317,0,13
CALL0002402,+917216700014,+918288615608,2024-06-02 12:00:00,9234,1,10
CALL0002403,+919320395876,+918288615608,2024-06-05 12:00:00,1720,0,2
CALL0002404,+917216700014,+919320395876,2024-08-20 12:00:00,2433,0,3
CALL0002405,+918288615608,+918288615608,2024-01-28 15:00:00,2621,1,7
CALL0002406,+918288615608,+919320395876,2024-10-15 11:00:00,1749,1,3
CALL0002407,+919844949737,+919333712540,2024-07-24 10:00:00,3760,1,15
CALL0002408,+919844949737,+917340687202,2024-01-24 02:00:00,7923,1,2
CALL0002409,+917527226433,+919844949737,2024-09-13 23:00:00,1432,0,4
CALL0002410,+919333712540,+919844949737,2024-11-11 06:00:00,960,1,5
CALL0002411,+919333712540,+919844949737,2024-12-10 10:00:00,10695,0,9
CALL0002412,+919844949737,+919333712540,2024-01-29 12:00:00,896,0,7
CALL0002413,+919844949737,+919333712540,2024-06-09 03:00:00,1158,1,6
CALL0002414,+919333712540,+919844949737,2024-11-28 16:00:00,9429,1,4
CALL0002415,+919333712540,+919333712540,2024-05-13 18:00:00,7207,0,4
CALL0002416,+919844949737,+919844949737,2024-08-12 19:00:00,2830,0,10
CALL0002417,+919333712540,+919844949737,2024-08-16 12:00:00,8213,0,9
CALL0002418,+919844949737,+919333712540,2024-09-13 07:00:00,1726,0,7
CALL0002419,+919333712540,+919844949737,2024-04-21 06:00:00,1678,0,8
CALL0002420,+919333712540,+917527226433,2024-05-20 12:00:00,3164,0,4
CALL0002421,+919844949737,+917527226433,2024-06-29 05:00:00,2553,0,7
CALL0002422,+917340687202,+919333712540,2024-10-27 02:00:00,7995,1,12
CALL0002423,+919333712540,+919844949737,2024-09-20 19:00:00,1729,1,9
CALL0002424,+919333712540,+919844949737,2024-06-29 19:00:00,6813,1,7
CALL0002425,+919844949737,+919333712540,2024-08-12 22:00:00,9647,1,14
CALL0002426,+919844949737,+919844949737,2024-06-13 04:00:00,6935,0,12
CALL0002427,+919333712540,+917340687202,2024-12-28 04:00:00,7525,1,5
CALL0002428,+919844949737,+919844949737,2024-01-25 22:00:00,9231,0,10
CALL0002429,+919844949737,+919844949737,2024-10-13 03:00:00,1820,0,5
CALL0002430,+919844949737,+917340687202,2024-03-14 05:00:00,7176,0,2
CALL0002431,+919844949737,+919333712540,2024-04-19 21:00:00,5174,0,10
CALL0002432,+917527226433,+919844949737,2024-09-20 07:00:00,7004,0,9
CALL0002433,+919844949737,+919333712540,2024-10-04 10:00:00,7857,0,13
CALL0002434,+919844949737,+919844949737,2024-12-08 21:00:00,5311,1,7
CALL0002435,+918137005923,+918313086778,2024-01-29 03:00:00,3407,1,13
CALL0002436,+919922094988,+918137005923,2024-06-19 01:00:00,6022,1,5
CALL0002437,+918137005923,+919922094988,2024-03-15 04:00:00,1639,1,12
CALL0002438,+918137005923,+919922094988,2024-07-24 21:00:00,8446,0,11
CALL0002439,+918137005923,+918313086778,2024-08-09 04:00:00,2576,1,4
CALL0002440,+918137005923,+919922094988,2024-07-20 10:00:00,6967,0,4
CALL0002441,+918908631029,+918452277942,2024-05-29 11:00:00,7536,1,12
CALL0002442,+918908631029,+918452277942,2024-03-11 01:00:00,6515,1,10
CALL0002443,+918908631029,+918908631029,2024-04-30 01:00:00,9423,1,3
CALL0002444,+918908631029,+918452277942,2024-06-07 05:00:00,3527,0,13
CALL0002445,+918908631029,+918908631029,2024-02-18 02:00:00,5229,0,3
CALL0002446,+918908631029,+918908631029,2024-06-15 02:00:00,6621,1,15
CALL0002447,+918452277942,+918908631029,2024-09-01 02:00:00,6099,1,10
CALL0002448,+917744030139,+918908631029,2024-01-20 12:00:00,9539,1,15
CALL0002449,+918908631029,+918908631029,2024-11-11 21:00:00,994,0,6
CALL0002450,+918908631029,+918908631029,2024-08-14 15:00:00,7929,0,2
CALL0002451,+918908631029,+918452277942,2024-01-15 17:00:00,10253,1,13
CALL0002452,+918908631029,+917744030139,2024-12-04 02:00:00,1513,0,12
CALL0002453,+917289815249,+917289815249,2024-09-30 08:00:00,8039,0,9
CALL0002454,+917289815249,+917289815249,2024-07-19 04:00:00,6124,0,11
CALL0002455,+917289815249,+917289815249,2024-11-06 07:00:00,5659,1,3
CALL0002456,+917289815249,+917289815249,2024-04-15 21:00:00,2211,1,8
CALL0002457,+917289815249,+917289815249,2024-01-09 06:00:00,6729,0,3
CALL0002458,+917289815249,+917289815249,2024-08-19 19:00:00,9432,1,7
CALL0002459,+917289815249,+917289815249,2024-06-26 21:00:00,6130,1,3
CALL0002460,+917289815249,+917289815249,2024-11-29 19:00:00,5671,0,11
CALL0002461,+917289815249,+917289815249,2024-05-23 05:00:00,9190,0,11
CALL0002462,+917289815249,+917289815249,2024-02-09 10:00:00,6495,0,15
CALL0002463,+917289815249,+917289815249,2024-03-23 19:00:00,402,1,13
CALL0002464,+917289815249,+917289815249,2024-05-15 16:00:00,8740,1,15
CALL0002465,+918301916338,+918626794335,2024-12-10 05:00:00,6306,1,5
CALL0002466,+918626794335,+918301916338,2024-06-15 14:00:00,4984,1,14
CALL0002467,+918626794335,+918626794335,2024-06-15 09:00:00,1686,1,13
CALL0002468,+918626794335,+918626794335,2024-05-09 11:00:00,4904,0,10
CALL0002469,+918626794335,+918626794335,2024-10-20 17:00:00,3521,0,15
CALL0002470,+918626794335,+918626794335,2024-05-20 08:00:00,10211,1,12
CALL0002471,+919230565060,+918626794335,2024-12-25 07:00:00,6349,1,9
CALL0002472,+918626794335,+918626794335,2024-09-14 01:00:00,1867,1,14
CALL0002473,+919230565060,+918626794335,2024-07-23 08:00:00,1773,1,2
CALL0002474,+919230565060,+918626794335,2024-07-02 08:00:00,815,0,7
CALL0002475,+918626794335,+918301916338,2024-11-30 12:00:00,6054,1,12
CALL0002476,+918626794335,+919230565060,2024-04-15 04:00:00,5172,1,7
CALL0002477,+918626794335,+919230565060,2024-07-05 06:00:00,3926,1,3
CALL0002478,+918626794335,+918626794335,2024-07-24 01:00:00,778,1,14
CALL0002479,+919230565060,+919230565060,2024-03-14 10:00:00,8962,1,12
CALL0002480,+918626794335,+918626794335,2024-07-17 00:00:00,8641,0,12
CALL0002481,+919230565060,+918626794335,2024-05-12 13:00:00,9107,0,7
CALL0002482,+918626794335,+918301916338,2024-01-08 05:00:00,4061,1,6
CALL0002483,+919230565060,+918626794335,2024-02-27 06:00:00,9640,0,4
CALL0002484,+918626794335,+918301916338,2024-06-26 06:00:00,7373,1,9
CALL0002485,+918301916338,+918626794335,2024-02-16 06:00:00,9476,0,12
CALL0002486,+918626794335,+918626794335,2024-06-14 20:00:00,7091,0,10
CALL0002487,+918626794335,+919230565060,2024-07-10 10:00:00,8668,1,3
CALL0002488,+918626794335,+918626794335,2024-05-30 04:00:00,2707,1,2
CALL0002489,+918301916338,+919230565060,2024-08-25 05:00:00,4383,0,11
CALL0002490,+919230565060,+918626794335,2024-10-11 12:00:00,4975,0,13
CALL0002491,+919230565060,+918626794335,2024-02-13 08:00:00,7202,1,13
CALL0002492,+917960906066,+918137005923,2024-08-10 22:00:00,9723,1,3
CALL0002493,+918137005923,+917974637918,2024-06-01 21:00:00,8980,1,5
CALL0002494,+917960906066,+918137005923,2024-07-30 16:00:00,10402,0,9
CALL0002495,+918137005923,+918137005923,2024-09-30 16:00:00,5446,1,7
CALL0002496,+917974637918,+918137005923,2024-07-15 19:00:00,8694,0,7
CALL0002497,+917960906066,+918137005923,2024-02-11 18:00:00,9963,0,7
CALL0002498,+917960906066,+918137005923,2024-07-30 21:00:00,9483,0,7
CALL0002499,+917960906066,+918137005923,2024-09-05 23:00:00,5381,1,11
CALL0002500,+919406977581,+919406977581,2024-08-17 18:00:00,398,0,3
CALL0002501,+918355331801,+919685586240,2024-08-27 09:00:00,4143,0,2
CALL0002502,+919406977581,+918355331801,2024-07-10 23:00:00,4079,0,3
CALL0002503,+919406977581,+919406977581,2024-07-26 04:00:00,3285,0,4
CALL0002504,+919406977581,+918355331801,2024-10-20 13:00:00,8576,1,12
CALL0002505,+919685586240,+919406977581,2024-03-11 18:00:00,6287,1,10
CALL0002506,+918355331801,+919406977581,2024-04-06 23:00:00,2893,1,14
CALL0002507,+919685586240,+919406977581,2024-05-20 07:00:00,9172,0,11
CALL0002508,+919406977581,+919406977581,2024-07-01 06:00:00,7790,1,8
CALL0002509,+919406977581,+919406977581,2024-10-02 04:00:00,5709,1,2
CALL0002510,+919406977581,+919406977581,2024-06-10 01:00:00,9357,1,4
CALL0002511,+918355331801,+919406977581,2024-09-21 09:00:00,6076,1,6
CALL0002512,+919406977581,+918355331801,2024-11-08 14:00:00,853,0,10
CALL0002513,+919406977581,+919406977581,2024-05-27 11:00:00,8889,1,9
CALL0002514,+919406977581,+919406977581,2024-07-12 19:00:00,7583,0,4
CALL0002515,+919406977581,+919685586240,2024-12-06 13:00:00,4728,1,6
CALL0002516,+919406977581,+918355331801,2024-08-28 11:00:00,9613,1,12
CALL0002517,+919406977581,+919685586240,2024-08-14 20:00:00,9785,0,2
CALL0002518,+919406977581,+919406977581,2024-02-28 02:00:00,4103,1,7
CALL0002519,+918355331801,+919685586240,2024-10-04 09:00:00,8243,0,11
CALL0002520,+919406977581,+919685586240,2024-05-17 05:00:00,3604,0,2
CALL0002521,+918355331801,+919406977581,2024-07-14 12:00:00,5176,0,2
CALL0002522,+918696434258,+918696434258,2024-05-07 06:00:00,615,0,12
CALL0002523,+919477344766,+917505169524,2024-12-29 14:00:00,7661,1,5
CALL0002524,+918696434258,+917404400625,2024-04-03 16:00:00,5503,0,12
CALL0002525,+918696434258,+918696434258,2024-01-16 06:00:00,6494,0,7
CALL0002526,+918696434258,+917505169524,2024-06-10 00:00:00,4164,0,14
CALL0002527,+917505169524,+918696434258,2024-08-20 18:00:00,9977,0,3
CALL0002528,+917505169524,+918696434258,2024-02-26 12:00:00,6440,1,14
CALL0002529,+917505169524,+918696434258,2024-11-14 23:00:00,8016,1,11
CALL0002530,+919477344766,+917505169524,2024-09-23 13:00:00,3845,0,7
CALL0002531,+917404400625,+918696434258,2024-03-24 00:00:00,9000,0,10
CALL0002532,+918696434258,+917404400625,2024-03-23 04:00:00,1488,1,2
CALL0002533,+918696434258,+918696434258,2024-05-06 11:00:00,6960,1,7
CALL0002534,+917404400625,+918696434258,2024-01-05 03:00:00,7605,0,14
CALL0002535,+918696434258,+918696434258,2024-09-17 21:00:00,4125,1,6
CALL0002536,+918696434258,+918696434258,2024-08-18 23:00:00,3570,0,10
CALL0002537,+917404400625,+918696434258,2024-04-27 11:00:00,10664,1,9
CALL0002538,+918696434258,+917505169524,2024-07-27 17:00:00,9779,0,11
CALL0002539,+919477344766,+917505169524,2024-08-09 22:00:00,1742,0,3
CALL0002540,+917505169524,+917404400625,2024-11-21 19:00:00,2377,0,7
CALL0002541,+919968376929,+919968376929,2024-04-16 11:00:00,4577,0,6
CALL0002542,+919968376929,+919235394622,2024-08-16 08:00:00,3636,0,14
CALL0002543,+919235394622,+919235394622,2024-04-16 12:00:00,7487,0,11
CALL0002544,+919968376929,+919235394622,2024-03-18 14:00:00,4853,0,13
CALL0002545,+919235394622,+919235394622,2024-07-26 21:00:00,8597,0,11
CALL0002546,+919968376929,+919235394622,2024-03-24 01:00:00,7162,1,2
CALL0002547,+919235394622,+919235394622,2024-11-07 12:00:00,5944,1,3
CALL0002548,+919235394622,+919235394622,2024-07-18 15:00:00,3069,0,7
CALL0002549,+919235394622,+919968376929,2024-05-25 00:00:00,9701,1,6
CALL0002550,+919235394622,+919968376929,2024-10-23 18:00:00,7926,1,3
CALL0002551,+919968376929,+919235394622,2024-10-30 17:00:00,1799,0,10
CALL0002552,+919235394622,+919968376929,2024-10-24 15:00:00,8028,1,10
CALL0002553,+919235394622,+919235394622,2024-01-21 11:00:00,8693,1,14
CALL0002554,+919933920344,+919767356170,2024-07-25 06:00:00,1727,1,12
CALL0002555,+919933920344,+919933920344,2024-01-20 23:00:00,3577,1,11
CALL0002556,+919933920344,+919933920344,2024-12-05 22:00:00,4208,0,7
CALL0002557,+919933920344,+919933920344,2024-04-19 12:00:00,870,1,9
CALL0002558,+919933920344,+919933920344,2024-03-11 07:00:00,7684,1,15
CALL0002559,+919933920344,+919933920344,2024-02-23 02:00:00,1892,0,2
CALL0002560,+919933920344,+919933920344,2024-07-06 00:00:00,1465,1,4
CALL0002561,+919933920344,+919933920344,2024-10-14 16:00:00,2959,1,13
CALL0002562,+919933920344,+919933920344,2024-05-04 22:00:00,5542,1,7
CALL0002563,+919933920344,+919933920344,2024-09-09 20:00:00,1836,0,4
CALL0002564,+919752489603,+919194049983,2024-07-18 21:00:00,2735,0,11
CALL0002565,+919194049983,+917015020677,2024-06-13 20:00:00,7302,1,3
CALL0002566,+919085087402,+919194049983,2024-01-28 10:00:00,8878,0,9
CALL0002567,+919085087402,+919752489603,2024-04-13 18:00:00,4971,1,13
CALL0002568,+919752489603,+919085087402,2024-12-23 23:00:00,6332,0,13
CALL0002569,+919752489603,+919194049983,2024-03-20 17:00:00,1956,0,9
CALL0002570,+919752489603,+917015020677,2024-01-26 03:00:00,447,1,14
CALL0002571,+919085087402,+917015020677,2024-01-31 12:00:00,6345,0,8
CALL0002572,+917015020677,+919194049983,2024-05-12 23:00:00,5102,1,10
CALL0002573,+917015020677,+919085087402,2024-12-25 18:00:00,3457,0,9
CALL0002574,+917015020677,+919194049983,2024-03-07 21:00:00,8571,1,11
CALL0002575,+917015020677,+919752489603,2024-08-17 22:00:00,8319,1,4
CALL0002576,+917015020677,+919085087402,2024-12-01 15:00:00,1696,1,3
CALL0002577,+917015020677,+919085087402,2024-01-13 19:00:00,8977,1,8
CALL0002578,+919170067849,+919995182119,2024-03-19 19:00:00,8548,1,11
CALL0002579,+919170067849,+919995182119,2024-08-16 22:00:00,3930,0,3
CALL0002580,+919995182119,+919170067849,2024-09-19 13:00:00,6471,0,12
CALL0002581,+919881354861,+919995182119,2024-04-22 15:00:00,1043,1,5
CALL0002582,+919995182119,+919995182119,2024-04-06 01:00:00,2912,1,2
CALL0002583,+919995182119,+919995182119,2024-11-06 00:00:00,7989,0,4
CALL0002584,+919995182119,+919995182119,2024-04-08 00:00:00,6541,1,7
CALL0002585,+919995182119,+919170067849,2024-05-16 17:00:00,9894,0,4
CALL0002586,+919995182119,+919881354861,2024-07-16 07:00:00,4850,1,11
CALL0002587,+917048048736,+917048048736,2024-10-06 16:00:00,8157,1,13
CALL0002588,+917048048736,+917048048736,2024-01-30 08:00:00,1443,1,6
CALL0002589,+917048048736,+917048048736,2024-03-15 20:00:00,4954,0,14
CALL0002590,+917048048736,+917048048736,2024-05-26 05:00:00,1874,1,3
CALL0002591,+917048048736,+917048048736,2024-11-13 21:00:00,8068,1,4
CALL0002592,+917048048736,+917048048736,2024-10-27 22:00:00,9807,1,7
CALL0002593,+917048048736,+917048048736,2024-12-21 20:00:00,2138,1,13
CALL0002594,+917048048736,+917048048736,2024-05-21 23:00:00,6367,1,5
CALL0002595,+917048048736,+917048048736,2024-05-23 01:00:00,9507,0,4
CALL0002596,+917048048736,+917048048736,2024-02-21 09:00:00,1242,1,3
CALL0002597,+917048048736,+917048048736,2024-08-12 14:00:00,2767,1,7
CALL0002598,+917048048736,+917048048736,2024-07-05 22:00:00,2664,0,2
CALL0002599,+917048048736,+917048048736,2024-12-24 17:00:00,7151,1,15
CALL0002600,+917048048736,+917048048736,2024-09-10 06:00:00,3257,0,12
CALL0002601,+917048048736,+917048048736,2024-12-29 21:00:00,1713,0,10
CALL0002602,+917048048736,+917048048736,2024-07-07 00:00:00,4530,1,5
CALL0002603,+917048048736,+917048048736,2024-01-12 01:00:00,7276,1,3
CALL0002604,+917048048736,+917048048736,2024-06-18 16:00:00,9384,0,5
CALL0002605,+917048048736,+917048048736,2024-07-22 15:00:00,1287,1,15
CALL0002606,+917048048736,+917048048736,2024-06-18 04:00:00,2636,1,15
CALL0002607,+917048048736,+917048048736,2024-11-17 12:00:00,1731,1,13
CALL0002608,+917048048736,+917048048736,2024-03-05 18:00:00,2010,1,13
CALL0002609,+917048048736,+917048048736,2024-04-20 20:00:00,4791,1,11
CALL0002610,+917048048736,+917048048736,2024-10-26 20:00:00,6722,1,15
CALL0002611,+917805928646,+917255067508,2024-11-13 10:00:00,3023,1,2
CALL0002612,+917805928646,+917805928646,2024-07-03 16:00:00,9819,0,6
CALL0002613,+917805928646,+917805928646,2024-12-03 22:00:00,6720,1,15
CALL0002614,+917255067508,+917805928646,2024-02-06 09:00:00,7605,0,12
CALL0002615,+917805928646,+917805928646,2024-04-18 22:00:00,6319,0,12
CALL0002616,+917805928646,+917805928646,2024-09-09 12:00:00,7414,0,4
CALL0002617,+917805928646,+917805928646,2024-11-14 05:00:00,9901,1,8
CALL0002618,+917805928646,+917805928646,2024-07-24 04:00:00,5685,0,12
CALL0002619,+917805928646,+917805928646,2024-05-17 20:00:00,5399,0,12
CALL0002620,+917255067508,+917805928646,2024-03-15 02:00:00,3542,1,4
CALL0002621,+917805928646,+917255067508,2024-10-09 00:00:00,6856,0,5
CALL0002622,+917805928646,+917255067508,2024-04-29 08:00:00,9263,1,2
CALL0002623,+917805928646,+917805928646,2024-09-07 21:00:00,4482,1,2
CALL0002624,+917805928646,+917805928646,2024-04-01 12:00:00,466,1,11
CALL0002625,+919646694562,+919646694562,2024-10-07 10:00:00,4812,1,3
CALL0002626,+919646694562,+919646694562,2024-05-31 02:00:00,6258,1,6
CALL0002627,+919646694562,+919646694562,2024-12-12 06:00:00,5314,1,2
CALL0002628,+919646694562,+919646694562,2024-10-23 21:00:00,6350,1,2
CALL0002629,+919646694562,+919646694562,2024-12-30 14:00:00,5894,1,9
CALL0002630,+919646694562,+919646694562,2024-02-12 22:00:00,743,0,15
CALL0002631,+919646694562,+919646694562,2024-11-12 02:00:00,4770,0,2
CALL0002632,+919646694562,+919646694562,2024-08-04 05:00:00,1337,1,13
CALL0002633,+919646694562,+919646694562,2024-04-24 17:00:00,2019,0,10
CALL0002634,+919646694562,+919646694562,2024-03-18 16:00:00,4251,1,4
CALL0002635,+919194851951,+919194851951,2024-07-18 18:00:00,2284,0,10
CALL0002636,+919194851951,+919194851951,2024-02-29 22:00:00,9873,1,5
CALL0002637,+919194851951,+919194851951,2024-08-09 07:00:00,2804,1,6
CALL0002638,+919194851951,+919194851951,2024-12-06 08:00:00,8423,0,12
CALL0002639,+919194851951,+919194851951,2024-06-26 05:00:00,8383,0,4
CALL0002640,+919194851951,+919194851951,2024-06-08 00:00:00,6152,0,12
CALL0002641,+919194851951,+919194851951,2024-10-04 19:00:00,1275,0,7
CALL0002642,+919194851951,+919194851951,2024-07-09 00:00:00,6902,0,5
CALL0002643,+919194851951,+919194851951,2024-08-29 08:00:00,9027,1,5
CALL0002644,+919194851951,+919194851951,2024-06-27 20:00:00,8791,1,4
CALL0002645,+918994768914,+918994768914,2024-07-20 05:00:00,6289,1,4
CALL0002646,+918994768914,+918994768914,2024-02-16 13:00:00,2416,0,12
CALL0002647,+918994768914,+918994768914,2024-10-22 22:00:00,7969,0,11
CALL0002648,+918994768914,+918994768914,2024-12-03 03:00:00,9700,0,3
CALL0002649,+918994768914,+918994768914,2024-08-18 02:00:00,4300,1,7
CALL0002650,+918994768914,+918994768914,2024-12-23 00:00:00,3191,1,7
CALL0002651,+918994768914,+918994768914,2024-12-09 03:00:00,1671,1,11
CALL0002652,+918994768914,+918994768914,2024-04-02 07:00:00,3002,1,2
CALL0002653,+918994768914,+918994768914,2024-11-12 23:00:00,7126,1,13
CALL0002654,+918994768914,+918994768914,2024-05-18 23:00:00,10571,1,4
CALL0002655,+918994768914,+918994768914,2024-07-06 05:00:00,1063,1,8
CALL0002656,+918994768914,+918994768914,2024-12-02 12:00:00,2722,0,13
CALL0002657,+918994768914,+918994768914,2024-07-22 00:00:00,6359,0,14
CALL0002658,+918994768914,+918994768914,2024-06-25 02:00:00,9303,0,3
CALL0002659,+918994768914,+918994768914,2024-08-09 09:00:00,1367,1,7
CALL0002660,+917084346622,+918985463586,2024-06-09 01:00:00,288,0,1
CALL0002661,+919091911795,+917219956734,2024-01-23 23:00:00,222,0,1
CALL0002662,+917706942843,+918835335646,2024-03-11 22:00:00,126,0,2
CALL0002663,+917161015411,+917750505276,2024-10-03 16:00:00,149,0,1
CALL0002664,+919450052219,+917326268717,2024-07-03 09:00:00,239,0,3
CALL0002665,+918085239224,+918015730890,2024-09-17 23:00:00,173,0,1
CALL0002666,+917743006007,+919748193421,2024-06-25 10:00:00,264,0,3
CALL0002667,+918492143450,+917782287037,2024-01-05 01:00:00,282,0,3
CALL0002668,+918481140641,+918452098877,2024-03-12 03:00:00,145,0,2
CALL0002669,+918090161747,+919595498172,2024-12-30 15:00:00,140,0,2
CALL0002670,+917737523816,+919398377729,2024-11-12 00:00:00,133,0,2
CALL0002671,+917281447929,+918622061275,2024-12-02 12:00:00,128,0,2
CALL0002672,+918779892191,+917894188675,2024-10-14 22:00:00,329,0,3
CALL0002673,+919874611576,+917379547237,2024-11-15 11:00:00,135,0,1
CALL0002674,+917978390709,+918793012460,2024-12-13 03:00:00,286,0,2
CALL0002675,+918426929880,+917653672025,2024-01-26 10:00:00,219,0,1
CALL0002676,+918263230330,+919211448353,2024-09-24 20:00:00,318,0,3
CALL0002677,+917812067518,+919270513249,2024-09-30 14:00:00,325,0,1
CALL0002678,+917401377951,+919611748622,2024-08-28 15:00:00,239,0,2
CALL0002679,+918479297771,+918685424164,2024-02-16 07:00:00,170,0,2
CALL0002680,+919978157995,+919799126296,2024-05-04 06:00:00,162,0,3
CALL0002681,+918246875246,+919185233301,2024-02-11 22:00:00,177,0,2
CALL0002682,+917581672152,+917949444336,2024-12-27 14:00:00,44,0,2
CALL0002683,+917991237762,+919666114780,2024-01-23 06:00:00,371,0,3
CALL0002684,+919009621714,+917784943829,2024-10-28 22:00:00,65,0,1
CALL0002685,+917790439744,+918778459710,2024-08-06 01:00:00,55,0,3
CALL0002686,+917081176292,+917937687109,2024-09-18 00:00:00,67,0,3
CALL0002687,+918269240566,+918449730847,2024-01-24 08:00:00,131,0,3
CALL0002688,+918905428279,+917313166069,2024-03-27 22:00:00,229,0,3
CALL0002689,+917445447804,+917856111569,2024-11-19 20:00:00,276,0,2
CALL0002690,+919264454361,+918093771914,2024-09-25 13:00:00,121,0,2
CALL0002691,+919958386134,+917405031666,2024-02-28 18:00:00,35,0,1
CALL0002692,+918290465496,+919680292075,2024-12-30 13:00:00,173,0,2
CALL0002693,+917580230447,+917144161513,2024-10-06 22:00:00,150,0,3
CALL0002694,+918402813596,+919356818732,2024-09-18 04:00:00,390,0,3
CALL0002695,+919466343231,+918870550237,2024-04-04 17:00:00,100,0,2
CALL0002696,+918985463586,+917706942843,2024-09-10 03:00:00,350,0,1
CALL0002697,+917856766421,+918758603669,2024-03-01 14:00:00,62,0,1
CALL0002698,+917420054104,+918375344121,2024-01-24 20:00:00,71,0,3
CALL0002699,+919427388139,+918238024990,2024-09-08 10:00:00,57,0,1
CALL0002700,+919412201202,+919221469320,2024-08-26 19:00:00,366,0,2
CALL0002701,+917854929912,+919152801931,2024-11-11 09:00:00,281,0,1
CALL0002702,+919113753661,+918241118853,2024-09-10 00:00:00,259,0,1
CALL0002703,+918647504319,+919799126296,2024-03-24 20:00:00,102,0,3
CALL0002704,+919814715623,+917368598673,2024-12-12 15:00:00,390,0,2
CALL0002705,+919999093780,+917349221317,2024-10-09 17:00:00,214,0,2
CALL0002706,+918246875246,+917435952956,2024-11-30 18:00:00,286,0,3
CALL0002707,+917061981865,+919501533651,2024-07-21 04:00:00,264,0,2
CALL0002708,+917807938042,+917728812234,2024-05-27 13:00:00,120,0,3
CALL0002709,+917803860564,+919565259704,2024-12-13 08:00:00,114,0,2
CALL0002710,+919292744661,+918829164395,2024-09-01 12:00:00,398,0,3
CALL0002711,+918692214668,+918067915626,2024-07-25 23:00:00,278,0,1
CALL0002712,+917085286025,+917807655548,2024-01-05 21:00:00,344,0,3
CALL0002713,+917215351233,+919859693892,2024-11-23 18:00:00,371,0,1
CALL0002714,+919189916841,+919183821760,2024-06-22 09:00:00,96,0,1
CALL0002715,+918759434936,+918832964188,2024-12-26 01:00:00,349,0,1
CALL0002716,+917672273244,+918922252833,2024-07-22 10:00:00,61,0,3
CALL0002717,+919257892529,+918687116294,2024-09-25 09:00:00,193,0,2
CALL0002718,+919597971136,+917843448287,2024-07-19 03:00:00,236,0,1
CALL0002719,+919017871749,+917705518088,2024-08-19 07:00:00,66,0,2
CALL0002720,+918598707452,+917595092290,2024-04-28 03:00:00,29,0,3
CALL0002721,+918001974631,+918090989292,2024-01-18 11:00:00,85,0,3
CALL0002722,+919041647183,+919259678475,2024-02-20 19:00:00,58,0,3
CALL0002723,+918697997873,+918500270403,2024-09-28 08:00:00,368,0,3
CALL0002724,+919133702594,+918106389133,2024-02-01 08:00:00,331,0,3
CALL0002725,+918987928210,+917817666224,2024-07-03 13:00:00,182,0,2
CALL0002726,+919794051161,+919985658287,2024-06-19 13:00:00,19,0,3
CALL0002727,+917048260243,+919675183952,2024-07-01 14:00:00,173,0,3
CALL0002728,+918342035323,+919690675184,2024-06-26 04:00:00,105,0,2
CALL0002729,+919394331290,+918935474246,2024-02-21 02:00:00,16,0,2
CALL0002730,+919633795198,+917031339277,2024-09-19 21:00:00,257,0,1
CALL0002731,+918460091497,+917972704939,2024-05-26 03:00:00,175,0,2
CALL0002732,+918056409291,+917387224994,2024-09-25 04:00:00,179,0,3
CALL0002733,+919324609571,+917844277263,2024-10-16 23:00:00,193,0,2
CALL0002734,+917684624174,+917724971390,2024-07-04 04:00:00,67,0,2
CALL0002735,+919618484696,+918722275983,2024-01-12 03:00:00,25,0,3
CALL0002736,+918609746042,+918157693483,2024-02-14 03:00:00,363,0,1
CALL0002737,+917319085012,+919085457189,2024-05-23 14:00:00,269,0,1
CALL0002738,+919954243502,+917253136414,2024-01-08 07:00:00,22,0,2
CALL0002739,+918999404344,+918880899953,2024-12-11 19:00:00,357,0,1
CALL0002740,+918080986148,+917570500746,2024-03-03 02:00:00,80,0,1
CALL0002741,+917169469638,+917323423949,2024-09-28 06:00:00,82,0,2
CALL0002742,+917491410027,+919736917574,2024-11-29 20:00:00,158,0,1
CALL0002743,+917794749625,+918118851866,2024-05-06 11:00:00,308,0,1
CALL0002744,+918757618089,+918966667312,2024-03-23 20:00:00,23,0,3
CALL0002745,+919303705608,+919395529558,2024-01-25 18:00:00,117,0,1
CALL0002746,+919350136533,+919940007671,2024-06-09 06:00:00,140,0,1
CALL0002747,+918999842897,+918932683472,2024-07-29 21:00:00,343,0,1
CALL0002748,+919324609571,+918150290590,2024-04-28 03:00:00,210,0,2
CALL0002749,+918484093540,+918161449838,2024-03-16 01:00:00,237,0,2
CALL0002750,+918833219947,+917060049423,2024-10-14 03:00:00,251,0,2
CALL0002751,+917503230293,+918056409291,2024-10-22 21:00:00,121,0,2
CALL0002752,+918170245888,+919533349799,2024-11-22 23:00:00,85,0,3
CALL0002753,+917634353451,+918703151880,2024-11-21 13:00:00,75,0,3
CALL0002754,+918023898015,+919267091010,2024-03-28 17:00:00,307,0,1
CALL0002755,+918106335112,+919677787420,2024-08-19 12:00:00,396,0,1
CALL0002756,+919318643397,+919847317104,2024-07-23 06:00:00,169,0,1
CALL0002757,+919521584657,+919291063127,2024-12-15 22:00:00,34,0,2
CALL0002758,+917398665067,+918319761782,2024-07-21 15:00:00,188,0,3
CALL0002759,+918752778614,+918118809822,2024-12-04 14:00:00,372,0,2
CALL0002760,+919131157500,+919283053326,2024-02-29 02:00:00,381,0,2
CALL0002761,+918104598583,+917810473300,2024-05-29 11:00:00,293,0,2
CALL0002762,+917774197649,+919177913336,2024-02-19 08:00:00,37,0,1
CALL0002763,+919787363358,+918529469057,2024-05-29 05:00:00,70,0,1
CALL0002764,+919845961380,+917682279513,2024-04-18 16:00:00,57,0,1
CALL0002765,+919157413417,+918675608406,2024-05-14 18:00:00,282,0,3
CALL0002766,+918844212711,+917201458173,2024-10-31 13:00:00,86,0,1
CALL0002767,+917321749954,+919586758928,2024-01-06 06:00:00,354,0,3
CALL0002768,+917385967595,+918498045861,2024-06-03 03:00:00,139,0,2
CALL0002769,+917786104956,+917431253477,2024-02-13 10:00:00,350,0,3
CALL0002770,+919175803332,+919207583425,2024-03-31 19:00:00,110,0,2
CALL0002771,+917702287751,+919522065948,2024-10-28 15:00:00,375,0,2
CALL0002772,+918430881585,+918778223971,2024-12-26 21:00:00,318,0,1
CALL0002773,+919531470689,+918827039439,2024-07-19 00:00:00,371,0,1
CALL0002774,+917171797337,+919053994990,2024-07-28 21:00:00,286,0,2
CALL0002775,+918580267500,+919892607629,2024-08-12 00:00:00,118,0,1
CALL0002776,+919422470309,+917339009628,2024-04-20 18:00:00,137,0,2
CALL0002777,+917495925942,+919402992375,2024-04-10 06:00:00,369,0,1
CALL0002778,+918778459710,+918023849794,2024-03-13 17:00:00,250,0,2
CALL0002779,+919356818732,+917839559974,2024-01-04 07:00:00,328,0,1
CALL0002780,+919201932070,+919635210993,2024-11-11 19:00:00,398,0,2
CALL0002781,+919461992679,+918870412461,2024-12-03 13:00:00,261,0,1
CALL0002782,+918459164153,+917080503899,2024-12-20 20:00:00,229,0,2
CALL0002783,+918000408557,+919277217660,2024-12-19 22:00:00,168,0,1
CALL0002784,+919964647824,+918655341260,2024-06-20 23:00:00,144,0,3
CALL0002785,+918875854015,+919924213347,2024-10-26 19:00:00,231,0,1
CALL0002786,+917827135927,+917796949552,2024-02-10 21:00:00,385,0,1
CALL0002787,+917800835207,+919271402917,2024-06-27 03:00:00,272,0,3
CALL0002788,+917943228463,+917225027361,2024-11-21 17:00:00,243,0,3
CALL0002789,+919522792468,+918186919540,2024-02-20 17:00:00,215,0,3
CALL0002790,+919392092628,+917625826465,2024-11-26 13:00:00,310,0,2
CALL0002791,+917906950905,+918567216108,2024-03-27 11:00:00,105,0,2
CALL0002792,+919086988657,+918796678209,2024-09-25 16:00:00,242,0,1
CALL0002793,+918387738611,+919118296055,2024-04-06 20:00:00,290,0,3
CALL0002794,+918198988809,+917397019796,2024-09-30 04:00:00,201,0,1
CALL0002795,+919667054214,+917777299022,2024-07-10 07:00:00,250,0,1
CALL0002796,+919211448353,+919445965422,2024-08-05 08:00:00,370,0,3
CALL0002797,+918305730830,+919943943873,2024-07-20 01:00:00,86,0,3
CALL0002798,+919533349799,+917064254926,2024-04-17 19:00:00,70,0,3
CALL0002799,+918297844106,+919070968723,2024-12-01 11:00:00,72,0,3
CALL0002800,+919097364439,+919288648745,2024-12-11 13:00:00,264,0,3
CALL0002801,+919692587452,+919065300289,2024-10-07 03:00:00,233,0,3
CALL0002802,+919844111871,+919675183952,2024-05-01 14:00:00,370,0,1
CALL0002803,+917958929781,+919521584657,2024-03-30 06:00:00,261,0,1
CALL0002804,+919201050822,+917850555993,2024-02-07 06:00:00,11,0,2
CALL0002805,+919588364621,+919134427829,2024-06-11 09:00:00,152,0,1
CALL0002806,+917671242206,+918376758616,2024-03-03 23:00:00,275,0,1
CALL0002807,+919077691922,+918299545013,2024-06-20 07:00:00,130,0,2
CALL0002808,+918279560537,+918270861231,2024-02-11 02:00:00,183,0,3
CALL0002809,+919981881090,+919039839872,2024-03-19 17:00:00,192,0,2
CALL0002810,+917898416149,+918351585573,2024-04-13 08:00:00,127,0,1
CALL0002811,+917809052117,+917600334097,2024-11-05 14:00:00,215,0,1
CALL0002812,+919256139027,+919745403172,2024-02-11 12:00:00,189,0,1
CALL0002813,+918046846457,+917025598120,2024-10-21 22:00:00,23,0,2
CALL0002814,+919307620162,+917039082687,2024-01-29 13:00:00,162,0,2
CALL0002815,+918427088025,+917190552375,2024-05-17 12:00:00,70,0,2
CALL0002816,+917806856561,+919402992375,2024-08-23 08:00:00,314,0,3
CALL0002817,+918495834016,+918192541353,2024-07-06 10:00:00,23,0,1
CALL0002818,+917961179612,+917429235164,2024-10-29 06:00:00,19,0,2
CALL0002819,+919870848053,+918685321291,2024-07-27 13:00:00,82,0,3
CALL0002820,+918736666682,+917949444336,2024-05-13 05:00:00,54,0,2
CALL0002821,+917943739567,+917349221317,2024-11-20 13:00:00,112,0,3
CALL0002822,+919628331788,+917794749625,2024-12-10 12:00:00,219,0,3
CALL0002823,+919174294766,+917396488272,2024-12-26 01:00:00,190,0,3
CALL0002824,+919253297763,+919626970265,2024-07-18 10:00:00,155,0,1
CALL0002825,+918743849191,+917163480810,2024-06-04 21:00:00,122,0,3
CALL0002826,+918505323238,+917793896303,2024-04-21 07:00:00,194,0,1
CALL0002827,+917857357030,+919762975611,2024-01-09 10:00:00,17,0,2
CALL0002828,+918160195160,+918372027237,2024-07-28 11:00:00,286,0,1
CALL0002829,+917349221317,+917120676321,2024-07-08 13:00:00,132,0,1
CALL0002830,+919446750937,+917286919327,2024-07-26 05:00:00,186,0,2
CALL0002831,+918712207308,+917258461081,2024-05-12 01:00:00,87,0,1
CALL0002832,+917937687109,+918919718655,2024-05-10 16:00:00,168,0,2
CALL0002833,+918357257635,+918825264558,2024-07-13 06:00:00,271,0,2
CALL0002834,+917039082687,+919968359829,2024-12-14 16:00:00,46,0,2
CALL0002835,+918932993596,+919800580030,2024-02-24 04:00:00,283,0,1
CALL0002836,+917836334274,+918322785764,2024-11-08 10:00:00,57,0,1
CALL0002837,+919149357037,+918177959505,2024-01-18 04:00:00,270,0,3
CALL0002838,+919156996349,+919458360702,2024-05-02 06:00:00,276,0,3
CALL0002839,+919757068118,+919364710916,2024-01-08 08:00:00,67,0,2
CALL0002840,+917780534826,+918425167150,2024-07-20 16:00:00,163,0,3
CALL0002841,+918482892828,+918960269417,2024-08-13 05:00:00,94,0,1
CALL0002842,+919835700122,+919579886889,2024-05-21 07:00:00,379,0,2
CALL0002843,+917305091532,+918711080329,2024-01-22 23:00:00,360,0,3
CALL0002844,+919605907399,+917323423949,2024-02-29 13:00:00,223,0,1
CALL0002845,+918276479631,+917783927082,2024-06-23 11:00:00,295,0,3
CALL0002846,+917371148513,+919501533651,2024-12-27 22:00:00,82,0,1
CALL0002847,+917909477987,+919234661867,2024-05-17 02:00:00,323,0,3
CALL0002848,+919728566763,+918932270202,2024-06-03 03:00:00,237,0,1
CALL0002849,+918735879085,+918750232761,2024-04-30 11:00:00,308,0,2
CALL0002850,+917610990739,+917599056676,2024-10-08 14:00:00,125,0,3
CALL0002851,+918485573946,+917850555993,2024-11-04 11:00:00,267,0,2
CALL0002852,+918418990956,+918229890498,2024-03-13 21:00:00,395,0,2
CALL0002853,+918481114841,+917345215610,2024-12-18 13:00:00,124,0,3
CALL0002854,+918362498025,+919402992375,2024-11-21 03:00:00,324,0,3
CALL0002855,+918670587030,+918757434963,2024-06-07 20:00:00,112,0,3
CALL0002856,+919138941477,+919138449868,2024-11-21 08:00:00,344,0,3
CALL0002857,+917265177311,+918184682784,2024-07-27 22:00:00,58,0,1
CALL0002858,+917599056676,+917695692607,2024-05-08 08:00:00,272,0,2
CALL0002859,+917125902202,+917870327430,2024-07-28 05:00:00,135,0,3
CALL0002860,+919987011328,+919316456308,2024-01-19 10:00:00,55,0,1
CALL0002861,+919145293815,+919025825636,2024-12-28 22:00:00,47,0,1
CALL0002862,+917396488272,+919831491161,2024-02-18 20:00:00,37,0,2
CALL0002863,+919451196537,+919497958913,2024-12-16 08:00:00,96,0,2
CALL0002864,+917838081021,+918378208696,2024-01-21 01:00:00,316,0,2
CALL0002865,+919716910794,+917743006007,2024-06-22 05:00:00,223,0,1
CALL0002866,+917705518088,+918529499607,2024-01-21 00:00:00,124,0,3
CALL0002867,+919586603876,+917743247900,2024-07-27 13:00:00,155,0,3
CALL0002868,+918184956447,+919881696196,2024-08-10 10:00:00,149,0,2
CALL0002869,+919992552920,+918209511558,2024-10-25 00:00:00,31,0,1
CALL0002870,+917931086379,+917060049423,2024-04-02 08:00:00,84,0,1
CALL0002871,+917366903119,+917782287037,2024-05-07 19:00:00,220,0,1
CALL0002872,+918826510670,+917113890679,2024-07-13 11:00:00,144,0,2
CALL0002873,+917870327430,+917436637851,2024-01-20 19:00:00,211,0,3
CALL0002874,+918729085517,+917834096374,2024-11-15 23:00:00,227,0,1
CALL0002875,+918616913847,+917050279483,2024-09-09 05:00:00,141,0,1
CALL0002876,+917229831976,+919152420043,2024-06-08 12:00:00,209,0,1
CALL0002877,+917916604333,+919006306623,2024-08-31 03:00:00,346,0,3
CALL0002878,+917856935319,+919359590456,2024-11-29 12:00:00,257,0,3
CALL0002879,+918176411041,+918844212711,2024-09-19 17:00:00,176,0,2
CALL0002880,+919743400425,+917830046487,2024-09-03 06:00:00,18,0,2
CALL0002881,+919339746965,+917259324662,2024-04-30 21:00:00,245,0,1
CALL0002882,+918936808239,+917555170329,2024-11-27 09:00:00,319,0,2
CALL0002883,+917394263454,+917831116416,2024-02-25 01:00:00,38,0,3
CALL0002884,+917602684964,+918494197315,2024-07-09 22:00:00,63,0,2
CALL0002885,+918198997132,+919022535159,2024-01-12 10:00:00,170,0,1
CALL0002886,+918056330356,+919941833557,2024-03-13 20:00:00,180,0,3
CALL0002887,+917249266649,+918322785764,2024-10-25 14:00:00,380,0,1
CALL0002888,+917491410027,+917833845812,2024-04-30 17:00:00,232,0,3
CALL0002889,+919092069083,+917780345604,2024-08-26 11:00:00,105,0,2
CALL0002890,+917892609925,+917861138302,2024-03-18 04:00:00,102,0,2
CALL0002891,+919886106863,+918389289932,2024-09-11 10:00:00,229,0,2
CALL0002892,+918207161279,+917218258549,2024-10-11 03:00:00,392,0,2
CALL0002893,+918426952486,+917633448987,2024-05-09 21:00:00,295,0,2
CALL0002894,+917662144087,+917421116739,2024-09-22 06:00:00,340,0,3
CALL0002895,+918672970267,+918052649641,2024-06-05 06:00:00,222,0,2
CALL0002896,+917797544111,+918276948663,2024-09-23 12:00:00,123,0,3
CALL0002897,+919372869390,+917436637851,2024-11-23 02:00:00,345,0,3
CALL0002898,+919859670958,+917103046185,2024-12-17 15:00:00,211,0,3
CALL0002899,+917684106557,+917195442381,2024-01-31 22:00:00,159,0,3
CALL0002900,+917200665594,+919237574933,2024-05-02 13:00:00,238,0,1
CALL0002901,+917758735063,+919238162017,2024-05-18 18:00:00,119,0,3
CALL0002902,+919221311303,+917804889161,2024-07-12 20:00:00,80,0,1
CALL0002903,+918229890498,+918170245888,2024-11-15 20:00:00,109,0,3
CALL0002904,+919614580084,+918451123844,2024-01-07 19:00:00,196,0,1
CALL0002905,+919936065840,+919395598158,2024-06-10 01:00:00,165,0,3
CALL0002906,+917106932756,+919885661728,2024-07-10 01:00:00,383,0,2
CALL0002907,+918627325118,+917097281774,2024-04-02 03:00:00,90,0,1
CALL0002908,+917321749954,+917471375061,2024-04-21 16:00:00,140,0,3
CALL0002909,+918471731248,+919066555429,2024-11-30 09:00:00,114,0,3
CALL0002910,+919969808752,+919661598978,2024-07-21 18:00:00,384,0,2
CALL0002911,+918376050370,+919049826600,2024-04-22 19:00:00,57,0,3
CALL0002912,+917316312658,+919597036525,2024-12-23 12:00:00,31,0,3
CALL0002913,+919276399620,+919573202774,2024-09-10 01:00:00,306,0,2
CALL0002914,+917428519447,+917397019796,2024-02-28 00:00:00,90,0,3
CALL0002915,+918343020583,+919707635730,2024-07-23 13:00:00,167,0,3
CALL0002916,+918529499607,+917685175287,2024-08-10 15:00:00,295,0,3
CALL0002917,+918857059606,+918043123178,2024-07-22 20:00:00,90,0,3
CALL0002918,+917648020148,+918090989292,2024-01-28 01:00:00,304,0,1
CALL0002919,+917195442381,+917667583404,2024-02-16 04:00:00,169,0,1
CALL0002920,+918952971098,+918425167150,2024-07-02 14:00:00,195,0,3
CALL0002921,+919650200561,+918724204062,2024-06-02 12:00:00,111,0,1
CALL0002922,+918653521756,+917334504537,2024-09-08 20:00:00,202,0,3
CALL0002923,+919844357619,+917678237928,2024-02-20 20:00:00,365,0,2
CALL0002924,+918278316012,+918223334138,2024-10-19 13:00:00,189,0,1
CALL0002925,+917153480644,+918735407050,2024-02-14 23:00:00,127,0,3
CALL0002926,+917348524855,+918094229619,2024-06-17 01:00:00,207,0,3
CALL0002927,+919716110777,+919882387870,2024-04-21 17:00:00,53,0,1
CALL0002928,+917294748777,+919339746965,2024-09-08 03:00:00,226,0,2
CALL0002929,+919989214090,+917258461081,2024-10-22 14:00:00,238,0,3
CALL0002930,+917949497559,+917111705294,2024-04-28 06:00:00,93,0,1
CALL0002931,+917896070072,+918164487525,2024-11-12 13:00:00,67,0,1
CALL0002932,+917213750572,+917628307648,2024-02-27 14:00:00,287,0,1
CALL0002933,+918800433217,+919600804595,2024-07-03 05:00:00,122,0,3
CALL0002934,+919237574933,+919645517037,2024-11-10 09:00:00,359,0,1
CALL0002935,+919322773093,+919759793457,2024-12-05 17:00:00,207,0,3
CALL0002936,+917345215610,+919400534690,2024-10-22 20:00:00,307,0,3
CALL0002937,+919262383961,+919845215049,2024-12-25 20:00:00,32,0,1
CALL0002938,+919039452715,+917789977111,2024-08-14 08:00:00,351,0,1
CALL0002939,+918227016851,+919544148758,2024-04-07 17:00:00,90,0,1
CALL0002940,+919988503714,+918677519074,2024-08-16 14:00:00,397,0,3
CALL0002941,+918402427685,+919922721319,2024-04-17 18:00:00,168,0,3
CALL0002942,+918931791481,+918850829946,2024-05-01 16:00:00,120,0,3
CALL0002943,+917713049549,+918538661170,2024-12-03 20:00:00,293,0,1
CALL0002944,+917209253596,+918561204499,2024-11-30 00:00:00,53,0,2
CALL0002945,+917444106499,+919175803332,2024-08-31 21:00:00,360,0,1
CALL0002946,+917750505276,+918798273894,2024-07-21 01:00:00,138,0,1
CALL0002947,+919845901854,+918793012460,2024-09-28 14:00:00,279,0,1
CALL0002948,+919595215260,+917418834391,2024-09-08 17:00:00,130,0,1
CALL0002949,+919482675634,+918710521845,2024-08-08 13:00:00,269,0,2
CALL0002950,+919417496523,+918699423158,2024-02-07 05:00:00,52,0,3
CALL0002951,+919126637807,+917125254588,2024-03-21 11:00:00,24,0,2
CALL0002952,+917382400664,+919487161643,2024-08-31 09:00:00,62,0,3
CALL0002953,+917351122194,+917042593343,2024-04-19 03:00:00,352,0,3
CALL0002954,+918985622483,+919573012536,2024-04-20 09:00:00,125,0,3
CALL0002955,+917512265114,+917678237928,2024-05-25 01:00:00,61,0,3
CALL0002956,+919256106593,+917797544111,2024-07-09 04:00:00,67,0,1
CALL0002957,+919861431820,+919152420043,2024-05-19 16:00:00,232,0,2
CALL0002958,+919118296055,+919760980560,2024-02-07 09:00:00,378,0,1
CALL0002959,+917243444028,+918256482302,2024-07-27 19:00:00,159,0,1
CALL0002960,+919077949924,+917881531382,2024-07-01 07:00:00,150,0,1
CALL0002961,+917145229243,+919222074009,2024-08-12 06:00:00,128,0,3
CALL0002962,+917731102392,+919043958964,2024-11-09 12:00:00,143,0,1
CALL0002963,+917103046185,+917425835338,2024-06-28 18:00:00,202,0,2
CALL0002964,+918245012958,+918389289932,2024-08-04 01:00:00,27,0,2
CALL0002965,+917146910163,+918679539051,2024-08-28 02:00:00,260,0,2
CALL0002966,+917605849616,+919403863867,2024-04-18 19:00:00,32,0,2
CALL0002967,+918595493340,+917602511720,2024-05-22 23:00:00,201,0,2
CALL0002968,+917789629835,+917089533764,2024-09-21 22:00:00,240,0,2
CALL0002969,+919497958913,+919102395483,2024-10-03 07:00:00,215,0,3
CALL0002970,+919748144476,+919595215260,2024-08-08 16:00:00,220,0,3
CALL0002971,+918393295253,+918681988890,2024-03-08 00:00:00,128,0,3
CALL0002972,+918699423158,+917116732917,2024-05-28 23:00:00,318,0,2
CALL0002973,+918238024990,+918962739459,2024-07-21 09:00:00,200,0,2
CALL0002974,+919846672227,+919989214090,2024-02-27 19:00:00,232,0,3
CALL0002975,+918636790925,+917449753937,2024-02-18 18:00:00,151,0,2
CALL0002976,+918667791193,+917436637851,2024-03-17 07:00:00,258,0,1
CALL0002977,+917098666287,+917089533764,2024-09-29 00:00:00,100,0,1
CALL0002978,+917005450682,+919486810853,2024-06-15 02:00:00,37,0,3
CALL0002979,+917118302366,+917171636081,2024-11-30 22:00:00,32,0,1
CALL0002980,+919203209117,+919066555429,2024-12-05 05:00:00,258,0,3
CALL0002981,+917884636688,+919814374908,2024-02-11 12:00:00,200,0,2
CALL0002982,+918340544516,+918967548495,2024-08-30 02:00:00,247,0,3
CALL0002983,+918807733885,+919199608288,2024-09-17 20:00:00,183,0,3
CALL0002984,+917595585419,+917290254324,2024-11-03 22:00:00,244,0,3
CALL0002985,+917430835465,+919476385041,2024-09-14 07:00:00,63,0,1
CALL0002986,+919814715623,+918157797343,2024-07-18 19:00:00,115,0,1
CALL0002987,+918199652625,+917110719810,2024-02-16 13:00:00,237,0,3
CALL0002988,+919635408966,+918027165838,2024-03-02 22:00:00,68,0,1
CALL0002989,+917154549660,+919739227285,2024-09-17 21:00:00,84,0,2
CALL0002990,+918551040717,+918282222847,2024-10-18 15:00:00,171,0,1
CALL0002991,+918703151880,+919855464592,2024-01-05 10:00:00,330,0,3
CALL0002992,+919061294319,+917604793424,2024-07-15 20:00:00,331,0,1
CALL0002993,+919466343231,+917446318227,2024-08-16 17:00:00,178,0,1
CALL0002994,+917750505276,+919852251240,2024-01-18 09:00:00,273,0,1
CALL0002995,+918446537329,+917372087520,2024-03-14 05:00:00,370,0,1
CALL0002996,+919090758045,+917027641586,2024-12-11 05:00:00,178,0,3
CALL0002997,+919039839872,+918578338536,2024-04-17 20:00:00,70,0,3
CALL0002998,+917705518088,+917854929912,2024-12-12 19:00:00,343,0,3
CALL0002999,+919814715623,+917557954311,2024-03-26 05:00:00,282,0,1
CALL0003000,+917844387254,+919457791428,2024-06-18 17:00:00,52,0,3
CALL0003001,+917379547237,+918636790925,2024-12-08 00:00:00,370,0,2
CALL0003002,+919943943873,+918903150664,2024-05-02 17:00:00,159,0,3
CALL0003003,+919795779449,+917549140189,2024-12-10 06:00:00,154,0,2
CALL0003004,+919583499100,+918698114794,2024-09-08 13:00:00,62,0,3
CALL0003005,+919404165487,+918570712518,2024-09-14 20:00:00,196,0,3
CALL0003006,+919749226497,+919220287665,2024-05-23 07:00:00,203,0,3
CALL0003007,+918837592737,+919744359936,2024-07-16 03:00:00,82,0,3
CALL0003008,+919846672227,+918212796857,2024-11-19 04:00:00,217,0,2
CALL0003009,+919522065948,+917050868978,2024-03-08 12:00:00,40,0,1
CALL0003010,+918427696719,+918282325732,2024-03-11 17:00:00,335,0,3
CALL0003011,+919016952194,+917705487456,2024-09-05 22:00:00,16,0,3
CALL0003012,+917755967854,+917479527907,2024-03-24 13:00:00,142,0,2
CALL0003013,+918550677596,+919154696022,2024-09-17 06:00:00,203,0,1
CALL0003014,+918576812501,+917956680557,2024-07-11 07:00:00,367,0,1
CALL0003015,+918965065478,+918920911580,2024-03-31 18:00:00,215,0,1
CALL0003016,+917992369643,+919850959163,2024-11-29 12:00:00,229,0,2
CALL0003017,+918000408557,+919760980560,2024-05-27 21:00:00,189,0,3
CALL0003018,+917469783797,+918869840574,2024-10-31 13:00:00,12,0,3
CALL0003019,+917433517524,+919877962040,2024-07-25 01:00:00,251,0,3
CALL0003020,+919925835534,+917514427563,2024-09-13 13:00:00,141,0,2
CALL0003021,+918459164153,+919729023645,2024-07-05 18:00:00,242,0,1
CALL0003022,+919586603876,+918451123844,2024-11-11 00:00:00,280,0,1
CALL0003023,+917776688815,+919357499765,2024-09-15 21:00:00,285,0,1
CALL0003024,+919246254016,+919610309272,2024-11-09 13:00:00,353,0,1
CALL0003025,+917001003684,+919613769205,2024-01-31 03:00:00,189,0,3
CALL0003026,+918023849794,+918203233858,2024-02-18 17:00:00,48,0,1
CALL0003027,+918768700167,+917512265114,2024-08-02 01:00:00,265,0,3
CALL0003028,+919041647183,+918679539051,2024-10-27 19:00:00,106,0,2
CALL0003029,+918850829946,+919749252456,2024-12-13 17:00:00,263,0,1
CALL0003030,+919731965368,+917258166131,2024-03-23 16:00:00,379,0,3
CALL0003031,+918826510670,+917789629835,2024-07-02 00:00:00,184,0,3
CALL0003032,+918505323238,+919738734362,2024-09-16 20:00:00,141,0,1
CALL0003033,+919403863867,+918079621608,2024-12-11 04:00:00,380,0,3
CALL0003034,+919292744661,+917398443081,2024-03-14 03:00:00,251,0,2
CALL0003035,+918560178369,+918809596262,2024-07-15 06:00:00,112,0,1
CALL0003036,+917831306520,+919215022544,2024-01-06 21:00:00,374,0,3
CALL0003037,+917831306520,+917874195429,2024-09-10 10:00:00,247,0,2
CALL0003038,+918412906505,+917458165381,2024-08-08 17:00:00,36,0,2
CALL0003039,+919189916841,+917010673789,2024-05-20 02:00:00,335,0,3
CALL0003040,+917345215610,+919893446781,2024-12-12 03:00:00,135,0,2
CALL0003041,+919729023645,+918387738611,2024-09-01 20:00:00,162,0,3
CALL0003042,+918439688474,+918270861231,2024-10-20 19:00:00,104,0,2
CALL0003043,+919221970557,+918545137989,2024-06-18 20:00:00,367,0,3
CALL0003044,+917064001479,+917113890679,2024-06-08 01:00:00,372,0,3
CALL0003045,+918389284499,+919600804595,2024-09-26 07:00:00,308,0,1
CALL0003046,+917454285700,+918979179995,2024-05-29 13:00:00,337,0,2
CALL0003047,+917952434250,+918979179995,2024-07-08 00:00:00,320,0,2
CALL0003048,+918960686450,+918618177647,2024-01-18 01:00:00,264,0,2
CALL0003049,+919882387870,+919808518220,2024-09-03 21:00:00,39,0,1
CALL0003050,+918402813596,+919004127444,2024-11-10 16:00:00,391,0,2
CALL0003051,+919295404253,+917027641586,2024-11-20 23:00:00,196,0,3
CALL0003052,+918402427685,+918915583516,2024-08-11 01:00:00,122,0,3
CALL0003053,+917445139353,+919850959163,2024-12-24 21:00:00,184,0,2
CALL0003054,+919219319998,+918980009139,2024-02-02 01:00:00,85,0,2
CALL0003055,+918227991245,+918793610142,2024-08-22 04:00:00,240,0,1
CALL0003056,+917788032752,+918056330356,2024-09-27 07:00:00,350,0,1
CALL0003057,+919614529791,+917505265727,2024-01-16 06:00:00,391,0,3
CALL0003058,+919929191969,+918570712518,2024-08-08 06:00:00,394,0,3
CALL0003059,+917699423070,+917556327961,2024-08-14 18:00:00,266,0,2
CALL0003060,+918172707624,+918106389133,2024-11-18 10:00:00,114,0,3
CALL0003061,+917571601697,+918607740069,2024-04-17 09:00:00,159,0,3
CALL0003062,+919314998544,+918529499607,2024-01-07 06:00:00,276,0,3
CALL0003063,+917616618708,+918240446732,2024-09-09 16:00:00,231,0,1
CALL0003064,+918265935630,+918018733748,2024-04-28 03:00:00,236,0,3
CALL0003065,+918638621665,+917103235302,2024-04-28 07:00:00,75,0,2
CALL0003066,+919743400425,+917962052682,2024-01-23 06:00:00,351,0,2
CALL0003067,+918833219947,+919256106593,2024-03-06 21:00:00,96,0,3
CALL0003068,+919242655286,+918593719525,2024-06-23 08:00:00,147,0,2
CALL0003069,+918009623183,+917145229243,2024-10-05 00:00:00,166,0,3
CALL0003070,+918435852779,+917784877166,2024-11-28 13:00:00,99,0,3
CALL0003071,+917589844309,+917116523412,2024-12-23 11:00:00,82,0,1
CALL0003072,+919769566876,+918724600424,2024-09-24 20:00:00,254,0,2
CALL0003073,+918313177530,+919168246506,2024-05-13 22:00:00,283,0,1
CALL0003074,+918991599416,+918798203717,2024-11-28 12:00:00,237,0,2
CALL0003075,+917804889161,+917514427563,2024-10-13 01:00:00,27,0,3
CALL0003076,+917735325512,+917682098632,2024-06-05 09:00:00,168,0,3
CALL0003077,+918560457268,+918495311564,2024-02-24 07:00:00,145,0,1
CALL0003078,+917370509382,+917610990739,2024-04-07 20:00:00,69,0,1
CALL0003079,+917940046199,+919141921516,2024-09-29 15:00:00,295,0,1
CALL0003080,+919639404165,+917403479179,2024-12-27 02:00:00,26,0,2
CALL0003081,+917461993642,+918257072259,2024-03-18 01:00:00,35,0,2
CALL0003082,+918744156773,+918896938438,2024-07-10 12:00:00,31,0,2
CALL0003083,+919086988657,+918160032315,2024-04-10 06:00:00,295,0,1
CALL0003084,+917861138302,+918495834016,2024-10-08 15:00:00,135,0,3
CALL0003085,+919123980280,+919618023243,2024-12-13 17:00:00,343,0,1
CALL0003086,+917299024535,+919058412739,2024-09-14 07:00:00,234,0,1
CALL0003087,+917782761634,+917970894109,2024-10-27 17:00:00,54,0,2
CALL0003088,+918702129742,+919985326418,2024-02-09 14:00:00,382,0,3
CALL0003089,+917457828820,+918616913847,2024-01-29 22:00:00,128,0,3
CALL0003090,+917449753937,+917115993340,2024-01-10 12:00:00,299,0,3
CALL0003091,+919879157250,+918636790925,2024-02-07 06:00:00,374,0,1
CALL0003092,+919501533651,+918667791193,2024-07-10 02:00:00,291,0,2
CALL0003093,+918650990292,+919119033583,2024-03-25 01:00:00,307,0,2
CALL0003094,+917917443974,+919488391853,2024-04-19 17:00:00,87,0,3
CALL0003095,+919885661728,+917958929781,2024-12-13 14:00:00,262,0,3
CALL0003096,+918263230330,+919337765517,2024-09-03 08:00:00,226,0,3
CALL0003097,+917746744900,+917556327961,2024-05-26 19:00:00,176,0,1
CALL0003098,+918985622483,+918286649770,2024-09-11 11:00:00,205,0,2
CALL0003099,+917474592915,+919291063127,2024-11-22 07:00:00,32,0,2
CALL0003100,+918611452782,+919273048964,2024-07-16 23:00:00,296,0,1
CALL0003101,+919666963716,+919238162017,2024-04-05 23:00:00,353,0,3
CALL0003102,+917615126705,+918932683472,2024-07-26 19:00:00,37,0,1
CALL0003103,+919160273529,+917547801601,2024-05-29 02:00:00,258,0,3
CALL0003104,+919342079624,+917005405321,2024-12-06 16:00:00,14,0,2
CALL0003105,+919885661728,+917693389942,2024-04-24 12:00:00,170,0,2
CALL0003106,+917039082687,+917489408621,2024-03-30 04:00:00,214,0,2
CALL0003107,+919059681370,+919398904447,2024-12-19 01:00:00,30,0,3
CALL0003108,+918238024990,+918044853212,2024-02-12 17:00:00,157,0,3
CALL0003109,+917495082507,+917884636688,2024-10-31 00:00:00,127,0,3
CALL0003110,+917691462597,+918244074956,2024-11-22 06:00:00,23,0,3
CALL0003111,+918328519758,+918178227400,2024-08-24 16:00:00,376,0,2
CALL0003112,+919240697517,+918545254283,2024-02-29 21:00:00,287,0,1
CALL0003113,+919310719122,+917956686917,2024-05-24 01:00:00,86,0,2
CALL0003114,+919391030808,+917124350314,2024-10-07 16:00:00,282,0,2
CALL0003115,+919099446917,+918448242213,2024-07-05 09:00:00,74,0,3
CALL0003116,+917952572172,+919455438263,2024-07-17 02:00:00,361,0,1
CALL0003117,+919799126296,+918492143450,2024-07-03 19:00:00,333,0,1
CALL0003118,+917145229243,+918105137057,2024-11-30 08:00:00,154,0,1
CALL0003119,+917316337298,+918414499768,2024-11-07 09:00:00,70,0,3
CALL0003120,+917223975681,+918426390503,2024-09-22 22:00:00,103,0,1
CALL0003121,+918060998960,+919971567153,2024-03-16 04:00:00,340,0,2
CALL0003122,+917628608928,+918927072324,2024-01-19 17:00:00,399,0,3
CALL0003123,+919933835772,+918088674318,2024-03-24 17:00:00,44,0,3
CALL0003124,+919246186159,+919237574933,2024-11-30 08:00:00,175,0,1
CALL0003125,+919268174299,+918282325732,2024-07-30 15:00:00,271,0,1
CALL0003126,+918400307759,+917422934177,2024-06-24 01:00:00,210,0,3
CALL0003127,+919650200561,+918092937390,2024-07-10 13:00:00,104,0,3
CALL0003128,+918793610142,+917856935319,2024-04-14 20:00:00,246,0,2
CALL0003129,+919674416122,+919272704669,2024-03-11 03:00:00,68,0,3
CALL0003130,+917827135927,+917830862130,2024-06-10 07:00:00,60,0,2
CALL0003131,+918412906505,+919253630209,2024-01-10 14:00:00,83,0,2
CALL0003132,+918790698996,+919488391853,2024-06-13 06:00:00,152,0,3
CALL0003133,+917323050164,+918385456572,2024-04-27 14:00:00,274,0,2
CALL0003134,+917896634508,+918275900700,2024-01-09 02:00:00,232,0,3
CALL0003135,+917526779116,+918771246889,2024-11-04 06:00:00,148,0,3
CALL0003136,+918825815292,+917025598120,2024-09-01 23:00:00,273,0,3
CALL0003137,+918698740182,+918685424164,2024-08-09 17:00:00,302,0,1
CALL0003138,+918507050487,+919372438141,2024-11-26 01:00:00,156,0,1
CALL0003139,+917197627375,+917345497247,2024-11-29 07:00:00,376,0,1
CALL0003140,+917881197446,+919677787420,2024-12-26 02:00:00,378,0,1
CALL0003141,+918356204660,+917814590557,2024-08-15 11:00:00,88,0,3
CALL0003142,+917926611084,+919949266792,2024-09-20 05:00:00,102,0,2
CALL0003143,+917861138302,+919294148517,2024-07-22 15:00:00,167,0,1
CALL0003144,+918282222847,+919628180939,2024-01-07 22:00:00,326,0,3
CALL0003145,+919423806903,+917595215597,2024-02-19 04:00:00,188,0,2
CALL0003146,+917402768704,+917954375250,2024-11-25 06:00:00,270,0,1
CALL0003147,+919554469739,+919492258399,2024-08-25 18:00:00,316,0,3
CALL0003148,+919576797908,+917663914405,2024-01-09 20:00:00,36,0,3
CALL0003149,+917797544111,+917956680557,2024-02-07 02:00:00,178,0,2
CALL0003150,+917460466840,+919522065948,2024-08-15 08:00:00,168,0,3
CALL0003151,+919517019494,+919544148758,2024-03-06 01:00:00,256,0,1
CALL0003152,+919422687753,+918869854819,2024-05-25 02:00:00,72,0,2
CALL0003153,+917653906586,+918915583516,2024-12-22 22:00:00,82,0,3
CALL0003154,+919192295021,+919258814219,2024-09-01 01:00:00,140,0,2
CALL0003155,+919892607629,+918529499607,2024-10-10 17:00:00,258,0,3
CALL0003156,+919736588886,+918345147828,2024-02-02 01:00:00,313,0,2
CALL0003157,+919525548612,+918551144918,2024-01-13 20:00:00,137,0,1
CALL0003158,+918976662450,+919064272007,2024-07-31 01:00:00,151,0,3
CALL0003159,+919355273463,+918040789300,2024-10-18 01:00:00,348,0,1
CALL0003160,+918752778614,+918336443116,2024-10-09 18:00:00,380,0,1
CALL0003161,+919576797908,+918564799162,2024-11-19 23:00:00,47,0,3
CALL0003162,+919215022544,+918266291670,2024-04-14 13:00:00,203,0,2
CALL0003163,+919573012536,+919635408966,2024-04-07 15:00:00,222,0,3
CALL0003164,+919102395483,+919517908889,2024-09-14 04:00:00,207,0,2
CALL0003165,+917638059476,+917116965851,2024-10-15 07:00:00,205,0,2
CALL0003166,+917844277263,+919503256035,2024-12-20 13:00:00,130,0,3
CALL0003167,+917881197446,+919827917808,2024-01-24 02:00:00,355,0,2
CALL0003168,+918233058300,+917872937918,2024-12-29 01:00:00,244,0,3
CALL0003169,+918179505166,+917653934596,2024-09-02 08:00:00,396,0,2
CALL0003170,+919336884385,+917380086609,2024-01-21 23:00:00,128,0,1
CALL0003171,+918269240566,+917375523818,2024-08-17 21:00:00,130,0,3
CALL0003172,+919138941477,+919642598739,2024-10-30 13:00:00,12,0,2
CALL0003173,+918567216108,+917475381531,2024-04-12 06:00:00,186,0,3
CALL0003174,+918381061499,+919973531824,2024-10-07 02:00:00,323,0,3
CALL0003175,+917926611084,+917189796542,2024-05-08 19:00:00,154,0,3
CALL0003176,+918456091677,+917219956734,2024-08-22 14:00:00,263,0,3
CALL0003177,+917429235164,+919531470689,2024-04-26 23:00:00,82,0,2
CALL0003178,+917545791180,+919745403172,2024-02-24 03:00:00,116,0,2
CALL0003179,+918040789300,+918793610142,2024-09-30 01:00:00,275,0,1
CALL0003180,+918095044251,+917604740465,2024-05-15 01:00:00,299,0,1
CALL0003181,+917301117467,+919739959562,2024-10-19 20:00:00,257,0,2
CALL0003182,+917539790877,+918596399970,2024-02-10 15:00:00,358,0,3
CALL0003183,+919457791428,+919445064208,2024-03-25 10:00:00,396,0,1
CALL0003184,+919700277315,+919663891906,2024-08-27 01:00:00,313,0,3
CALL0003185,+918662864406,+917628307648,2024-04-26 00:00:00,166,0,3
CALL0003186,+918580267500,+917454285700,2024-05-09 22:00:00,355,0,2
CALL0003187,+917026120712,+917626967245,2024-03-02 21:00:00,373,0,3
CALL0003188,+917831306520,+918085239224,2024-02-26 04:00:00,125,0,3
CALL0003189,+918744156773,+919695543890,2024-12-17 02:00:00,210,0,3
CALL0003190,+918286649770,+919787363358,2024-12-19 00:00:00,72,0,2
CALL0003191,+917355628962,+919881857227,2024-08-25 11:00:00,400,0,1
CALL0003192,+919471477686,+917080503899,2024-08-25 07:00:00,75,0,1
CALL0003193,+917306648678,+918711080329,2024-04-29 00:00:00,287,0,2
CALL0003194,+919341981305,+918706373251,2024-09-20 11:00:00,59,0,2
CALL0003195,+919360343087,+918300219587,2024-11-24 23:00:00,368,0,1
CALL0003196,+918965065478,+917952572172,2024-05-06 08:00:00,91,0,3
CALL0003197,+919411813710,+918367671876,2024-05-10 11:00:00,84,0,3
CALL0003198,+919355273463,+917169469638,2024-03-15 18:00:00,203,0,3
CALL0003199,+917411175459,+918021056171,2024-01-25 07:00:00,393,0,1
CALL0003200,+917253136414,+917061981865,2024-12-02 05:00:00,183,0,3
CALL0003201,+917323423949,+919599966521,2024-04-13 17:00:00,44,0,2
CALL0003202,+917896006897,+917787117078,2024-03-22 20:00:00,257,0,2
CALL0003203,+919449436330,+918599199184,2024-01-30 05:00:00,158,0,3
CALL0003204,+918193461406,+919423806903,2024-03-20 23:00:00,96,0,2
CALL0003205,+919472711813,+917790439744,2024-04-27 12:00:00,301,0,1
CALL0003206,+919644134989,+917971090562,2024-03-28 20:00:00,83,0,2
CALL0003207,+917716776077,+919019367406,2024-12-06 14:00:00,75,0,1
CALL0003208,+919488703004,+917812655430,2024-10-02 05:00:00,329,0,3
CALL0003209,+919880573897,+918667848964,2024-08-17 20:00:00,233,0,2
CALL0003210,+917678701723,+918361230552,2024-08-06 02:00:00,223,0,1
CALL0003211,+919032861295,+917403479179,2024-06-24 13:00:00,238,0,2
CALL0003212,+919632277227,+919730259957,2024-06-23 08:00:00,100,0,1
CALL0003213,+919515269850,+918221283771,2024-09-11 02:00:00,21,0,2
CALL0003214,+917433517524,+917107434698,2024-04-29 04:00:00,24,0,1
CALL0003215,+918842685663,+919051568408,2024-09-24 23:00:00,382,0,3
CALL0003216,+918548319816,+918318256925,2024-08-08 15:00:00,15,0,2
CALL0003217,+919635408966,+917081176292,2024-10-06 05:00:00,108,0,3
CALL0003218,+917529699872,+918456091677,2024-04-27 15:00:00,370,0,3
CALL0003219,+919936479343,+918224945088,2024-12-29 23:00:00,133,0,1
CALL0003220,+917542852669,+919330790843,2024-02-25 06:00:00,240,0,2
CALL0003221,+918079621608,+919391030808,2024-08-28 22:00:00,106,0,3
CALL0003222,+917377922537,+919241987290,2024-04-26 11:00:00,232,0,1
CALL0003223,+917522991878,+918448242213,2024-10-12 08:00:00,124,0,2
CALL0003224,+919704430230,+917443123569,2024-01-25 22:00:00,148,0,2
CALL0003225,+917029251922,+917085970362,2024-04-23 06:00:00,92,0,1
CALL0003226,+919556447827,+919544573226,2024-06-01 02:00:00,96,0,3
CALL0003227,+917510409184,+918430881585,2024-09-11 12:00:00,73,0,3
CALL0003228,+919222074009,+919821263316,2024-06-07 14:00:00,219,0,3
CALL0003229,+917275562282,+917660393831,2024-05-22 06:00:00,317,0,3
CALL0003230,+917005405321,+919589919058,2024-06-19 07:00:00,126,0,3
CALL0003231,+919620967260,+917097281774,2024-11-16 01:00:00,254,0,2
CALL0003232,+917229831976,+918299681784,2024-04-29 12:00:00,145,0,1
CALL0003233,+917253407795,+918270861231,2024-03-28 17:00:00,395,0,3
CALL0003234,+918604562291,+917803860564,2024-05-14 13:00:00,383,0,1
CALL0003235,+919688711289,+917458165381,2024-01-29 07:00:00,369,0,1
CALL0003236,+918134257558,+919949266792,2024-10-09 20:00:00,375,0,1
CALL0003237,+918973822925,+918729085517,2024-07-27 23:00:00,396,0,3
CALL0003238,+917978434494,+917141823197,2024-07-19 14:00:00,209,0,1
CALL0003239,+918636790925,+918721465581,2024-10-24 13:00:00,146,0,3
CALL0003240,+918128387403,+919615018376,2024-01-21 03:00:00,392,0,1
CALL0003241,+919178059281,+918574703267,2024-06-09 19:00:00,220,0,2
CALL0003242,+917851408375,+919092013017,2024-04-08 12:00:00,255,0,1
CALL0003243,+919769566876,+919055196309,2024-06-09 03:00:00,377,0,3
CALL0003244,+918029273908,+919808383675,2024-06-24 15:00:00,17,0,3
CALL0003245,+917943091247,+918227991245,2024-10-19 06:00:00,340,0,2
CALL0003246,+919874048475,+919553713288,2024-12-21 07:00:00,245,0,3
CALL0003247,+918668146205,+919196287232,2024-08-10 03:00:00,160,0,2
CALL0003248,+917870327430,+918646709721,2024-09-23 01:00:00,272,0,3
CALL0003249,+918560178369,+917260512099,2024-01-04 21:00:00,273,0,3
CALL0003250,+917213750572,+918488996388,2024-06-19 23:00:00,166,0,1
CALL0003251,+918513804828,+917520831080,2024-06-03 01:00:00,156,0,1
CALL0003252,+919464702876,+919722270188,2024-07-15 06:00:00,352,0,2
CALL0003253,+917558586046,+919912764916,2024-02-22 21:00:00,100,0,2
CALL0003254,+918177053694,+918079621608,2024-01-14 03:00:00,154,0,1
CALL0003255,+919693679031,+918804430315,2024-06-13 15:00:00,219,0,1
CALL0003256,+917774565491,+919839011681,2024-03-29 17:00:00,173,0,2
CALL0003257,+918966796805,+918269061602,2024-10-01 13:00:00,249,0,1
CALL0003258,+917654102872,+917397019796,2024-01-05 03:00:00,104,0,2
CALL0003259,+917558586046,+919471017509,2024-07-30 08:00:00,108,0,2
CALL0003260,+918149810918,+917050506921,2024-02-14 07:00:00,11,0,1
CALL0003261,+919365212508,+918688345636,2024-09-18 12:00:00,275,0,1
CALL0003262,+918385456572,+918408931413,2024-06-16 06:00:00,159,0,3
CALL0003263,+917247669226,+917558586046,2024-03-07 04:00:00,299,0,1
CALL0003264,+919675183952,+918279372522,2024-05-11 05:00:00,223,0,3
CALL0003265,+918460091497,+919427388139,2024-12-26 15:00:00,108,0,3
CALL0003266,+917910145634,+917414373178,2024-05-29 22:00:00,19,0,1
CALL0003267,+918760630847,+919390031133,2024-03-08 02:00:00,299,0,1
CALL0003268,+919484908365,+917258461081,2024-01-01 11:00:00,327,0,1
CALL0003269,+918985622483,+919160640772,2024-02-04 06:00:00,189,0,3
CALL0003270,+918583497076,+918921457694,2024-08-09 06:00:00,103,0,3
CALL0003271,+917667137477,+917457828820,2024-08-04 16:00:00,54,0,1
CALL0003272,+919850959163,+917497109680,2024-05-18 03:00:00,86,0,3
CALL0003273,+919482675634,+917653290380,2024-05-14 03:00:00,15,0,1
CALL0003274,+919150792594,+918263230330,2024-10-31 09:00:00,19,0,2
CALL0003275,+917593858817,+917036277166,2024-03-12 13:00:00,201,0,1
CALL0003276,+918015607775,+917455366432,2024-01-26 21:00:00,157,0,3
CALL0003277,+919335831787,+917264667818,2024-12-20 01:00:00,138,0,3
CALL0003278,+918974741049,+918533821527,2024-10-20 22:00:00,289,0,1
CALL0003279,+917918394465,+917383600148,2024-06-21 07:00:00,399,0,2
CALL0003280,+919635210993,+919182533560,2024-11-23 11:00:00,98,0,1
CALL0003281,+917814590557,+918224612598,2024-06-04 12:00:00,75,0,2
CALL0003282,+919439697668,+918627883139,2024-04-20 03:00:00,24,0,2
CALL0003283,+917085970362,+918955717655,2024-11-26 18:00:00,167,0,1
CALL0003284,+919198959198,+917435952956,2024-03-28 23:00:00,304,0,3
CALL0003285,+917417184253,+917290254324,2024-12-20 12:00:00,306,0,1
CALL0003286,+919123576024,+917098637060,2024-02-25 20:00:00,115,0,3
CALL0003287,+918905147640,+917868829250,2024-06-08 04:00:00,94,0,2
CALL0003288,+918433034402,+919088561810,2024-11-17 00:00:00,198,0,1
CALL0003289,+917705518088,+917985456622,2024-08-28 16:00:00,126,0,1
CALL0003290,+917310589399,+918555814766,2024-06-17 09:00:00,150,0,3
CALL0003291,+917708698100,+917926611084,2024-09-15 15:00:00,244,0,2
CALL0003292,+917387224994,+918905428279,2024-09-30 16:00:00,378,0,2
CALL0003293,+919625885312,+919908817044,2024-06-11 06:00:00,149,0,3
CALL0003294,+918297844106,+919808616609,2024-12-04 00:00:00,292,0,1
CALL0003295,+918259121916,+919335831787,2024-10-23 14:00:00,19,0,3
CALL0003296,+917460466840,+919985658287,2024-09-26 14:00:00,121,0,1
CALL0003297,+918791632376,+917186896229,2024-04-19 11:00:00,127,0,2
CALL0003298,+917288371658,+917266928204,2024-07-02 21:00:00,358,0,3
CALL0003299,+918408123755,+919585754380,2024-06-22 12:00:00,55,0,3
CALL0003300,+917603753540,+918346380316,2024-07-07 05:00:00,382,0,1
CALL0003301,+917634934834,+917812067518,2024-06-27 08:00:00,295,0,2
CALL0003302,+919214094964,+919471240590,2024-07-01 10:00:00,161,0,3
CALL0003303,+917873682662,+917312144246,2024-06-03 06:00:00,134,0,3
CALL0003304,+919313926949,+917433517524,2024-05-03 06:00:00,143,0,2
CALL0003305,+918171446167,+919201932070,2024-02-09 19:00:00,150,0,1
CALL0003306,+918605427346,+919253630209,2024-07-20 01:00:00,364,0,1
CALL0003307,+919492258399,+917839559974,2024-04-19 14:00:00,351,0,1
CALL0003308,+918248926942,+918503041567,2024-03-13 04:00:00,227,0,3
CALL0003309,+917418443349,+917827135927,2024-02-06 01:00:00,369,0,2
CALL0003310,+917093285450,+917511949745,2024-10-14 04:00:00,271,0,1
CALL0003311,+917461993642,+918425167150,2024-01-15 10:00:00,90,0,2
CALL0003312,+919831436326,+918439688474,2024-03-18 04:00:00,265,0,2
CALL0003313,+919999093780,+918931791481,2024-03-02 18:00:00,354,0,2
CALL0003314,+918096206436,+917422934177,2024-09-11 07:00:00,369,0,1
CALL0003315,+919839011681,+919144615708,2024-03-26 22:00:00,332,0,2
CALL0003316,+919350721104,+918550188524,2024-11-25 12:00:00,280,0,3
CALL0003317,+919615778959,+919099446917,2024-01-02 12:00:00,220,0,3
CALL0003318,+919739227285,+917114615544,2024-11-20 13:00:00,344,0,3
CALL0003319,+917971090562,+919899361134,2024-12-06 05:00:00,153,0,1
CALL0003320,+917099922676,+919895943161,2024-09-07 07:00:00,175,0,1
CALL0003321,+917608372421,+919076757408,2024-01-20 04:00:00,299,0,1
CALL0003322,+918646862977,+917328940794,2024-10-29 20:00:00,390,0,3
CALL0003323,+918770476328,+919161767872,2024-01-12 13:00:00,52,0,2
CALL0003324,+919797914625,+919757068118,2024-01-12 12:00:00,339,0,1
CALL0003325,+919769914452,+918595931966,2024-10-28 19:00:00,305,0,2
CALL0003326,+919614580084,+919387287698,2024-10-15 00:00:00,14,0,1
CALL0003327,+917204927991,+918807733885,2024-08-09 12:00:00,134,0,2
CALL0003328,+917144161513,+917746744900,2024-07-16 20:00:00,37,0,1
CALL0003329,+917469288770,+919618484696,2024-07-14 17:00:00,241,0,2
CALL0003330,+918635318163,+918927829226,2024-09-05 17:00:00,174,0,1
CALL0003331,+918793610142,+919104186799,2024-04-27 11:00:00,47,0,2
CALL0003332,+919533359801,+917602518759,2024-12-04 01:00:00,379,0,2
CALL0003333,+919446750937,+917507442136,2024-05-10 12:00:00,173,0,1
CALL0003334,+918224612598,+917626967245,2024-08-29 14:00:00,317,0,3
CALL0003335,+919065144201,+918250156307,2024-08-29 13:00:00,308,0,1
CALL0003336,+919220745891,+918265935630,2024-07-31 12:00:00,325,0,2
CALL0003337,+917310589399,+919020653899,2024-03-11 03:00:00,272,0,2
CALL0003338,+919656620273,+919971567153,2024-07-08 03:00:00,90,0,1
CALL0003339,+917653672025,+917386983660,2024-05-25 02:00:00,17,0,3
CALL0003340,+919615755730,+918006002379,2024-06-07 15:00:00,267,0,3
CALL0003341,+917003794208,+919123576024,2024-10-23 19:00:00,286,0,2
CALL0003342,+918320506840,+917052724678,2024-12-20 18:00:00,204,0,2
CALL0003343,+917566429166,+919688711289,2024-09-01 02:00:00,193,0,1
CALL0003344,+917190552375,+918145445545,2024-08-25 00:00:00,148,0,3
CALL0003345,+917242132501,+917264900461,2024-01-06 03:00:00,125,0,2
CALL0003346,+917313285781,+919471240590,2024-11-25 20:00:00,103,0,1
CALL0003347,+917544838974,+919794051161,2024-09-28 19:00:00,71,0,1
CALL0003348,+919090758045,+917705595636,2024-06-01 20:00:00,244,0,1
CALL0003349,+917007483075,+917602518759,2024-10-05 17:00:00,145,0,2
CALL0003350,+917081176292,+917600334097,2024-07-02 15:00:00,79,0,2
CALL0003351,+919953028735,+917429794839,2024-07-16 12:00:00,141,0,1
CALL0003352,+917671297427,+917828841863,2024-09-20 04:00:00,374,0,2
CALL0003353,+917671242206,+918279372522,2024-02-21 04:00:00,250,0,3
CALL0003354,+917626967245,+919844111871,2024-12-12 02:00:00,398,0,3
CALL0003355,+919554469739,+918584035749,2024-10-07 22:00:00,132,0,1
CALL0003356,+919113560985,+919994878942,2024-04-30 02:00:00,351,0,2
CALL0003357,+918749591122,+918196414729,2024-11-08 08:00:00,175,0,3
CALL0003358,+918558459544,+919628331788,2024-01-04 05:00:00,264,0,1
CALL0003359,+917503230293,+917325473847,2024-01-20 13:00:00,360,0,1
CALL0003360,+918623219916,+918546333449,2024-05-10 06:00:00,37,0,2
CALL0003361,+918253335490,+918429201311,2024-06-25 03:00:00,190,0,3
CALL0003362,+918062081362,+917386532853,2024-08-02 00:00:00,47,0,2
CALL0003363,+919339746965,+917724864651,2024-08-16 05:00:00,191,0,1
CALL0003364,+918094229619,+919985326418,2024-03-29 11:00:00,290,0,2
CALL0003365,+919360343087,+918265675715,2024-04-26 08:00:00,385,0,2
CALL0003366,+918093771914,+918807733885,2024-08-17 09:00:00,12,0,2
CALL0003367,+918652423546,+918241287475,2024-02-16 08:00:00,230,0,3
CALL0003368,+917812067518,+918187847190,2024-07-24 21:00:00,387,0,2
CALL0003369,+919168648210,+918658975828,2024-11-11 13:00:00,165,0,1
CALL0003370,+918744138529,+918724204062,2024-11-13 17:00:00,89,0,1
CALL0003371,+918841286305,+919920832429,2024-08-20 03:00:00,231,0,3
CALL0003372,+919195905159,+919222366300,2024-01-15 06:00:00,208,0,3
CALL0003373,+919342697072,+918074808853,2024-03-30 00:00:00,283,0,2
CALL0003374,+918255756554,+918001775645,2024-12-23 03:00:00,353,0,2
CALL0003375,+917482142641,+918049017268,2024-08-29 11:00:00,51,0,3
CALL0003376,+919668389597,+919567184904,2024-08-22 23:00:00,100,0,2
CALL0003377,+919139772162,+919262383961,2024-04-12 02:00:00,314,0,2
CALL0003378,+917301117467,+919017871749,2024-04-19 05:00:00,398,0,3
CALL0003379,+917179565524,+917528567289,2024-08-04 07:00:00,102,0,1
CALL0003380,+919808383675,+917168839245,2024-12-02 02:00:00,34,0,1
CALL0003381,+917118874784,+918683744537,2024-12-08 23:00:00,314,0,3
CALL0003382,+917081244048,+917114615544,2024-01-29 10:00:00,355,0,1
CALL0003383,+918157797343,+917991237762,2024-05-03 06:00:00,78,0,1
CALL0003384,+918302903318,+919730259957,2024-09-11 10:00:00,326,0,2
CALL0003385,+918184682784,+918297903887,2024-04-07 14:00:00,28,0,1
CALL0003386,+918552222223,+918456091677,2024-08-10 23:00:00,256,0,3
CALL0003387,+918736608126,+917333931649,2024-10-15 16:00:00,116,0,1
CALL0003388,+919611748622,+919731965368,2024-03-31 19:00:00,291,0,2
CALL0003389,+919620708136,+917109465930,2024-06-18 03:00:00,300,0,2
CALL0003390,+919625885312,+919057417512,2024-04-16 11:00:00,321,0,2
CALL0003391,+919665033783,+918568197779,2024-05-28 08:00:00,40,0,2
CALL0003392,+917687869394,+918622535628,2024-07-02 12:00:00,252,0,2
CALL0003393,+919019367406,+918431190579,2024-09-02 01:00:00,135,0,1
CALL0003394,+918599199184,+919078582684,2024-01-27 10:00:00,183,0,1
CALL0003395,+919483322709,+918443684495,2024-05-24 11:00:00,43,0,3
CALL0003396,+919110100946,+919316456308,2024-12-22 17:00:00,316,0,2
CALL0003397,+919062489967,+917366903119,2024-10-25 23:00:00,195,0,1
CALL0003398,+918248926942,+919613769205,2024-03-13 08:00:00,338,0,2
CALL0003399,+917143947518,+918435852779,2024-03-06 04:00:00,289,0,1
CALL0003400,+918003066549,+917081176292,2024-02-11 13:00:00,30,0,3
CALL0003401,+917818101156,+917212365573,2024-08-31 02:00:00,149,0,2
CALL0003402,+919740188314,+918577638879,2024-09-26 00:00:00,365,0,1
CALL0003403,+919074260135,+918983639944,2024-07-01 08:00:00,288,0,1
CALL0003404,+918014527095,+919542793638,2024-03-21 09:00:00,271,0,3
CALL0003405,+918800798461,+918044853212,2024-07-20 16:00:00,42,0,1
CALL0003406,+918919718655,+918561691910,2024-10-23 15:00:00,396,0,1
CALL0003407,+919515269850,+919936065840,2024-07-28 14:00:00,218,0,2
CALL0003408,+917524610870,+917151489095,2024-09-27 07:00:00,125,0,1
CALL0003409,+918943774402,+919645334412,2024-06-06 23:00:00,21,0,1
CALL0003410,+917776688815,+917103235302,2024-06-15 01:00:00,99,0,3
CALL0003411,+917724320527,+919984662402,2024-08-17 08:00:00,318,0,1
CALL0003412,+919767511206,+918707171904,2024-12-24 11:00:00,227,0,2
CALL0003413,+919174294766,+918943774402,2024-05-17 23:00:00,181,0,3
CALL0003414,+917082752360,+919195905159,2024-02-04 10:00:00,36,0,3
CALL0003415,+917045044072,+918357257635,2024-12-06 03:00:00,292,0,3
CALL0003416,+917774197649,+919890936026,2024-05-01 22:00:00,122,0,3
CALL0003417,+919025144813,+918381592162,2024-03-05 13:00:00,393,0,2
CALL0003418,+918494197315,+918919718655,2024-11-18 09:00:00,175,0,2
CALL0003419,+919268174299,+919059681370,2024-03-02 19:00:00,119,0,2
CALL0003420,+918962739459,+919025144813,2024-05-05 07:00:00,360,0,3
CALL0003421,+918794485135,+917145212391,2024-12-06 00:00:00,105,0,1
CALL0003422,+917918394465,+919808616609,2024-09-18 03:00:00,282,0,1
CALL0003423,+919895943161,+918440301071,2024-04-26 12:00:00,269,0,2
CALL0003424,+919418200134,+917952572172,2024-04-03 23:00:00,70,0,3
CALL0003425,+918534929276,+919134141876,2024-07-09 17:00:00,88,0,3
CALL0003426,+919700347548,+919120960864,2024-04-21 06:00:00,273,0,3
CALL0003427,+919360343087,+919365212508,2024-05-11 20:00:00,393,0,1
CALL0003428,+917648020148,+919372869390,2024-12-04 11:00:00,245,0,2
CALL0003429,+917455366432,+918177437199,2024-09-30 17:00:00,87,0,2
CALL0003430,+919024117837,+917555286697,2024-09-23 22:00:00,194,0,1
CALL0003431,+919785354469,+918229752152,2024-02-26 02:00:00,358,0,2
CALL0003432,+919203209117,+918118809822,2024-02-13 15:00:00,96,0,3
CALL0003433,+918505516374,+917382877839,2024-03-20 22:00:00,316,0,3
CALL0003434,+918965761232,+919528889996,2024-05-08 23:00:00,332,0,3
CALL0003435,+918177382859,+919109594244,2024-07-06 07:00:00,259,0,3
CALL0003436,+918927871793,+918778223971,2024-10-16 14:00:00,155,0,3
CALL0003437,+917959600315,+919165403614,2024-04-24 09:00:00,221,0,3
CALL0003438,+918896056559,+918886835156,2024-05-10 10:00:00,145,0,1
CALL0003439,+918558459544,+918069616051,2024-08-27 01:00:00,255,0,2
CALL0003440,+917432921130,+919427850719,2024-03-17 04:00:00,342,0,2
CALL0003441,+919129981964,+917310589399,2024-09-17 19:00:00,398,0,2
CALL0003442,+917213750572,+918827509427,2024-09-19 09:00:00,258,0,3
CALL0003443,+918111303228,+917806856561,2024-08-23 04:00:00,91,0,1
CALL0003444,+917355436184,+919651976612,2024-10-23 13:00:00,292,0,1
CALL0003445,+919807928857,+918370307319,2024-04-11 03:00:00,280,0,3
CALL0003446,+918676425208,+918508841480,2024-08-09 00:00:00,345,0,3
CALL0003447,+918753973094,+917705518088,2024-02-28 07:00:00,240,0,1
CALL0003448,+919323448986,+919283053326,2024-01-13 07:00:00,214,0,2
CALL0003449,+918193512240,+918865878686,2024-05-03 15:00:00,147,0,3
CALL0003450,+918231521270,+918890374019,2024-12-30 06:00:00,382,0,3
CALL0003451,+919177799493,+917446318227,2024-01-11 08:00:00,341,0,2
CALL0003452,+919110264770,+917743754699,2024-07-08 22:00:00,33,0,1
CALL0003453,+919246254016,+919136831682,2024-05-16 17:00:00,247,0,3
CALL0003454,+918722275983,+917849459515,2024-04-16 22:00:00,103,0,1
CALL0003455,+917881531382,+919649046560,2024-02-01 14:00:00,305,0,1
CALL0003456,+918641309430,+917653906586,2024-04-06 14:00:00,38,0,1
CALL0003457,+917785332384,+919969752621,2024-08-04 05:00:00,346,0,1
CALL0003458,+919473324554,+917306576833,2024-12-07 12:00:00,132,0,1
CALL0003459,+918336443116,+918850748077,2024-02-06 23:00:00,195,0,2
CALL0003460,+917984314159,+919400834638,2024-12-16 05:00:00,86,0,1
CALL0003461,+918023898015,+917688343730,2024-09-12 13:00:00,309,0,2
CALL0003462,+917117055798,+917342999385,2024-10-25 01:00:00,243,0,1
CALL0003463,+918087571634,+918505235523,2024-02-23 11:00:00,40,0,1
CALL0003464,+918219477886,+918715249722,2024-04-11 02:00:00,117,0,3
CALL0003465,+919925835534,+917990857771,2024-11-25 02:00:00,118,0,1
CALL0003466,+917216478238,+918322046227,2024-11-09 13:00:00,96,0,1
CALL0003467,+919365191395,+917370509382,2024-10-24 07:00:00,276,0,1
CALL0003468,+917557278826,+917961179612,2024-01-24 07:00:00,20,0,2
CALL0003469,+919271402917,+919572179581,2024-02-11 06:00:00,137,0,2
CALL0003470,+919588364621,+918857446088,2024-06-16 20:00:00,98,0,1
CALL0003471,+919019323438,+917073415716,2024-06-08 02:00:00,123,0,2
CALL0003472,+917803860564,+917954375250,2024-08-15 23:00:00,196,0,3
CALL0003473,+919985326418,+917075489777,2024-08-09 09:00:00,291,0,1
CALL0003474,+917634353451,+919379645632,2024-09-26 17:00:00,252,0,2
CALL0003475,+918560178369,+918794485135,2024-05-19 04:00:00,62,0,3
CALL0003476,+917831915271,+918792578434,2024-02-04 05:00:00,240,0,3
CALL0003477,+919395598158,+918606466282,2024-06-28 16:00:00,297,0,3
CALL0003478,+917005450682,+919781805474,2024-10-10 15:00:00,298,0,1
CALL0003479,+919157413417,+918383939863,2024-06-25 08:00:00,377,0,3
CALL0003480,+918940826515,+918698740182,2024-04-09 14:00:00,366,0,3
CALL0003481,+917744487472,+919150235783,2024-07-17 16:00:00,27,0,2
CALL0003482,+919746401032,+918556192204,2024-12-20 01:00:00,32,0,3
CALL0003483,+917653290380,+918101939608,2024-02-17 08:00:00,297,0,2
CALL0003484,+919704430230,+919578347392,2024-07-19 16:00:00,288,0,3
CALL0003485,+919144615708,+917431318752,2024-03-28 21:00:00,387,0,3
CALL0003486,+918386612504,+918250156307,2024-01-13 03:00:00,133,0,3
CALL0003487,+918345766119,+919716110777,2024-07-28 16:00:00,337,0,2
CALL0003488,+917714340369,+917597848679,2024-10-25 11:00:00,149,0,2
CALL0003489,+917370509382,+917668567963,2024-04-02 16:00:00,75,0,2
CALL0003490,+918477921421,+918419367415,2024-06-07 21:00:00,231,0,2
CALL0003491,+918146418439,+917746744900,2024-06-01 15:00:00,218,0,3
CALL0003492,+917940306048,+919055196309,2024-11-24 14:00:00,172,0,1
CALL0003493,+917905220354,+919881696196,2024-03-06 09:00:00,390,0,3
CALL0003494,+917027560364,+918439855928,2024-12-30 17:00:00,158,0,1
CALL0003495,+917085286025,+917812655430,2024-02-29 09:00:00,336,0,1
CALL0003496,+918489478329,+919091911795,2024-05-28 22:00:00,77,0,3
CALL0003497,+918241118853,+919099446917,2024-09-06 04:00:00,176,0,2
CALL0003498,+917325473847,+919554469739,2024-06-14 14:00:00,252,0,3
CALL0003499,+918934873847,+919149357037,2024-04-12 13:00:00,73,0,2
CALL0003500,+919572179581,+919985658287,2024-08-08 05:00:00,84,0,2
CALL0003501,+918639656311,+918482892828,2024-12-10 19:00:00,53,0,1
CALL0003502,+919342079624,+917512265114,2024-09-22 18:00:00,78,0,1
CALL0003503,+919853239746,+917600939642,2024-04-18 13:00:00,204,0,2
CALL0003504,+918260982459,+917434117738,2024-01-04 19:00:00,31,0,1
CALL0003505,+918157797343,+917673000516,2024-05-08 05:00:00,302,0,3
CALL0003506,+918943774402,+917684106557,2024-12-03 07:00:00,152,0,1
CALL0003507,+917551085324,+917743006007,2024-04-17 18:00:00,211,0,2
CALL0003508,+917562059579,+918146020883,2024-07-20 15:00:00,69,0,1
CALL0003509,+919086988657,+919375333879,2024-12-03 16:00:00,259,0,1
CALL0003510,+917243292248,+918133777627,2024-07-05 19:00:00,349,0,1
CALL0003511,+917443123569,+917516295029,2024-07-21 08:00:00,287,0,1
CALL0003512,+917457828820,+919085933219,2024-06-07 08:00:00,36,0,3
CALL0003513,+917793896303,+919166370086,2024-02-26 03:00:00,293,0,3
CALL0003514,+917248880287,+918408931413,2024-08-15 20:00:00,110,0,2
CALL0003515,+919475842798,+919254651456,2024-07-31 16:00:00,84,0,3
CALL0003516,+917140421992,+918231521270,2024-01-30 14:00:00,112,0,2
CALL0003517,+919929191969,+919831436326,2024-01-27 07:00:00,193,0,2
CALL0003518,+919211965193,+917432575794,2024-03-03 05:00:00,170,0,1
CALL0003519,+917051771929,+918651793185,2024-06-12 12:00:00,29,0,2
CALL0003520,+919341981305,+917737572146,2024-03-02 12:00:00,157,0,2
CALL0003521,+918488996388,+917906950905,2024-12-20 12:00:00,288,0,2
CALL0003522,+919682939965,+917371148513,2024-12-28 15:00:00,285,0,1
CALL0003523,+918583497076,+919177913336,2024-04-24 09:00:00,363,0,1
CALL0003524,+919053994990,+917078561580,2024-09-08 00:00:00,330,0,1
CALL0003525,+918551040717,+917856935319,2024-06-13 02:00:00,362,0,1
CALL0003526,+918919817702,+919473387398,2024-06-05 23:00:00,388,0,1
CALL0003527,+919366157277,+919395598158,2024-01-15 11:00:00,227,0,2
CALL0003528,+918412906505,+919343140526,2024-07-18 21:00:00,159,0,3
CALL0003529,+917423535422,+918577411910,2024-07-02 13:00:00,328,0,2
CALL0003530,+919156996349,+917990857771,2024-01-25 03:00:00,153,0,3
CALL0003531,+917064001479,+918919444695,2024-04-06 04:00:00,72,0,2
CALL0003532,+919810231533,+918717334800,2024-06-17 19:00:00,320,0,1
CALL0003533,+918279560537,+919439788399,2024-06-06 20:00:00,145,0,1
CALL0003534,+918224825116,+917015770674,2024-01-26 06:00:00,276,0,3
CALL0003535,+917766458804,+919716110777,2024-12-26 13:00:00,47,0,3
CALL0003536,+919487161643,+918886107605,2024-10-15 13:00:00,50,0,1
CALL0003537,+917230192168,+917258461081,2024-08-03 00:00:00,317,0,1
CALL0003538,+918128387403,+918923935346,2024-04-18 11:00:00,123,0,3
CALL0003539,+917124350314,+917881197446,2024-01-01 16:00:00,154,0,2
CALL0003540,+918278498301,+919328128242,2024-12-19 13:00:00,359,0,2
CALL0003541,+919074148269,+918514381871,2024-05-28 22:00:00,216,0,2
CALL0003542,+919807928857,+917601113419,2024-01-05 02:00:00,168,0,2
CALL0003543,+919296910342,+919531470689,2024-01-10 01:00:00,81,0,3
CALL0003544,+918923935346,+918373396720,2024-03-08 10:00:00,177,0,1
CALL0003545,+919931185368,+918730320644,2024-07-12 07:00:00,360,0,2
CALL0003546,+917706942843,+919094279024,2024-01-14 07:00:00,78,0,2
CALL0003547,+917227436409,+917469288770,2024-05-22 22:00:00,372,0,3
CALL0003548,+919736588886,+917051363543,2024-04-05 18:00:00,201,0,2
CALL0003549,+917943228463,+917704764050,2024-05-20 08:00:00,285,0,2
CALL0003550,+918099349850,+918905428279,2024-03-01 02:00:00,158,0,3
CALL0003551,+918710595196,+919503256035,2024-08-06 18:00:00,272,0,1
CALL0003552,+919700856441,+918302903318,2024-04-08 22:00:00,205,0,1
CALL0003553,+919201932070,+919464702876,2024-09-08 18:00:00,387,0,1
CALL0003554,+917789160864,+918176411041,2024-10-29 16:00:00,177,0,1
CALL0003555,+918495834016,+917128575500,2024-06-25 08:00:00,177,0,1
CALL0003556,+919174294766,+918502472662,2024-07-29 10:00:00,64,0,1
CALL0003557,+917705595636,+918048662908,2024-06-05 04:00:00,355,0,3
CALL0003558,+919379645632,+917812067518,2024-01-12 09:00:00,346,0,2
CALL0003559,+919526161894,+917838081021,2024-10-19 08:00:00,237,0,2
CALL0003560,+917956686917,+917256113614,2024-08-28 08:00:00,75,0,1
CALL0003561,+919150235783,+918505235523,2024-12-23 20:00:00,238,0,1
CALL0003562,+917120902406,+918901969306,2024-11-22 05:00:00,394,0,1
CALL0003563,+919650200561,+919404757006,2024-04-17 23:00:00,185,0,1
CALL0003564,+919936479343,+918671401806,2024-12-03 15:00:00,238,0,1
CALL0003565,+919406899624,+917940046199,2024-05-10 22:00:00,214,0,2
CALL0003566,+919897834780,+918383939863,2024-11-03 16:00:00,119,0,3
CALL0003567,+919136361218,+917201361667,2024-08-03 02:00:00,83,0,3
CALL0003568,+918495730491,+918275900700,2024-03-26 16:00:00,383,0,2
CALL0003569,+917780345604,+919081605564,2024-09-27 08:00:00,312,0,2
CALL0003570,+919254651456,+919597023896,2024-06-06 11:00:00,315,0,2
CALL0003571,+918840063028,+919352526372,2024-12-29 07:00:00,306,0,2
CALL0003572,+917943228463,+918976662450,2024-11-18 12:00:00,164,0,2
CALL0003573,+919936479343,+919479668638,2024-05-30 22:00:00,223,0,1
CALL0003574,+917345215610,+917075489777,2024-02-13 07:00:00,318,0,3
CALL0003575,+917469288770,+918580267500,2024-06-24 16:00:00,241,0,2
CALL0003576,+919364710916,+918790698996,2024-01-30 01:00:00,235,0,3
CALL0003577,+918772478984,+917854929912,2024-12-11 21:00:00,241,0,2
CALL0003578,+918604718718,+917961346895,2024-04-05 01:00:00,249,0,1
CALL0003579,+917063189763,+917857357030,2024-10-27 22:00:00,287,0,2
CALL0003580,+917620665998,+919610631687,2024-03-23 01:00:00,274,0,2
CALL0003581,+919432051115,+918954775980,2024-09-01 11:00:00,216,0,3
CALL0003582,+917959600315,+919484908365,2024-05-03 13:00:00,101,0,1
CALL0003583,+918927829226,+919365212508,2024-06-07 20:00:00,391,0,2
CALL0003584,+919061437107,+918495311564,2024-02-20 21:00:00,140,0,1
CALL0003585,+917870058392,+919780809157,2024-06-04 09:00:00,194,0,2
CALL0003586,+919552640413,+919586758928,2024-10-28 17:00:00,235,0,3
CALL0003587,+917027494094,+917694314561,2024-07-09 14:00:00,64,0,3
CALL0003588,+918009623183,+917729285089,2024-09-08 00:00:00,68,0,2
CALL0003589,+919201050822,+917777299022,2024-05-09 07:00:00,91,0,3
CALL0003590,+919201932070,+917336820960,2024-06-20 10:00:00,321,0,3
CALL0003591,+919940712089,+917198893803,2024-06-16 23:00:00,342,0,1
CALL0003592,+918040672228,+917434117738,2024-05-08 21:00:00,169,0,1
CALL0003593,+918545254283,+918891765007,2024-04-29 00:00:00,165,0,2
CALL0003594,+919115036867,+919558070091,2024-12-06 06:00:00,19,0,3
CALL0003595,+919129981964,+917669533898,2024-05-03 06:00:00,237,0,3
CALL0003596,+917881369117,+918444790966,2024-04-01 09:00:00,203,0,3
CALL0003597,+919989214090,+919271402917,2024-06-14 23:00:00,96,0,1
CALL0003598,+918413459484,+917382877839,2024-12-09 10:00:00,297,0,3
CALL0003599,+917723947926,+919228147208,2024-06-30 16:00:00,163,0,1
CALL0003600,+919177799493,+919861431820,2024-07-28 07:00:00,257,0,3
CALL0003601,+917168825959,+918662864406,2024-02-26 15:00:00,132,0,3
CALL0003602,+917954375250,+918529469057,2024-01-19 07:00:00,24,0,1
CALL0003603,+918376050370,+919779441562,2024-04-12 04:00:00,280,0,2
CALL0003604,+917027494094,+918207102726,2024-08-29 01:00:00,79,0,2
CALL0003605,+917667137477,+917012901079,2024-06-30 05:00:00,121,0,3
CALL0003606,+918276479631,+918491977613,2024-09-14 16:00:00,280,0,2
CALL0003607,+917296172949,+919283053326,2024-03-18 12:00:00,272,0,2
CALL0003608,+918716740215,+917714416574,2024-12-01 01:00:00,396,0,2
CALL0003609,+917051741026,+919056116947,2024-05-12 04:00:00,79,0,1
CALL0003610,+917971090562,+918599199184,2024-06-21 10:00:00,100,0,1
CALL0003611,+918408543104,+917418443349,2024-01-21 20:00:00,138,0,2
CALL0003612,+917774042075,+917892609925,2024-06-16 02:00:00,138,0,2
CALL0003613,+919518376274,+918090161747,2024-01-12 01:00:00,205,0,3
CALL0003614,+919115036867,+917423535422,2024-06-21 09:00:00,200,0,2
CALL0003615,+917328940794,+918541641268,2024-03-30 22:00:00,254,0,1
CALL0003616,+917750045200,+919977123596,2024-01-12 21:00:00,210,0,3
CALL0003617,+918607802699,+918416261435,2024-06-13 03:00:00,48,0,1
CALL0003618,+917171636081,+919160273529,2024-02-15 16:00:00,322,0,3
CALL0003619,+917468120599,+919737363138,2024-09-09 17:00:00,338,0,1
CALL0003620,+918017825047,+917814590557,2024-11-24 23:00:00,80,0,3
CALL0003621,+919583499100,+917695614642,2024-07-18 00:00:00,301,0,3
CALL0003622,+918240446732,+919333567661,2024-08-11 23:00:00,95,0,1
CALL0003623,+919753566765,+919132986265,2024-01-06 20:00:00,113,0,3
CALL0003624,+918838367647,+919870273318,2024-07-27 10:00:00,78,0,3
CALL0003625,+919697009565,+918727010876,2024-10-19 07:00:00,154,0,1
CALL0003626,+917602511720,+917712832737,2024-01-22 22:00:00,37,0,2
CALL0003627,+917867701877,+918104598583,2024-06-08 16:00:00,21,0,2
CALL0003628,+919445064208,+918108377524,2024-03-19 19:00:00,233,0,2
CALL0003629,+918094229619,+918687116294,2024-03-04 23:00:00,320,0,2
CALL0003630,+918843741764,+919215789463,2024-10-21 05:00:00,42,0,1
CALL0003631,+918954775980,+918087571634,2024-01-28 14:00:00,341,0,1
CALL0003632,+919652460885,+919006120075,2024-12-11 12:00:00,207,0,2
CALL0003633,+919895943161,+917245294583,2024-05-31 20:00:00,180,0,2
CALL0003634,+918653853451,+919739959562,2024-01-05 17:00:00,150,0,2
CALL0003635,+919491772820,+919612166877,2024-11-09 04:00:00,102,0,2
CALL0003636,+918265675715,+919701147349,2024-03-26 09:00:00,26,0,2
CALL0003637,+919009621714,+918933459277,2024-04-04 11:00:00,160,0,1
CALL0003638,+919113560985,+919513277315,2024-12-24 22:00:00,150,0,2
CALL0003639,+919110095466,+919345606000,2024-05-22 19:00:00,108,0,2
CALL0003640,+918376102786,+918213051178,2024-06-06 05:00:00,139,0,2
CALL0003641,+917908869791,+918177211967,2024-12-06 07:00:00,115,0,1
CALL0003642,+919697009565,+917039499256,2024-09-24 21:00:00,46,0,3
CALL0003643,+918729190906,+918324494796,2024-01-28 20:00:00,129,0,1
CALL0003644,+918729085517,+918955599959,2024-09-09 19:00:00,31,0,1
CALL0003645,+917306648678,+918710595196,2024-01-11 08:00:00,165,0,1
CALL0003646,+917286919327,+917750505276,2024-04-04 06:00:00,314,0,2
CALL0003647,+919049826600,+918545137989,2024-10-30 19:00:00,376,0,3
CALL0003648,+919649046560,+919473387398,2024-08-25 20:00:00,349,0,1
CALL0003649,+917381385977,+918685321291,2024-11-19 20:00:00,18,0,2
CALL0003650,+919132986265,+917953829913,2024-09-09 00:00:00,361,0,1
CALL0003651,+919136831682,+919727748072,2024-02-25 23:00:00,125,0,3
CALL0003652,+917290254324,+919256139027,2024-01-05 05:00:00,66,0,1
CALL0003653,+919089698010,+919073189424,2024-03-08 08:00:00,252,0,2
CALL0003654,+918046935393,+917115993340,2024-02-25 02:00:00,195,0,2
CALL0003655,+919858679783,+919716110777,2024-02-07 12:00:00,18,0,3
CALL0003656,+917453668676,+919696704364,2024-10-08 11:00:00,196,0,2
CALL0003657,+917442061189,+917976825359,2024-09-26 16:00:00,142,0,1
CALL0003658,+917926089872,+918205430381,2024-02-12 06:00:00,329,0,2
CALL0003659,+919280359296,+918522072183,2024-01-23 22:00:00,24,0,3
CALL0003660,+918207102726,+917480313586,2024-10-30 05:00:00,225,0,1
CALL0003661,+918185626834,+919177913336,2024-07-19 18:00:00,328,0,1
CALL0003662,+919439788399,+919777081500,2024-11-07 11:00:00,57,0,2
CALL0003663,+919211965193,+917887513807,2024-07-20 08:00:00,151,0,2
CALL0003664,+918212796857,+917029251922,2024-05-16 17:00:00,229,0,3
CALL0003665,+917677239770,+917971273452,2024-12-08 17:00:00,324,0,2
CALL0003666,+917023537128,+919589919058,2024-02-12 11:00:00,139,0,1
CALL0003667,+918750232761,+918677519074,2024-01-21 08:00:00,147,0,1
CALL0003668,+917610990739,+917527660066,2024-10-03 10:00:00,113,0,3
CALL0003669,+917838270914,+917683113737,2024-03-23 14:00:00,176,0,3
CALL0003670,+919931185368,+917863065340,2024-03-25 22:00:00,148,0,1
CALL0003671,+918501539082,+917616618708,2024-04-29 01:00:00,33,0,2
CALL0003672,+917418443349,+917457828820,2024-10-10 06:00:00,161,0,1
CALL0003673,+917286919327,+919638171573,2024-04-18 13:00:00,284,0,1
CALL0003674,+919595858802,+918825264558,2024-10-12 15:00:00,379,0,1
CALL0003675,+919167531211,+917317999092,2024-10-20 12:00:00,200,0,3
CALL0003676,+919878280142,+919716110777,2024-05-03 10:00:00,242,0,2
CALL0003677,+918505516374,+918513804828,2024-12-21 23:00:00,213,0,3
CALL0003678,+917953829913,+919154360994,2024-10-04 19:00:00,53,0,2
CALL0003679,+919111020757,+918115903282,2024-11-30 06:00:00,364,0,1
CALL0003680,+917271243985,+918937983489,2024-02-18 22:00:00,53,0,2
CALL0003681,+917545791180,+918182231436,2024-12-21 21:00:00,97,0,1
CALL0003682,+917786876399,+918402427685,2024-08-22 08:00:00,40,0,1
CALL0003683,+917197221718,+918746523435,2024-11-28 03:00:00,234,0,1
CALL0003684,+917568143504,+917454285700,2024-06-02 03:00:00,138,0,3
CALL0003685,+917073415716,+919893446781,2024-05-04 15:00:00,96,0,2
CALL0003686,+917232043873,+919079207038,2024-02-04 20:00:00,215,0,1
CALL0003687,+917039499256,+917226182940,2024-01-30 11:00:00,45,0,2
CALL0003688,+918346035971,+917914561575,2024-10-29 05:00:00,362,0,2
CALL0003689,+917666368192,+919696158895,2024-07-29 11:00:00,40,0,3
CALL0003690,+917549031833,+917441713169,2024-03-04 04:00:00,207,0,3
CALL0003691,+917668567963,+917437217862,2024-11-06 18:00:00,38,0,1
CALL0003692,+918794485135,+917943228463,2024-10-26 13:00:00,72,0,3
CALL0003693,+918433474717,+918717630033,2024-05-17 12:00:00,281,0,2
CALL0003694,+917807655548,+917515479337,2024-01-28 16:00:00,204,0,2
CALL0003695,+917265177311,+917512265114,2024-08-04 23:00:00,62,0,2
CALL0003696,+917703662830,+917243444028,2024-07-24 15:00:00,359,0,3
CALL0003697,+919148209535,+918532297071,2024-06-23 13:00:00,368,0,1
CALL0003698,+917927063024,+918537710608,2024-01-17 19:00:00,247,0,3
CALL0003699,+918170245888,+917994275228,2024-07-15 02:00:00,396,0,3
CALL0003700,+917984841285,+919506125236,2024-07-11 22:00:00,172,0,3
CALL0003701,+919059681370,+919928921904,2024-05-14 01:00:00,343,0,3
CALL0003702,+918529420824,+918748375357,2024-07-14 18:00:00,73,0,1
CALL0003703,+919723149525,+919605907399,2024-07-21 17:00:00,160,0,3
CALL0003704,+919730527877,+919246254016,2024-05-10 16:00:00,38,0,1
CALL0003705,+917689307759,+919055166882,2024-01-07 08:00:00,299,0,1
CALL0003706,+917507903267,+917325864282,2024-04-21 18:00:00,328,0,1
CALL0003707,+917242132501,+918386445658,2024-10-01 22:00:00,79,0,3
CALL0003708,+918608453895,+918495834016,2024-12-09 06:00:00,172,0,1
CALL0003709,+919977415437,+917396488272,2024-08-15 02:00:00,41,0,3
CALL0003710,+917514427563,+919473112773,2024-01-21 04:00:00,352,0,3
CALL0003711,+918639656311,+919319462819,2024-07-24 23:00:00,62,0,2
CALL0003712,+918180932888,+917633448987,2024-09-10 22:00:00,59,0,1
CALL0003713,+919692587452,+919280359296,2024-12-22 01:00:00,23,0,1
CALL0003714,+917744283605,+917943091247,2024-11-07 03:00:00,22,0,1
CALL0003715,+917817130515,+917595092290,2024-09-25 01:00:00,317,0,2
CALL0003716,+919576750015,+919610631687,2024-05-25 06:00:00,54,0,3
CALL0003717,+917530012452,+917114615544,2024-01-22 20:00:00,283,0,2
CALL0003718,+917605849616,+918255756554,2024-10-15 03:00:00,114,0,2
CALL0003719,+917781631737,+919055196309,2024-07-10 22:00:00,318,0,3
CALL0003720,+917371781463,+918004635803,2024-06-09 07:00:00,14,0,1
CALL0003721,+918029273908,+918203233858,2024-09-15 18:00:00,149,0,3
CALL0003722,+919846242992,+919076757408,2024-04-30 18:00:00,28,0,2
CALL0003723,+919540333580,+919152207561,2024-03-08 22:00:00,169,0,2
CALL0003724,+917959613494,+919762975611,2024-03-01 16:00:00,107,0,2
CALL0003725,+918860090864,+917941313213,2024-08-31 19:00:00,56,0,1
CALL0003726,+917317999092,+919666114780,2024-03-15 21:00:00,194,0,2
CALL0003727,+918711080329,+917738109932,2024-12-03 19:00:00,114,0,1
CALL0003728,+917580053271,+917959448125,2024-09-28 02:00:00,129,0,1
CALL0003729,+917284879704,+917519992545,2024-05-13 15:00:00,12,0,3
CALL0003730,+917738109932,+918699338053,2024-02-29 17:00:00,118,0,3
CALL0003731,+917557954311,+918861662197,2024-10-09 12:00:00,114,0,2
CALL0003732,+918157693483,+919999093780,2024-06-12 18:00:00,327,0,3
CALL0003733,+918115903282,+917116732917,2024-04-05 14:00:00,216,0,2
CALL0003734,+919462410052,+919948082093,2024-03-08 23:00:00,99,0,3
CALL0003735,+918119841750,+919697050074,2024-06-08 19:00:00,370,0,3
CALL0003736,+917949497559,+917558586046,2024-06-26 07:00:00,203,0,3
CALL0003737,+917366903119,+919256106593,2024-08-26 08:00:00,380,0,3
CALL0003738,+917333791889,+917339009628,2024-06-19 02:00:00,210,0,1
CALL0003739,+919583499100,+918192378994,2024-12-22 01:00:00,388,0,3
CALL0003740,+917896464856,+919081605564,2024-03-06 18:00:00,356,0,3
CALL0003741,+919299150403,+918721465581,2024-03-24 08:00:00,189,0,3
CALL0003742,+919106597781,+918793012460,2024-12-04 22:00:00,239,0,1
CALL0003743,+918845890616,+918000408557,2024-12-03 20:00:00,376,0,3
CALL0003744,+918936808239,+919589919058,2024-08-15 21:00:00,394,0,2
CALL0003745,+918446537329,+918857703808,2024-08-08 05:00:00,210,0,1
CALL0003746,+918095044251,+919542793638,2024-05-24 07:00:00,11,0,3
CALL0003747,+918177382859,+918886405457,2024-03-22 22:00:00,219,0,2
CALL0003748,+918164487525,+918295500185,2024-04-01 12:00:00,169,0,3
CALL0003749,+918652423546,+918700788342,2024-03-30 22:00:00,169,0,2
CALL0003750,+917599056676,+917510409184,2024-12-28 11:00:00,33,0,2
CALL0003751,+917896464856,+918568197779,2024-06-26 22:00:00,41,0,1
CALL0003752,+919984662402,+919665888130,2024-10-02 17:00:00,255,0,1
CALL0003753,+917482142641,+919846242992,2024-04-16 21:00:00,212,0,3
CALL0003754,+918778223971,+917010247560,2024-08-07 15:00:00,236,0,3
CALL0003755,+917294003911,+918983639944,2024-05-29 08:00:00,31,0,3
CALL0003756,+918150482276,+917595585419,2024-03-09 15:00:00,370,0,2
CALL0003757,+919554469739,+918203233858,2024-08-03 23:00:00,280,0,3
CALL0003758,+919147457134,+919576797908,2024-05-17 09:00:00,354,0,3
CALL0003759,+917542852669,+919649046560,2024-08-28 08:00:00,85,0,2
CALL0003760,+918266291670,+918717630033,2024-08-10 02:00:00,396,0,1
CALL0003761,+917964095945,+919589490394,2024-04-11 15:00:00,130,0,3
CALL0003762,+919531741517,+919594252613,2024-04-12 13:00:00,161,0,3
CALL0003763,+918247073472,+917810473300,2024-07-17 05:00:00,69,0,3
CALL0003764,+919439788399,+919583499100,2024-02-23 08:00:00,379,0,3
CALL0003765,+919554469739,+917355543720,2024-04-08 19:00:00,336,0,3
CALL0003766,+919838569406,+918494197315,2024-05-01 18:00:00,21,0,1
CALL0003767,+919222943168,+919432051115,2024-05-01 15:00:00,368,0,2
CALL0003768,+917012901079,+917790439744,2024-06-07 11:00:00,297,0,2
CALL0003769,+917685258298,+917418359148,2024-12-12 09:00:00,145,0,3
CALL0003770,+918623219916,+919440761698,2024-09-15 18:00:00,211,0,3
CALL0003771,+918896938438,+919856512035,2024-06-11 16:00:00,282,0,1
CALL0003772,+918336443116,+918755835773,2024-07-16 06:00:00,308,0,2
CALL0003773,+919540333580,+919949355978,2024-11-02 12:00:00,29,0,1
CALL0003774,+918302903318,+918104598583,2024-02-15 19:00:00,153,0,3
CALL0003775,+917643345154,+917937687109,2024-07-22 23:00:00,386,0,1
CALL0003776,+918033777481,+919203600723,2024-12-21 22:00:00,67,0,2
CALL0003777,+918976662450,+919253630209,2024-04-29 18:00:00,46,0,3
CALL0003778,+919222366300,+917787117078,2024-05-28 11:00:00,38,0,3
CALL0003779,+917555286697,+918269240566,2024-11-11 18:00:00,312,0,3
CALL0003780,+917763686514,+917648259102,2024-06-11 01:00:00,165,0,2
CALL0003781,+919920970781,+919419588841,2024-09-28 17:00:00,277,0,1
CALL0003782,+917956686917,+918875854015,2024-10-01 01:00:00,315,0,3
CALL0003783,+919797914625,+919513516940,2024-02-06 02:00:00,87,0,1
CALL0003784,+919564157340,+917703662830,2024-06-08 03:00:00,280,0,2
CALL0003785,+919292744661,+919692587452,2024-10-18 00:00:00,46,0,2
CALL0003786,+917872937918,+919062489967,2024-12-24 14:00:00,26,0,1
CALL0003787,+917014855305,+917349221317,2024-02-13 20:00:00,36,0,1
CALL0003788,+917336820960,+919558070091,2024-11-25 01:00:00,369,0,1
CALL0003789,+919999093780,+917191957977,2024-01-17 07:00:00,301,0,2
CALL0003790,+918264798677,+919107456393,2024-03-17 10:00:00,208,0,3
CALL0003791,+918177387681,+918702129742,2024-10-15 21:00:00,182,0,2
CALL0003792,+918309589783,+919749252456,2024-01-03 07:00:00,239,0,2
CALL0003793,+918850748077,+919278523708,2024-02-15 20:00:00,50,0,2
CALL0003794,+919661598978,+917868829250,2024-04-01 00:00:00,187,0,1
CALL0003795,+917500958420,+918074808853,2024-04-10 06:00:00,259,0,3
CALL0003796,+918943774402,+918822690904,2024-07-12 01:00:00,46,0,1
CALL0003797,+918733132462,+917551085324,2024-12-12 04:00:00,85,0,2
CALL0003798,+919168948553,+917103046185,2024-12-26 08:00:00,165,0,1
CALL0003799,+918240446732,+918995666836,2024-05-09 21:00:00,104,0,3
CALL0003800,+919228147208,+919908817044,2024-07-18 12:00:00,359,0,3
CALL0003801,+919835333333,+918943066660,2024-01-22 10:00:00,307,0,2
CALL0003802,+917041484255,+918752778614,2024-12-20 13:00:00,368,0,2
CALL0003803,+917161892993,+918917086406,2024-11-06 03:00:00,153,0,3
CALL0003804,+919199608288,+918807733885,2024-10-02 09:00:00,395,0,2
CALL0003805,+917554747107,+918838367647,2024-12-09 18:00:00,127,0,1
CALL0003806,+919922721319,+917356542255,2024-06-11 05:00:00,391,0,3
CALL0003807,+918005322838,+917743247900,2024-10-15 02:00:00,116,0,1
CALL0003808,+919161767872,+917422934177,2024-12-23 04:00:00,296,0,3
CALL0003809,+918132198465,+919584488779,2024-12-25 03:00:00,161,0,1
CALL0003810,+918876557575,+919693781332,2024-05-29 07:00:00,388,0,1
CALL0003811,+918452098877,+918962954687,2024-07-10 06:00:00,158,0,2
CALL0003812,+917082752360,+919394518089,2024-08-25 14:00:00,203,0,1
CALL0003813,+917423535422,+917563175691,2024-09-09 01:00:00,35,0,2
CALL0003814,+917873682662,+918729190906,2024-11-02 04:00:00,61,0,1
CALL0003815,+917122951080,+917660393831,2024-10-22 19:00:00,124,0,2
CALL0003816,+918923552120,+919195905159,2024-02-10 04:00:00,244,0,2
CALL0003817,+918616629794,+917774042075,2024-12-12 05:00:00,345,0,1
CALL0003818,+917600939642,+917379547237,2024-12-29 11:00:00,186,0,3
CALL0003819,+917495918575,+918784428350,2024-06-02 08:00:00,368,0,2
CALL0003820,+919559333068,+917978881320,2024-04-24 00:00:00,72,0,1
CALL0003821,+918807733885,+918300219587,2024-02-22 21:00:00,117,0,1
CALL0003822,+918500228652,+917297865241,2024-06-30 21:00:00,297,0,3
CALL0003823,+918329694802,+918343020583,2024-01-31 19:00:00,174,0,2
CALL0003824,+917613430607,+918560457268,2024-07-10 18:00:00,296,0,3
CALL0003825,+918773229931,+917005405321,2024-01-14 17:00:00,124,0,3
CALL0003826,+917007483075,+918697997873,2024-07-20 20:00:00,330,0,1
CALL0003827,+918385456572,+918798273894,2024-06-10 18:00:00,388,0,2
CALL0003828,+917081176292,+919667096954,2024-10-30 23:00:00,234,0,2
CALL0003829,+919575589278,+917794749625,2024-05-27 18:00:00,38,0,1
CALL0003830,+917363993338,+917943739567,2024-01-29 01:00:00,311,0,2
CALL0003831,+919743400425,+917931086379,2024-04-17 23:00:00,202,0,2
CALL0003832,+917008810948,+917688343730,2024-03-03 08:00:00,42,0,1
CALL0003833,+918545137989,+918700788342,2024-09-01 03:00:00,276,0,3
CALL0003834,+918612469986,+917064001479,2024-02-05 18:00:00,294,0,3
CALL0003835,+919296910342,+919565259704,2024-02-04 22:00:00,377,0,3
CALL0003836,+918077777688,+918250156307,2024-01-27 00:00:00,367,0,3
CALL0003837,+918855361179,+919028199489,2024-06-08 10:00:00,104,0,3
CALL0003838,+917039499256,+919107456393,2024-10-06 15:00:00,175,0,3
CALL0003839,+919605559451,+919757068118,2024-11-23 07:00:00,338,0,1
CALL0003840,+919863433035,+919149779477,2024-12-05 01:00:00,365,0,2
CALL0003841,+918257072259,+919519798742,2024-10-14 17:00:00,102,0,1
CALL0003842,+919705882897,+917398665067,2024-05-12 19:00:00,364,0,3
CALL0003843,+917382400664,+919866692172,2024-11-01 13:00:00,327,0,3
CALL0003844,+917144161513,+917151489095,2024-01-26 11:00:00,238,0,2
CALL0003845,+919177600847,+919059681370,2024-08-14 06:00:00,329,0,2
CALL0003846,+919525548612,+917780534826,2024-08-29 20:00:00,256,0,3
CALL0003847,+918520965742,+917653906586,2024-07-24 03:00:00,275,0,2
CALL0003848,+917961179612,+919066555429,2024-05-08 03:00:00,156,0,2
CALL0003849,+918457426179,+917268353094,2024-07-15 05:00:00,90,0,3
CALL0003850,+918710302446,+917097281774,2024-03-02 10:00:00,207,0,2
CALL0003851,+919360110292,+917661483729,2024-11-03 07:00:00,292,0,2
CALL0003852,+918794335148,+918935474246,2024-06-08 10:00:00,319,0,1
CALL0003853,+917430835465,+917168825959,2024-12-07 02:00:00,214,0,3
CALL0003854,+917838270914,+918706373251,2024-02-18 04:00:00,84,0,2
CALL0003855,+917874195429,+917789629835,2024-04-09 23:00:00,394,0,1
CALL0003856,+917313285781,+918611452782,2024-04-08 17:00:00,331,0,2
CALL0003857,+917201361667,+919645334412,2024-06-15 16:00:00,190,0,3
CALL0003858,+918185626834,+919004127444,2024-03-15 16:00:00,256,0,2
CALL0003859,+918816814777,+917441713169,2024-07-29 03:00:00,233,0,3
CALL0003860,+917626148452,+919457791428,2024-05-22 07:00:00,386,0,2
CALL0003861,+919694839236,+918255756554,2024-11-08 13:00:00,21,0,2
CALL0003862,+919757068118,+918759434936,2024-12-27 20:00:00,331,0,1
CALL0003863,+919110264770,+919403863867,2024-01-08 19:00:00,283,0,3
CALL0003864,+918282325732,+917084346622,2024-08-17 14:00:00,127,0,2
CALL0003865,+918461847757,+919471017509,2024-05-21 10:00:00,314,0,1
CALL0003866,+919271402917,+918269061602,2024-12-11 03:00:00,38,0,3
CALL0003867,+919043958964,+917406911120,2024-04-28 14:00:00,52,0,3
CALL0003868,+917516345495,+919032861295,2024-11-22 01:00:00,385,0,2
CALL0003869,+917667604283,+918965065478,2024-02-21 09:00:00,29,0,1
CALL0003870,+919419588841,+917978635200,2024-08-14 22:00:00,383,0,3
CALL0003871,+918953021725,+917858937230,2024-11-03 14:00:00,306,0,3
CALL0003872,+917351122194,+919765797780,2024-07-30 01:00:00,90,0,1
CALL0003873,+919144615708,+918336443116,2024-05-17 20:00:00,24,0,1
CALL0003874,+919507775070,+918407043784,2024-09-20 22:00:00,352,0,2
CALL0003875,+919472711813,+917854777689,2024-11-13 13:00:00,183,0,2
CALL0003876,+918852044967,+917602518759,2024-05-12 04:00:00,339,0,3
CALL0003877,+918461847757,+919427664069,2024-06-09 00:00:00,69,0,3
CALL0003878,+919865029131,+918488996388,2024-02-22 13:00:00,212,0,2
CALL0003879,+919009621714,+919039452715,2024-12-06 12:00:00,193,0,3
CALL0003880,+919307969656,+918666218038,2024-11-23 19:00:00,269,0,3
CALL0003881,+918482153830,+917943228463,2024-10-07 08:00:00,96,0,2
CALL0003882,+917952434250,+917406911120,2024-10-07 04:00:00,163,0,2
CALL0003883,+919865029131,+918056330356,2024-12-29 23:00:00,373,0,3
CALL0003884,+919999093780,+917759673813,2024-10-14 18:00:00,200,0,2
CALL0003885,+918000408557,+918201048265,2024-03-15 14:00:00,26,0,3
CALL0003886,+919305812668,+919439788399,2024-12-13 07:00:00,216,0,3
CALL0003887,+918854739500,+919064272007,2024-06-03 01:00:00,338,0,3
CALL0003888,+919361749060,+919104186799,2024-06-17 22:00:00,356,0,1
CALL0003889,+918775240975,+917317858773,2024-11-01 22:00:00,104,0,1
CALL0003890,+918986714029,+919092013017,2024-08-04 10:00:00,81,0,2
CALL0003891,+917248880287,+917402768704,2024-01-05 23:00:00,30,0,2
CALL0003892,+919152207561,+918407043784,2024-07-04 14:00:00,188,0,2
CALL0003893,+919473112773,+919427465438,2024-02-15 22:00:00,79,0,1
CALL0003894,+918549813506,+918938360856,2024-05-08 07:00:00,107,0,3
CALL0003895,+918489478329,+918340544516,2024-09-07 06:00:00,323,0,3
CALL0003896,+919390031133,+917436582953,2024-01-25 12:00:00,398,0,1
CALL0003897,+919057828016,+918218792081,2024-02-12 06:00:00,57,0,2
CALL0003898,+918616913847,+917247669226,2024-07-25 10:00:00,113,0,2
CALL0003899,+919716910794,+918550677596,2024-10-28 10:00:00,52,0,1
CALL0003900,+918721911104,+917806810450,2024-02-25 19:00:00,301,0,3
CALL0003901,+919604117741,+917901139125,2024-03-31 13:00:00,284,0,1
CALL0003902,+917642032345,+918195396697,2024-12-03 11:00:00,239,0,1
CALL0003903,+917705518088,+918499115240,2024-08-25 21:00:00,41,0,2
CALL0003904,+917418443349,+919478791812,2024-12-12 23:00:00,64,0,1
CALL0003905,+918593719525,+918678744236,2024-02-26 08:00:00,44,0,2
CALL0003906,+917788922295,+918157797343,2024-03-08 23:00:00,69,0,3
CALL0003907,+917828841863,+919958386134,2024-06-04 12:00:00,251,0,3
CALL0003908,+918443684495,+919427952805,2024-02-07 02:00:00,173,0,2
CALL0003909,+917270653164,+917905220354,2024-08-12 20:00:00,396,0,1
CALL0003910,+918849395767,+918408931413,2024-01-26 10:00:00,188,0,3
CALL0003911,+917689307759,+918638311715,2024-04-30 02:00:00,272,0,1
CALL0003912,+919150235783,+917678237928,2024-01-03 23:00:00,131,0,3
CALL0003913,+917342999385,+918018304146,2024-11-05 23:00:00,58,0,3
CALL0003914,+917919345838,+919682939965,2024-11-15 09:00:00,394,0,1
CALL0003915,+918482892828,+918305922679,2024-08-05 18:00:00,296,0,3
CALL0003916,+919110264770,+917188404739,2024-08-25 18:00:00,70,0,2
CALL0003917,+919177913336,+919797914625,2024-02-24 20:00:00,367,0,1
CALL0003918,+919085457189,+917677239770,2024-08-17 21:00:00,144,0,3
CALL0003919,+917638059476,+919059681370,2024-09-13 05:00:00,250,0,2
CALL0003920,+917653934596,+919682939965,2024-10-31 16:00:00,172,0,1
CALL0003921,+918854739500,+919054733973,2024-08-04 09:00:00,66,0,3
CALL0003922,+918105657328,+918499140953,2024-05-28 20:00:00,160,0,2
CALL0003923,+917355543720,+918503041567,2024-09-09 05:00:00,326,0,2
CALL0003924,+917507442136,+918698740182,2024-03-15 05:00:00,281,0,1
CALL0003925,+917297865241,+918890374019,2024-05-23 16:00:00,42,0,3
CALL0003926,+919881857227,+919318643397,2024-01-14 14:00:00,294,0,2
CALL0003927,+918121574412,+919200139409,2024-02-09 22:00:00,119,0,1
CALL0003928,+918439688474,+917493335101,2024-03-06 18:00:00,368,0,2
CALL0003929,+918469611128,+918074808853,2024-02-10 13:00:00,194,0,1
CALL0003930,+919113753661,+917896634508,2024-07-23 18:00:00,161,0,1
CALL0003931,+917667583404,+918244065667,2024-06-21 15:00:00,222,0,2
CALL0003932,+919318000495,+919848861366,2024-09-20 05:00:00,132,0,1
CALL0003933,+919025144813,+918250156307,2024-06-22 23:00:00,162,0,2
CALL0003934,+919779441562,+918928517156,2024-06-16 20:00:00,41,0,3
CALL0003935,+918580972180,+919522792468,2024-01-26 17:00:00,392,0,1
CALL0003936,+917442061189,+918306079872,2024-05-11 11:00:00,59,0,2
CALL0003937,+919491110236,+917978434494,2024-11-16 16:00:00,226,0,2
CALL0003938,+917818453480,+917196300729,2024-01-06 04:00:00,168,0,3
CALL0003939,+917809494197,+917599056676,2024-04-16 03:00:00,352,0,1
CALL0003940,+917983488761,+917984314159,2024-05-17 21:00:00,399,0,1
CALL0003941,+918703151880,+918262313517,2024-05-15 18:00:00,10,0,1
CALL0003942,+917111649943,+919605559451,2024-10-24 21:00:00,235,0,2
CALL0003943,+918218109683,+919706815838,2024-04-06 00:00:00,311,0,3
CALL0003944,+918313718687,+917948169822,2024-01-24 10:00:00,16,0,1
CALL0003945,+919340556203,+918073915642,2024-07-08 09:00:00,318,0,2
CALL0003946,+918425167150,+919286307838,2024-05-14 20:00:00,35,0,1
CALL0003947,+917294003911,+917174972955,2024-05-24 02:00:00,333,0,1
CALL0003948,+918828104597,+917755967854,2024-10-27 23:00:00,40,0,3
CALL0003949,+919006306623,+918555814766,2024-08-06 22:00:00,167,0,2
CALL0003950,+918058268012,+918080724321,2024-10-12 16:00:00,147,0,2
CALL0003951,+917042593343,+917163480810,2024-07-13 00:00:00,108,0,2
CALL0003952,+917873682662,+919519798742,2024-11-04 02:00:00,200,0,1
CALL0003953,+919314998544,+919625885312,2024-03-23 06:00:00,332,0,2
CALL0003954,+917958929781,+917673000516,2024-01-28 11:00:00,175,0,2
CALL0003955,+917785346655,+918901969306,2024-09-26 00:00:00,51,0,2
CALL0003956,+917602518759,+919952773540,2024-06-16 14:00:00,202,0,2
CALL0003957,+917147934211,+917041484255,2024-01-16 06:00:00,292,0,3
CALL0003958,+918844212711,+918266291670,2024-11-07 05:00:00,341,0,1
CALL0003959,+919478791812,+918703151880,2024-07-23 09:00:00,205,0,3
CALL0003960,+918824864182,+917275562282,2024-07-10 07:00:00,267,0,1
CALL0003961,+919629319238,+919272576853,2024-09-20 01:00:00,272,0,2
CALL0003962,+919019323438,+917440843411,2024-05-24 17:00:00,91,0,1
CALL0003963,+918314557345,+919602471790,2024-05-04 07:00:00,153,0,3
CALL0003964,+917436637851,+919175803332,2024-08-17 08:00:00,314,0,2
CALL0003965,+919139772162,+919889096253,2024-12-17 03:00:00,89,0,2
CALL0003966,+918596399970,+919925835534,2024-05-16 03:00:00,311,0,1
CALL0003967,+918495311564,+918977018447,2024-09-13 01:00:00,163,0,2
CALL0003968,+919328128242,+918387738611,2024-10-15 15:00:00,309,0,2
CALL0003969,+918220651115,+917804479213,2024-11-17 18:00:00,74,0,1
CALL0003970,+918950583211,+919766105080,2024-12-07 15:00:00,113,0,3
CALL0003971,+918346380316,+919490331185,2024-06-11 04:00:00,313,0,2
CALL0003972,+917896464856,+919458360702,2024-09-16 15:00:00,71,0,1
CALL0003973,+917120676321,+918309345969,2024-05-24 07:00:00,210,0,1
CALL0003974,+918337617767,+919831491161,2024-06-29 15:00:00,76,0,3
CALL0003975,+918408123755,+918646862977,2024-12-01 09:00:00,158,0,1
CALL0003976,+919490331185,+917240678791,2024-06-26 17:00:00,70,0,1
CALL0003977,+917997149195,+918829164395,2024-09-22 02:00:00,347,0,1
CALL0003978,+919553713288,+918709459994,2024-04-16 18:00:00,261,0,1
CALL0003979,+919013033704,+917806642999,2024-11-06 21:00:00,45,0,3
CALL0003980,+919256490930,+919231100151,2024-03-15 01:00:00,115,0,2
CALL0003981,+917868829250,+919558635423,2024-11-08 06:00:00,255,0,3
CALL0003982,+917259826883,+918869840574,2024-07-05 01:00:00,218,0,3
CALL0003983,+919722270188,+918451123844,2024-10-10 06:00:00,400,0,2
CALL0003984,+917735325512,+919875235488,2024-08-09 20:00:00,391,0,2
CALL0003985,+918161449838,+918388665954,2024-10-12 09:00:00,276,0,3
CALL0003986,+919283053326,+917900791740,2024-08-28 03:00:00,240,0,1
CALL0003987,+918144163134,+917660393831,2024-01-03 22:00:00,91,0,2
CALL0003988,+919924213347,+917116965851,2024-08-12 19:00:00,141,0,2
CALL0003989,+917788032752,+918992711131,2024-06-07 18:00:00,85,0,3
CALL0003990,+919928273137,+917368598673,2024-08-04 09:00:00,244,0,2
CALL0003991,+919107359296,+919123064263,2024-07-25 17:00:00,18,0,1
CALL0003992,+918270296369,+918148100051,2024-09-09 11:00:00,397,0,3
CALL0003993,+917910145634,+919729023645,2024-04-11 00:00:00,381,0,1
CALL0003994,+918434904147,+917125254588,2024-07-13 01:00:00,257,0,3
CALL0003995,+917894188675,+918276479631,2024-02-28 20:00:00,35,0,1
CALL0003996,+918703151880,+917588880459,2024-07-13 12:00:00,50,0,3
CALL0003997,+918146418439,+919658182576,2024-09-27 08:00:00,128,0,1
CALL0003998,+918825815292,+917489408621,2024-05-02 04:00:00,308,0,2
CALL0003999,+919861431820,+917247669226,2024-01-05 11:00:00,272,0,1
CALL0004000,+917718470222,+917542852669,2024-10-07 23:00:00,210,0,1
CALL0004001,+918250156307,+919177125073,2024-05-27 05:00:00,189,0,2
CALL0004002,+919064360196,+917827135927,2024-10-19 13:00:00,242,0,3
CALL0004003,+918367671876,+918653853451,2024-02-29 05:00:00,161,0,3
CALL0004004,+919427850719,+919064360196,2024-09-07 11:00:00,98,0,3
CALL0004005,+919161767872,+918253335490,2024-01-13 21:00:00,64,0,2
CALL0004006,+919110100946,+918667604341,2024-09-17 21:00:00,148,0,1
CALL0004007,+918160032315,+918550677596,2024-10-27 16:00:00,46,0,1
CALL0004008,+918857059606,+917744487472,2024-05-29 01:00:00,206,0,1
CALL0004009,+918479297771,+918828104597,2024-04-27 01:00:00,79,0,3
CALL0004010,+919937340141,+918465613458,2024-06-24 01:00:00,44,0,2
CALL0004011,+917127725926,+917301117467,2024-08-11 05:00:00,88,0,2
CALL0004012,+918545254283,+917364136945,2024-07-14 05:00:00,104,0,2
CALL0004013,+919449436330,+919253297763,2024-09-28 20:00:00,168,0,3
CALL0004014,+918622061275,+919200139409,2024-07-23 22:00:00,351,0,1
CALL0004015,+918638642053,+919971567153,2024-05-09 16:00:00,17,0,2
CALL0004016,+917264667818,+917051741026,2024-06-03 02:00:00,390,0,3
CALL0004017,+918792578434,+917551085324,2024-11-02 01:00:00,277,0,3
CALL0004018,+917390973056,+917783927082,2024-10-20 18:00:00,119,0,2
CALL0004019,+917312144246,+919024117837,2024-03-25 02:00:00,368,0,3
CALL0004020,+919528889996,+919104186799,2024-05-22 11:00:00,330,0,1
CALL0004021,+919423806903,+918083129918,2024-07-10 09:00:00,40,0,1
CALL0004022,+918753973094,+917026898108,2024-02-26 08:00:00,66,0,3
CALL0004023,+917014589617,+919757772684,2024-12-07 20:00:00,230,0,2
CALL0004024,+918953021725,+918029273908,2024-09-18 13:00:00,141,0,1
CALL0004025,+919488703004,+918877385128,2024-04-04 14:00:00,15,0,3
CALL0004026,+918079621608,+919971567153,2024-05-02 12:00:00,210,0,1
CALL0004027,+919595215260,+918442892727,2024-03-13 18:00:00,320,0,3
CALL0004028,+918439855928,+918187847190,2024-10-31 20:00:00,241,0,3
CALL0004029,+919604117741,+919866692172,2024-12-13 07:00:00,206,0,1
CALL0004030,+918757434963,+918206177152,2024-08-18 22:00:00,134,0,1
CALL0004031,+919232090139,+917385303298,2024-10-29 21:00:00,213,0,2
CALL0004032,+919848861366,+919800580030,2024-11-18 23:00:00,68,0,1
CALL0004033,+917868190327,+918402813596,2024-04-30 16:00:00,100,0,1
CALL0004034,+917959613494,+917492952501,2024-11-13 14:00:00,101,0,1
CALL0004035,+918992711131,+919985262684,2024-05-02 13:00:00,323,0,2
CALL0004036,+919117214899,+918427696719,2024-10-18 11:00:00,294,0,1
CALL0004037,+918100825517,+919733101691,2024-06-14 05:00:00,338,0,1
CALL0004038,+919067579588,+917616618708,2024-06-26 00:00:00,361,0,3
CALL0004039,+917118880185,+919899361134,2024-10-13 14:00:00,52,0,2
CALL0004040,+918227016851,+917787870467,2024-06-10 08:00:00,209,0,2
CALL0004041,+919794051161,+917073415716,2024-08-21 07:00:00,318,0,1
CALL0004042,+919994878942,+917706942843,2024-08-24 22:00:00,287,0,2
CALL0004043,+919004127444,+917634353451,2024-07-16 10:00:00,210,0,2
CALL0004044,+919375768268,+917648020148,2024-11-03 06:00:00,333,0,3
CALL0004045,+917898416149,+918474580909,2024-07-06 07:00:00,21,0,1
CALL0004046,+919700277315,+917140421992,2024-01-05 04:00:00,145,0,1
CALL0004047,+919618023243,+919192432089,2024-05-31 00:00:00,71,0,2
CALL0004048,+919586758928,+917064560262,2024-04-05 04:00:00,286,0,1
CALL0004049,+918800433217,+918999842897,2024-12-10 14:00:00,227,0,2
CALL0004050,+919622018804,+919429546494,2024-10-22 06:00:00,358,0,1
CALL0004051,+919191607869,+918580972180,2024-01-24 00:00:00,170,0,1
CALL0004052,+919896918354,+918660137380,2024-02-12 15:00:00,256,0,2
CALL0004053,+919896918354,+918241118853,2024-11-15 00:00:00,167,0,1
CALL0004054,+918717316750,+919468069197,2024-11-11 11:00:00,77,0,2
CALL0004055,+918499115240,+919723061326,2024-04-18 19:00:00,227,0,1
CALL0004056,+917288371658,+917447344032,2024-01-28 15:00:00,263,0,2
CALL0004057,+918103483371,+919461498904,2024-06-26 18:00:00,346,0,3
CALL0004058,+917571601697,+917264667818,2024-08-19 10:00:00,148,0,2
CALL0004059,+919850994836,+917051741026,2024-08-08 12:00:00,299,0,1
CALL0004060,+918951135845,+918614157011,2024-01-08 06:00:00,249,0,3
CALL0004061,+918429201311,+917820467588,2024-05-06 22:00:00,323,0,1
CALL0004062,+917215351233,+919633795198,2024-08-23 09:00:00,320,0,3
CALL0004063,+918499115240,+917281447929,2024-07-20 15:00:00,244,0,2
CALL0004064,+918619715972,+918607802699,2024-07-06 11:00:00,335,0,1
CALL0004065,+918703151880,+917111705294,2024-02-27 04:00:00,262,0,2
CALL0004066,+919259223479,+919532710888,2024-01-24 13:00:00,60,0,2
CALL0004067,+917089668615,+919059681370,2024-08-29 05:00:00,225,0,2
CALL0004068,+919998396853,+917838270914,2024-12-13 14:00:00,316,0,2
CALL0004069,+918260982459,+918771246889,2024-11-27 18:00:00,167,0,3
CALL0004070,+919534632096,+918224546017,2024-01-06 20:00:00,66,0,3
CALL0004071,+919939863752,+918522072183,2024-01-10 18:00:00,144,0,3
CALL0004072,+918822690904,+919513277315,2024-08-23 18:00:00,210,0,2
CALL0004073,+919620967260,+919557204738,2024-07-13 12:00:00,133,0,1
CALL0004074,+917794749625,+917861138302,2024-04-26 13:00:00,291,0,3
CALL0004075,+917081220053,+919381674809,2024-05-29 10:00:00,276,0,3
CALL0004076,+917517795369,+917447883480,2024-08-09 01:00:00,106,0,2
CALL0004077,+917610990739,+919473112773,2024-02-26 10:00:00,140,0,3
CALL0004078,+917475194491,+918638311715,2024-08-20 01:00:00,176,0,3
CALL0004079,+919760980560,+918702848883,2024-09-01 10:00:00,178,0,1
CALL0004080,+917519992545,+919666114780,2024-08-16 09:00:00,241,0,3
CALL0004081,+919129981964,+918491041052,2024-08-26 09:00:00,76,0,1
CALL0004082,+918711080329,+917737263640,2024-02-16 13:00:00,310,0,1
CALL0004083,+917599555256,+918598684591,2024-12-07 01:00:00,361,0,1
CALL0004084,+918446503774,+918826510670,2024-07-24 03:00:00,96,0,3
CALL0004085,+917386983660,+918393797729,2024-10-02 09:00:00,141,0,1
CALL0004086,+917743754699,+919578347392,2024-07-20 21:00:00,259,0,2
CALL0004087,+918319761782,+917418780244,2024-12-03 06:00:00,158,0,3
CALL0004088,+917045044072,+918937983489,2024-03-23 13:00:00,318,0,1
CALL0004089,+917029251922,+917693389942,2024-11-30 03:00:00,263,0,2
CALL0004090,+917743006007,+919517908889,2024-12-21 15:00:00,91,0,3
CALL0004091,+919737363138,+919846672227,2024-08-08 11:00:00,267,0,2
CALL0004092,+917571443847,+917613430607,2024-03-28 15:00:00,398,0,1
CALL0004093,+918155803806,+919360110292,2024-09-03 09:00:00,155,0,3
CALL0004094,+919427465438,+919220287665,2024-12-27 20:00:00,87,0,2
CALL0004095,+919313926949,+919889096253,2024-09-25 09:00:00,202,0,1
CALL0004096,+917253136414,+919160640772,2024-01-06 07:00:00,215,0,3
CALL0004097,+917275562282,+918491977613,2024-02-08 16:00:00,110,0,1
CALL0004098,+917735325512,+917161015411,2024-04-02 05:00:00,269,0,2
CALL0004099,+919154696022,+918164487525,2024-01-13 06:00:00,373,0,3
CALL0004100,+918848738285,+919391021299,2024-10-13 07:00:00,118,0,1
CALL0004101,+918759434936,+918578338536,2024-02-19 17:00:00,387,0,1
CALL0004102,+917514066195,+917151685013,2024-06-30 20:00:00,91,0,2
CALL0004103,+919316456308,+917714416574,2024-05-05 00:00:00,40,0,3
CALL0004104,+918966667312,+919845215049,2024-08-14 06:00:00,120,0,2
CALL0004105,+918048662908,+917718035625,2024-05-18 19:00:00,106,0,1
CALL0004106,+918702848883,+918171446167,2024-08-14 03:00:00,391,0,3
CALL0004107,+917568143504,+918286649770,2024-07-10 01:00:00,42,0,2
CALL0004108,+917456977115,+917458165381,2024-09-10 00:00:00,381,0,2
CALL0004109,+919067910041,+917120676321,2024-08-29 20:00:00,170,0,2
CALL0004110,+918322785764,+919182533560,2024-05-13 18:00:00,363,0,2
CALL0004111,+919985658287,+919739959562,2024-02-23 03:00:00,273,0,1
CALL0004112,+918411912915,+919091911795,2024-07-06 03:00:00,267,0,1
CALL0004113,+918710224509,+917289973387,2024-05-11 14:00:00,330,0,2
CALL0004114,+917883143945,+917522334476,2024-04-15 22:00:00,61,0,1
CALL0004115,+919119033583,+918095026839,2024-11-04 08:00:00,139,0,3
CALL0004116,+918099349850,+918077777688,2024-07-08 13:00:00,69,0,3
CALL0004117,+918612071565,+917895888714,2024-06-27 22:00:00,235,0,1
CALL0004118,+918339736928,+917984314159,2024-02-19 23:00:00,29,0,3
CALL0004119,+917661483729,+918985622483,2024-04-28 03:00:00,145,0,1
CALL0004120,+919101320751,+917451760317,2024-01-29 15:00:00,325,0,1
CALL0004121,+919313926949,+919662812179,2024-04-15 03:00:00,249,0,1
CALL0004122,+917042525368,+917433517524,2024-02-23 10:00:00,283,0,3
CALL0004123,+919133702594,+919737363138,2024-03-20 04:00:00,146,0,2
CALL0004124,+917782287037,+918804430315,2024-08-05 03:00:00,248,0,3
CALL0004125,+919110095466,+917428519447,2024-11-20 07:00:00,105,0,3
CALL0004126,+919552020125,+917027641586,2024-12-18 09:00:00,105,0,3
CALL0004127,+917336820960,+917672273244,2024-06-19 17:00:00,38,0,1
CALL0004128,+917724971390,+917249266649,2024-09-18 21:00:00,308,0,2
CALL0004129,+919352915703,+919429546494,2024-07-14 06:00:00,25,0,3
CALL0004130,+919296910342,+917303335689,2024-06-15 00:00:00,371,0,2
CALL0004131,+917290991551,+917685258298,2024-11-28 22:00:00,282,0,3
CALL0004132,+919101853349,+917930271234,2024-09-01 08:00:00,82,0,3
CALL0004133,+917418834391,+917375021146,2024-03-15 20:00:00,239,0,2
CALL0004134,+918877385128,+919604117741,2024-12-10 01:00:00,380,0,1
CALL0004135,+917571601697,+917154549660,2024-07-28 21:00:00,190,0,3
CALL0004136,+919554469739,+917010673789,2024-05-21 03:00:00,367,0,1
CALL0004137,+918698514301,+918766418528,2024-11-12 06:00:00,387,0,3
CALL0004138,+918707171904,+919658182576,2024-10-08 18:00:00,143,0,1
CALL0004139,+917760069407,+917567099125,2024-08-25 13:00:00,394,0,1
CALL0004140,+918873712830,+918660844595,2024-07-22 05:00:00,270,0,3
CALL0004141,+918509256462,+918698740182,2024-09-02 13:00:00,252,0,1
CALL0004142,+917385303298,+918560457268,2024-05-09 21:00:00,167,0,2
CALL0004143,+919004127444,+919166370086,2024-07-20 07:00:00,161,0,2
CALL0004144,+917956680557,+919314998544,2024-04-07 00:00:00,396,0,3
CALL0004145,+919471240590,+917061981865,2024-11-17 01:00:00,70,0,3
CALL0004146,+919043958964,+917375482968,2024-05-18 20:00:00,22,0,1
CALL0004147,+918685424164,+919092069083,2024-11-27 20:00:00,173,0,1
CALL0004148,+919314998544,+918251525590,2024-02-16 13:00:00,64,0,3
CALL0004149,+917972692529,+918592540348,2024-12-12 03:00:00,231,0,3
CALL0004150,+917728812234,+917475381531,2024-12-09 22:00:00,57,0,1
CALL0004151,+918177211967,+919597036525,2024-03-03 16:00:00,11,0,3
CALL0004152,+917784877166,+918447438785,2024-12-27 08:00:00,44,0,1
CALL0004153,+919729023645,+917687869394,2024-08-07 07:00:00,174,0,2
CALL0004154,+919519033779,+919049826600,2024-03-13 15:00:00,325,0,1
CALL0004155,+918224546017,+918863965206,2024-03-03 20:00:00,399,0,2
CALL0004156,+917602511720,+918276479631,2024-08-01 13:00:00,337,0,1
CALL0004157,+917849459515,+918755835773,2024-01-24 02:00:00,24,0,2
CALL0004158,+918209511558,+918217011262,2024-12-26 20:00:00,183,0,1
CALL0004159,+918809596262,+917780534826,2024-02-01 14:00:00,298,0,1
CALL0004160,+919167531211,+919897834780,2024-10-29 08:00:00,374,0,1
CALL0004161,+919574747398,+917783927082,2024-10-07 04:00:00,186,0,2
CALL0004162,+919795223271,+919626970265,2024-07-30 02:00:00,143,0,2
CALL0004163,+917345215610,+917566429166,2024-07-22 07:00:00,56,0,2
CALL0004164,+918247073472,+917061485806,2024-08-03 21:00:00,60,0,3
CALL0004165,+918036957707,+918469611128,2024-11-04 07:00:00,18,0,1
CALL0004166,+919222366300,+919126637807,2024-09-04 11:00:00,393,0,2
CALL0004167,+918132577341,+918965065478,2024-02-25 09:00:00,212,0,2
CALL0004168,+917169469638,+917445360633,2024-06-19 13:00:00,251,0,3
CALL0004169,+917663914405,+918357799116,2024-10-15 17:00:00,29,0,2
CALL0004170,+919878280142,+918033777481,2024-05-20 03:00:00,168,0,3
CALL0004171,+917418443349,+919019367406,2024-01-24 23:00:00,221,0,2
CALL0004172,+917313285781,+919070968723,2024-02-04 03:00:00,222,0,2
CALL0004173,+918260982459,+918837853468,2024-06-24 23:00:00,207,0,1
CALL0004174,+919055166882,+917856934071,2024-10-20 18:00:00,12,0,2
CALL0004175,+917648259102,+917023325200,2024-05-05 08:00:00,25,0,3
CALL0004176,+917307148206,+917444376729,2024-01-30 07:00:00,34,0,2
CALL0004177,+917189796542,+917190552375,2024-03-18 13:00:00,279,0,1
CALL0004178,+919131630170,+919599695935,2024-10-25 04:00:00,218,0,2
CALL0004179,+917462010186,+917814590557,2024-06-10 03:00:00,219,0,1
CALL0004180,+919622018804,+917699423070,2024-12-11 04:00:00,30,0,2
CALL0004181,+918187847190,+917103235302,2024-04-10 15:00:00,90,0,1
CALL0004182,+918207102726,+918195396697,2024-10-25 04:00:00,360,0,2
CALL0004183,+918699423158,+919152420043,2024-09-12 11:00:00,29,0,3
CALL0004184,+918667791193,+919634779108,2024-01-02 05:00:00,51,0,1
CALL0004185,+918919444695,+919116894616,2024-10-11 05:00:00,355,0,2
CALL0004186,+918733786264,+917688343730,2024-07-16 14:00:00,242,0,2
CALL0004187,+918336513454,+918775240975,2024-07-04 11:00:00,78,0,3
CALL0004188,+918857703808,+917385303298,2024-07-12 18:00:00,89,0,3
CALL0004189,+918195396697,+917325473847,2024-05-14 17:00:00,316,0,2
CALL0004190,+918144163134,+918183871576,2024-05-31 21:00:00,51,0,2
CALL0004191,+919403863867,+918959855119,2024-11-10 13:00:00,66,0,2
CALL0004192,+917268353094,+918534343574,2024-08-19 22:00:00,146,0,1
CALL0004193,+918997704977,+917451760317,2024-08-30 04:00:00,211,0,1
CALL0004194,+917600939642,+919182533560,2024-12-30 04:00:00,272,0,3
CALL0004195,+918736265951,+917479527907,2024-08-29 16:00:00,56,0,3
CALL0004196,+919760980560,+918125954912,2024-07-01 17:00:00,344,0,3
CALL0004197,+917460466840,+917124350314,2024-03-20 11:00:00,51,0,1
CALL0004198,+919009274208,+918426390503,2024-05-05 07:00:00,271,0,3
CALL0004199,+918183294846,+917590835096,2024-04-05 13:00:00,63,0,2
CALL0004200,+919421855824,+918905466693,2024-08-17 18:00:00,137,0,2
CALL0004201,+917440843411,+919645517037,2024-04-30 02:00:00,282,0,3
CALL0004202,+917402768704,+918927072324,2024-04-09 09:00:00,229,0,1
CALL0004203,+917808418095,+917078234508,2024-01-31 10:00:00,91,0,2
CALL0004204,+917334504537,+919445965422,2024-10-06 12:00:00,234,0,1
CALL0004205,+918710521845,+917803860564,2024-07-14 09:00:00,357,0,2
CALL0004206,+917223975681,+917528717654,2024-04-16 15:00:00,142,0,1
CALL0004207,+919204943484,+918218792081,2024-10-23 07:00:00,161,0,1
CALL0004208,+918040789300,+919147457134,2024-04-26 05:00:00,346,0,3
CALL0004209,+917342999385,+919328128242,2024-02-19 17:00:00,88,0,1
CALL0004210,+918940826515,+919101853349,2024-08-17 22:00:00,360,0,3
CALL0004211,+919054733973,+919372869390,2024-10-11 21:00:00,131,0,3
CALL0004212,+919315838121,+917600334097,2024-01-28 00:00:00,245,0,3
CALL0004213,+919691291790,+918075357159,2024-07-22 09:00:00,50,0,3
CALL0004214,+918733132462,+917371620980,2024-10-23 19:00:00,373,0,2
CALL0004215,+917832418902,+917168839245,2024-10-12 09:00:00,353,0,1
CALL0004216,+917954375250,+918095026839,2024-09-19 11:00:00,195,0,2
CALL0004217,+917265928890,+918015730890,2024-07-30 02:00:00,25,0,1
CALL0004218,+917467561252,+918095026839,2024-03-29 08:00:00,226,0,3
CALL0004219,+917580053271,+918965761232,2024-10-14 05:00:00,218,0,1
CALL0004220,+919704450485,+918916560896,2024-02-21 06:00:00,350,0,2
CALL0004221,+919174294766,+917917443974,2024-09-24 19:00:00,255,0,1
CALL0004222,+918389289932,+918566536779,2024-04-25 17:00:00,123,0,2
CALL0004223,+919149609830,+918865878686,2024-02-17 15:00:00,147,0,3
CALL0004224,+917926089872,+918965761232,2024-07-24 14:00:00,72,0,1
CALL0004225,+918444295335,+918093771914,2024-04-08 04:00:00,346,0,2
CALL0004226,+918345359500,+919762975611,2024-08-05 23:00:00,268,0,3
CALL0004227,+918279560537,+918541641268,2024-07-26 07:00:00,247,0,1
CALL0004228,+919738734362,+919022535159,2024-10-27 04:00:00,214,0,3
CALL0004229,+919700856441,+919704574916,2024-05-08 18:00:00,120,0,1
CALL0004230,+917064254926,+919789064595,2024-12-29 10:00:00,306,0,1
CALL0004231,+918825815292,+919323448986,2024-01-16 13:00:00,388,0,2
CALL0004232,+919118576763,+918461566398,2024-11-14 08:00:00,384,0,3
CALL0004233,+917755967854,+918318256925,2024-11-06 01:00:00,173,0,2
CALL0004234,+918170168473,+917306648678,2024-01-27 01:00:00,211,0,3
CALL0004235,+917264667818,+919622018804,2024-01-08 09:00:00,45,0,2
CALL0004236,+919073659196,+918382590554,2024-07-24 17:00:00,107,0,2
CALL0004237,+919059681370,+917120676321,2024-10-20 17:00:00,381,0,2
CALL0004238,+917872937918,+917804889161,2024-06-16 05:00:00,251,0,2
CALL0004239,+917956680557,+919953148140,2024-08-31 00:00:00,124,0,1
CALL0004240,+919081605564,+919473112773,2024-11-27 18:00:00,128,0,3
CALL0004241,+917879604306,+917322472349,2024-09-24 11:00:00,365,0,2
CALL0004242,+919078582684,+918717334800,2024-09-11 08:00:00,17,0,1
CALL0004243,+919250611795,+917869149683,2024-11-14 20:00:00,317,0,1
CALL0004244,+919258814219,+917111705294,2024-12-21 17:00:00,199,0,3
CALL0004245,+919020875076,+918256482302,2024-02-28 09:00:00,173,0,3
CALL0004246,+917890682048,+918318256925,2024-05-06 16:00:00,398,0,3
CALL0004247,+919240697517,+919489110789,2024-12-12 04:00:00,394,0,2
CALL0004248,+917140421992,+917549140189,2024-02-28 08:00:00,304,0,1
CALL0004249,+918154245131,+918936326003,2024-05-24 13:00:00,31,0,3
CALL0004250,+917874195429,+918383939863,2024-09-29 20:00:00,200,0,2
CALL0004251,+919563787200,+917440843411,2024-09-20 05:00:00,197,0,3
CALL0004252,+917000649791,+919131630170,2024-02-13 09:00:00,335,0,2
CALL0004253,+919256106593,+918115633932,2024-11-05 16:00:00,297,0,3
CALL0004254,+919256490930,+919648705176,2024-02-25 05:00:00,184,0,1
CALL0004255,+919372869390,+917023537128,2024-06-06 02:00:00,385,0,2
CALL0004256,+917827135927,+918804748490,2024-04-07 09:00:00,343,0,1
CALL0004257,+919361749060,+919584488779,2024-03-12 02:00:00,58,0,1
CALL0004258,+917774042075,+919177913336,2024-01-06 00:00:00,199,0,2
CALL0004259,+918044853212,+919665888130,2024-04-18 21:00:00,130,0,1
CALL0004260,+917443857590,+918852044967,2024-02-08 10:00:00,365,0,3
CALL0004261,+919552020125,+918439855928,2024-04-01 14:00:00,315,0,2
CALL0004262,+919515458362,+919920970781,2024-06-22 22:00:00,111,0,2
CALL0004263,+918571307308,+917295875993,2024-03-04 20:00:00,362,0,1
CALL0004264,+917927063024,+919401987268,2024-02-16 22:00:00,137,0,1
CALL0004265,+917930271234,+918671401806,2024-02-06 21:00:00,108,0,1
CALL0004266,+917881531382,+919686003911,2024-02-09 14:00:00,169,0,2
CALL0004267,+918796525204,+917662144087,2024-07-11 21:00:00,116,0,2
CALL0004268,+918776239217,+918917086406,2024-11-29 18:00:00,362,0,1
CALL0004269,+918653853451,+919468069197,2024-04-29 19:00:00,384,0,2
CALL0004270,+918696296750,+919852251240,2024-11-24 08:00:00,276,0,2
CALL0004271,+919061294319,+919526161894,2024-03-23 03:00:00,115,0,1
CALL0004272,+918655341260,+919191607869,2024-10-03 06:00:00,393,0,3
CALL0004273,+918838359266,+917119860285,2024-09-17 06:00:00,99,0,3
CALL0004274,+918560457268,+918986714029,2024-11-16 14:00:00,78,0,1
CALL0004275,+918401309519,+918505235523,2024-07-07 18:00:00,228,0,1
CALL0004276,+918715249722,+917896070072,2024-12-23 21:00:00,232,0,1
CALL0004277,+919602471790,+917445337802,2024-10-15 15:00:00,300,0,2
CALL0004278,+917220132191,+918003066549,2024-08-10 08:00:00,133,0,3
CALL0004279,+917785346655,+918322046227,2024-06-21 18:00:00,140,0,1
CALL0004280,+919439697668,+918665943211,2024-10-20 17:00:00,219,0,2
CALL0004281,+918427586724,+918241118853,2024-08-01 15:00:00,282,0,3
CALL0004282,+917401377951,+917677149898,2024-05-21 05:00:00,362,0,3
CALL0004283,+917718108519,+917348524855,2024-02-10 22:00:00,188,0,1
CALL0004284,+919471365252,+919406899624,2024-09-09 18:00:00,206,0,3
CALL0004285,+919043958964,+917179565524,2024-11-08 19:00:00,382,0,3
CALL0004286,+918827509427,+918457426179,2024-11-07 01:00:00,85,0,2
CALL0004287,+919051568408,+917637592770,2024-09-29 09:00:00,281,0,3
CALL0004288,+918772478984,+917432575794,2024-08-09 18:00:00,139,0,1
CALL0004289,+918177053694,+918850748077,2024-12-01 23:00:00,94,0,3
CALL0004290,+918775240975,+918115903282,2024-04-05 14:00:00,295,0,1
CALL0004291,+917109465930,+919238162017,2024-09-15 17:00:00,233,0,3
CALL0004292,+917277364457,+919705843910,2024-11-10 17:00:00,100,0,1
CALL0004293,+917209253596,+919439697668,2024-12-17 03:00:00,254,0,2
CALL0004294,+919056477120,+917843448287,2024-06-15 13:00:00,363,0,2
CALL0004295,+917084346622,+918319761782,2024-03-17 12:00:00,314,0,1
CALL0004296,+919101853349,+917052724678,2024-10-01 21:00:00,285,0,3
CALL0004297,+917333931649,+918224825116,2024-11-18 00:00:00,178,0,2
CALL0004298,+917693389942,+919445965422,2024-05-13 06:00:00,274,0,1
CALL0004299,+919501533651,+917216478238,2024-08-21 15:00:00,291,0,2
CALL0004300,+919720712378,+917479527907,2024-12-17 03:00:00,105,0,1
CALL0004301,+917890863384,+918604562291,2024-06-04 04:00:00,227,0,1
CALL0004302,+917476234239,+917313166069,2024-07-07 08:00:00,204,0,1
CALL0004303,+919200139409,+918313718687,2024-09-10 19:00:00,39,0,2
CALL0004304,+917425835338,+918952971098,2024-02-29 01:00:00,332,0,3
CALL0004305,+919573202774,+918729212275,2024-10-07 06:00:00,89,0,3
CALL0004306,+918519378543,+918523199940,2024-12-24 05:00:00,348,0,2
CALL0004307,+918187847190,+919795779449,2024-02-08 20:00:00,320,0,3
CALL0004308,+919629947607,+918184956447,2024-05-17 08:00:00,49,0,1
CALL0004309,+919564469717,+918886107605,2024-05-12 05:00:00,367,0,2
CALL0004310,+919920832429,+917994275228,2024-03-23 02:00:00,215,0,3
CALL0004311,+919779441562,+917522334476,2024-07-24 11:00:00,107,0,3
CALL0004312,+917605849616,+917737523816,2024-02-25 15:00:00,350,0,1
CALL0004313,+919219319998,+917705595636,2024-12-23 15:00:00,240,0,1
CALL0004314,+919933835772,+917510409184,2024-07-02 16:00:00,219,0,2
CALL0004315,+918178227400,+919087303972,2024-04-17 06:00:00,392,0,1
CALL0004316,+917683783961,+917268353094,2024-11-12 15:00:00,186,0,3
CALL0004317,+917727288174,+918580972180,2024-09-28 19:00:00,43,0,3
CALL0004318,+918962954687,+917397019796,2024-02-15 01:00:00,288,0,2
CALL0004319,+917949444336,+918036957707,2024-04-30 18:00:00,320,0,3
CALL0004320,+919540333580,+917781631737,2024-01-07 18:00:00,128,0,1
CALL0004321,+917896634508,+917387052677,2024-06-13 09:00:00,15,0,2
CALL0004322,+918919444695,+917497109680,2024-02-27 14:00:00,321,0,2
CALL0004323,+918179505166,+919533359801,2024-06-28 22:00:00,281,0,2
CALL0004324,+917113890679,+918955717655,2024-09-24 19:00:00,193,0,2
CALL0004325,+918096206436,+919625885312,2024-03-13 22:00:00,96,0,3
CALL0004326,+919364710916,+919341233511,2024-09-07 18:00:00,114,0,3
CALL0004327,+919725605792,+918482892828,2024-10-20 18:00:00,72,0,2
CALL0004328,+918044853212,+917110266019,2024-01-25 15:00:00,322,0,1
CALL0004329,+917948169822,+917265177311,2024-10-31 18:00:00,152,0,2
CALL0004330,+917385380459,+917386532853,2024-06-02 18:00:00,365,0,1
CALL0004331,+917763686514,+919830351619,2024-12-24 04:00:00,314,0,1
CALL0004332,+918800798461,+919568988100,2024-08-30 02:00:00,111,0,3
CALL0004333,+918172707624,+917827726142,2024-12-02 02:00:00,255,0,1
CALL0004334,+919264454361,+918733132462,2024-09-03 19:00:00,12,0,3
CALL0004335,+918768700167,+918028819455,2024-03-07 13:00:00,85,0,3
CALL0004336,+917321749954,+917695614642,2024-01-11 16:00:00,164,0,1
CALL0004337,+919994878942,+917445139353,2024-08-14 21:00:00,298,0,1
CALL0004338,+919876342880,+919831491161,2024-10-24 06:00:00,149,0,1
CALL0004339,+917075489777,+918886405457,2024-12-02 19:00:00,31,0,1
CALL0004340,+917444186184,+917763686514,2024-04-11 12:00:00,19,0,1
CALL0004341,+918150290590,+918770476328,2024-06-06 07:00:00,150,0,2
CALL0004342,+917237705861,+918383939863,2024-08-11 19:00:00,53,0,1
CALL0004343,+918561691910,+917137697067,2024-12-18 09:00:00,208,0,1
CALL0004344,+919133702594,+917990857771,2024-03-17 10:00:00,263,0,2
CALL0004345,+917844083206,+918046846457,2024-10-05 04:00:00,312,0,1
CALL0004346,+918759434936,+918302903318,2024-05-03 06:00:00,105,0,2
CALL0004347,+919427388139,+917286093618,2024-04-11 03:00:00,16,0,2
CALL0004348,+919622271675,+919024706850,2024-05-31 14:00:00,196,0,1
CALL0004349,+919089698010,+919680292075,2024-06-03 09:00:00,21,0,3
CALL0004350,+917784943829,+919716910794,2024-12-24 10:00:00,253,0,1
CALL0004351,+917036277166,+919054935100,2024-07-08 06:00:00,90,0,3
CALL0004352,+919363560092,+917797544111,2024-01-06 20:00:00,39,0,1
CALL0004353,+918937983489,+918931791481,2024-10-08 03:00:00,105,0,3
CALL0004354,+917151685013,+919595858802,2024-11-26 10:00:00,335,0,2
CALL0004355,+919205225066,+917588880459,2024-03-19 11:00:00,281,0,1
CALL0004356,+917922932184,+917479527907,2024-12-25 15:00:00,226,0,1
CALL0004357,+918314557345,+919230281878,2024-05-22 08:00:00,215,0,2
CALL0004358,+919835333333,+919152345358,2024-08-18 17:00:00,357,0,1
CALL0004359,+917358295170,+918920793709,2024-07-16 19:00:00,283,0,2
CALL0004360,+917758735063,+917288795457,2024-04-27 19:00:00,272,0,2
CALL0004361,+919051568408,+917716198662,2024-08-07 19:00:00,196,0,2
CALL0004362,+917718035625,+917386532853,2024-08-05 09:00:00,189,0,2
CALL0004363,+919940712089,+917851408375,2024-03-13 03:00:00,148,0,1
CALL0004364,+919065300289,+918766054734,2024-12-04 09:00:00,104,0,1
CALL0004365,+919156996349,+918877385128,2024-11-26 05:00:00,356,0,2
CALL0004366,+918711080329,+919056477120,2024-07-16 15:00:00,258,0,2
CALL0004367,+918288298144,+917862395671,2024-09-03 17:00:00,42,0,1
CALL0004368,+919466343231,+919890936026,2024-05-05 03:00:00,354,0,3
CALL0004369,+919862933371,+917824682016,2024-11-10 04:00:00,74,0,3
CALL0004370,+918919718655,+917867145763,2024-03-06 09:00:00,323,0,3
CALL0004371,+917514066195,+919246150404,2024-09-30 23:00:00,77,0,1
CALL0004372,+917978881320,+918848738285,2024-01-28 23:00:00,194,0,3
CALL0004373,+919490331185,+917355436184,2024-06-11 02:00:00,118,0,3
CALL0004374,+919779441562,+919705357997,2024-12-21 02:00:00,315,0,1
CALL0004375,+918262313517,+918265935630,2024-05-25 21:00:00,290,0,1
CALL0004376,+919574747398,+918616263752,2024-01-06 22:00:00,290,0,1
CALL0004377,+918125954912,+918279560537,2024-06-01 10:00:00,156,0,1
CALL0004378,+918739080836,+917786104956,2024-01-09 11:00:00,296,0,3
CALL0004379,+918663324260,+919328128242,2024-05-20 15:00:00,302,0,3
CALL0004380,+918087571634,+917317858773,2024-02-29 22:00:00,345,0,2
CALL0004381,+919987011328,+917186413584,2024-06-23 00:00:00,234,0,3
CALL0004382,+918743202237,+918549813506,2024-04-22 01:00:00,269,0,2
CALL0004383,+919242655286,+918431190579,2024-05-04 00:00:00,173,0,3
CALL0004384,+919978157995,+918807733885,2024-08-11 09:00:00,244,0,2
CALL0004385,+917302268915,+918434904147,2024-12-06 18:00:00,56,0,1
CALL0004386,+918560178369,+918313718687,2024-01-08 07:00:00,356,0,2
CALL0004387,+918480920526,+917766458804,2024-08-29 16:00:00,118,0,3
CALL0004388,+918500047034,+919427850719,2024-08-31 16:00:00,400,0,1
CALL0004389,+919478791812,+918599199184,2024-07-20 19:00:00,117,0,2
CALL0004390,+919795779449,+919262383961,2024-09-17 08:00:00,225,0,2
CALL0004391,+917085970362,+917325473847,2024-07-16 01:00:00,58,0,3
CALL0004392,+918440301071,+917622119528,2024-07-15 01:00:00,177,0,3
CALL0004393,+919694839236,+918408123755,2024-08-29 08:00:00,104,0,1
CALL0004394,+918360887094,+918275900700,2024-03-15 18:00:00,88,0,1
CALL0004395,+919163596173,+918720720129,2024-02-09 02:00:00,325,0,3
CALL0004396,+919553713288,+917445139353,2024-02-14 15:00:00,68,0,2
CALL0004397,+919201050822,+919273048964,2024-04-19 19:00:00,137,0,1
CALL0004398,+918093771914,+919725605792,2024-02-13 07:00:00,23,0,2
CALL0004399,+918320506840,+917786876399,2024-01-04 06:00:00,190,0,3
CALL0004400,+919154360994,+919506125236,2024-04-26 22:00:00,382,0,2
CALL0004401,+917511949745,+919734500374,2024-11-20 20:00:00,189,0,1
CALL0004402,+919999463204,+919667096954,2024-05-14 17:00:00,100,0,1
CALL0004403,+917209253596,+919682939965,2024-10-24 16:00:00,363,0,1
CALL0004404,+917440843411,+919289693797,2024-04-16 21:00:00,67,0,1
CALL0004405,+917216650301,+919372438141,2024-04-26 12:00:00,42,0,1
CALL0004406,+919270392748,+919757068118,2024-03-10 21:00:00,82,0,2
CALL0004407,+917898416149,+919211965193,2024-03-12 09:00:00,280,0,3
CALL0004408,+917447883480,+918965761232,2024-12-24 19:00:00,261,0,1
CALL0004409,+918389284499,+917970894109,2024-01-04 04:00:00,303,0,2
CALL0004410,+919686003911,+917435326535,2024-11-20 01:00:00,319,0,2
CALL0004411,+918067915626,+919931185368,2024-05-02 09:00:00,396,0,3
CALL0004412,+918984556930,+919977123596,2024-01-31 22:00:00,387,0,1
CALL0004413,+919200016132,+919830351619,2024-03-24 18:00:00,107,0,2
CALL0004414,+919184794881,+919361749060,2024-02-02 19:00:00,357,0,2
CALL0004415,+917334504537,+919077787360,2024-09-28 13:00:00,379,0,3
CALL0004416,+919159594821,+919088561810,2024-09-04 09:00:00,117,0,2
CALL0004417,+919946451158,+918372027237,2024-11-04 05:00:00,190,0,2
CALL0004418,+919032861295,+919733721524,2024-02-14 06:00:00,12,0,1
CALL0004419,+919314998544,+919323448986,2024-07-07 19:00:00,294,0,3
CALL0004420,+918677519074,+919528889996,2024-08-27 22:00:00,201,0,1
CALL0004421,+919168948553,+918852044967,2024-05-01 16:00:00,163,0,2
CALL0004422,+917110266019,+918646862977,2024-01-13 06:00:00,291,0,3
CALL0004423,+918326594203,+918551040717,2024-12-08 21:00:00,313,0,2
CALL0004424,+919576797908,+919547667849,2024-12-23 17:00:00,106,0,2
CALL0004425,+917103046185,+918457426179,2024-12-06 10:00:00,79,0,3
CALL0004426,+918646862977,+917441713169,2024-09-21 07:00:00,202,0,2
CALL0004427,+918935474246,+919250503596,2024-01-07 21:00:00,112,0,1
CALL0004428,+917857357030,+917237705861,2024-09-24 07:00:00,127,0,3
CALL0004429,+919428992376,+917528567289,2024-01-23 23:00:00,222,0,3
CALL0004430,+917653672025,+919948864088,2024-04-16 14:00:00,302,0,3
CALL0004431,+919560514536,+919846242992,2024-02-29 10:00:00,375,0,2
CALL0004432,+918265675715,+918653853451,2024-10-28 03:00:00,267,0,3
CALL0004433,+918693675549,+918685321291,2024-02-15 13:00:00,334,0,3
CALL0004434,+919554648938,+917014589617,2024-01-10 01:00:00,108,0,2
CALL0004435,+917882509842,+918361761634,2024-07-13 14:00:00,112,0,2
CALL0004436,+918361230552,+917856934071,2024-07-24 00:00:00,39,0,3
CALL0004437,+918093771914,+917597848679,2024-05-10 22:00:00,218,0,2
CALL0004438,+917495082507,+919706815838,2024-06-25 16:00:00,222,0,1
CALL0004439,+918977018447,+919484869123,2024-05-08 00:00:00,364,0,3
CALL0004440,+917385380459,+918698114794,2024-12-19 06:00:00,172,0,1
CALL0004441,+918607802699,+918309345969,2024-05-07 10:00:00,32,0,2
CALL0004442,+917553722548,+919125790201,2024-08-24 03:00:00,103,0,3
CALL0004443,+917307148206,+918310554454,2024-05-21 00:00:00,239,0,2
CALL0004444,+917377922537,+919881696196,2024-06-04 21:00:00,208,0,2
CALL0004445,+917264900461,+917832568843,2024-11-29 15:00:00,54,0,3
CALL0004446,+918257072259,+919476385041,2024-04-26 13:00:00,30,0,3
CALL0004447,+918571307308,+919696695567,2024-12-26 11:00:00,241,0,3
CALL0004448,+917435952956,+917426507513,2024-04-06 00:00:00,350,0,1
CALL0004449,+917626967245,+919204943484,2024-11-08 02:00:00,34,0,2
CALL0004450,+917626148452,+918046935393,2024-02-12 17:00:00,234,0,3
CALL0004451,+918044853212,+919266140163,2024-08-31 15:00:00,17,0,1
CALL0004452,+917051741026,+918595931966,2024-10-12 21:00:00,317,0,1
CALL0004453,+917962052682,+918329409918,2024-05-24 21:00:00,127,0,2
CALL0004454,+918465320285,+918255756554,2024-05-03 07:00:00,217,0,1
CALL0004455,+918096823381,+918051056540,2024-11-23 09:00:00,182,0,1
CALL0004456,+918279372522,+918596399970,2024-10-18 16:00:00,306,0,1
CALL0004457,+917633448987,+917003794208,2024-02-15 04:00:00,367,0,3
CALL0004458,+918529420824,+919445064208,2024-07-01 10:00:00,18,0,3
CALL0004459,+917530275761,+917964095945,2024-10-22 08:00:00,314,0,3
CALL0004460,+918556192204,+918414499768,2024-09-13 17:00:00,191,0,3
CALL0004461,+917371781463,+917201458173,2024-07-15 08:00:00,275,0,3
CALL0004462,+917952434250,+917237705861,2024-07-08 04:00:00,261,0,2
CALL0004463,+918028336736,+919246150404,2024-03-06 13:00:00,109,0,2
CALL0004464,+917810473300,+919700347548,2024-03-17 18:00:00,219,0,3
CALL0004465,+919519798742,+918905428279,2024-07-09 17:00:00,106,0,2
CALL0004466,+919138449868,+919196287232,2024-02-20 14:00:00,68,0,3
CALL0004467,+917836334274,+918532297071,2024-05-31 19:00:00,234,0,3
CALL0004468,+918344174730,+917514066195,2024-07-13 00:00:00,269,0,3
CALL0004469,+917111893352,+917854777689,2024-07-06 08:00:00,78,0,1
CALL0004470,+917580230447,+919240697517,2024-07-04 11:00:00,334,0,3
CALL0004471,+917978881320,+919125790201,2024-03-19 13:00:00,106,0,2
CALL0004472,+919020947458,+917958929781,2024-06-07 23:00:00,189,0,2
CALL0004473,+918481140641,+919845215049,2024-11-14 20:00:00,269,0,1
CALL0004474,+917810473300,+919984662402,2024-08-10 07:00:00,142,0,3
CALL0004475,+917884733923,+917654102872,2024-08-22 00:00:00,69,0,1
CALL0004476,+918538728636,+918056409291,2024-06-27 19:00:00,41,0,3
CALL0004477,+918435741336,+919737363138,2024-12-13 16:00:00,67,0,1
CALL0004478,+917377922537,+919226995002,2024-06-06 04:00:00,222,0,2
CALL0004479,+918550188524,+917474592915,2024-03-02 21:00:00,267,0,3
CALL0004480,+918183871576,+917215143730,2024-10-17 20:00:00,365,0,3
CALL0004481,+917445360633,+918045406339,2024-08-31 22:00:00,255,0,3
CALL0004482,+918717334800,+919292717902,2024-06-02 16:00:00,160,0,2
CALL0004483,+919039839872,+919105672421,2024-01-29 06:00:00,127,0,2
CALL0004484,+918561204499,+918042141885,2024-09-17 03:00:00,49,0,2
CALL0004485,+917544838974,+919575589278,2024-08-11 11:00:00,232,0,2
CALL0004486,+917112345345,+919372869390,2024-09-27 19:00:00,135,0,3
CALL0004487,+919361749060,+917507903267,2024-02-15 02:00:00,174,0,3
CALL0004488,+919855464592,+917229831976,2024-10-27 14:00:00,57,0,2
CALL0004489,+918766418528,+917804479213,2024-01-25 14:00:00,253,0,3
CALL0004490,+919681222521,+919521584657,2024-02-23 20:00:00,10,0,3
CALL0004491,+918334577945,+917306084280,2024-06-16 00:00:00,378,0,1
CALL0004492,+919242655286,+917371781463,2024-05-13 00:00:00,308,0,2
CALL0004493,+918553653722,+919589490394,2024-12-26 15:00:00,87,0,2
CALL0004494,+918768353474,+918979179995,2024-04-22 23:00:00,385,0,1
CALL0004495,+919039452715,+917012901079,2024-05-16 15:00:00,212,0,2
CALL0004496,+919280359296,+919697009565,2024-07-18 12:00:00,245,0,2
CALL0004497,+919177600847,+919333567661,2024-07-23 05:00:00,149,0,3
CALL0004498,+919772557258,+919271402917,2024-10-13 13:00:00,399,0,2
CALL0004499,+918122153064,+917661483729,2024-09-11 16:00:00,27,0,3
CALL0004500,+917519992545,+918244065667,2024-06-01 20:00:00,22,0,2
CALL0004501,+919696158895,+919742776040,2024-03-04 17:00:00,358,0,3
CALL0004502,+917276856348,+917010247560,2024-09-11 21:00:00,221,0,3
CALL0004503,+918920911580,+919651976612,2024-02-01 05:00:00,305,0,3
CALL0004504,+917556191230,+919205225066,2024-10-04 11:00:00,326,0,3
CALL0004505,+918430881585,+919475842798,2024-12-13 04:00:00,120,0,1
CALL0004506,+919896173413,+919749252456,2024-06-12 04:00:00,335,0,1
CALL0004507,+918923552120,+917476234239,2024-04-25 09:00:00,193,0,2
CALL0004508,+919588448647,+919329707485,2024-06-20 05:00:00,346,0,1
CALL0004509,+917660393831,+917507442136,2024-07-28 11:00:00,324,0,1
CALL0004510,+918414499768,+917435326535,2024-05-16 15:00:00,55,0,1
CALL0004511,+919113753661,+917545554488,2024-07-18 07:00:00,363,0,1
CALL0004512,+918664524105,+919674416122,2024-07-14 21:00:00,20,0,3
CALL0004513,+919824662438,+918771246889,2024-09-17 05:00:00,42,0,3
CALL0004514,+918336443116,+918270861231,2024-05-30 02:00:00,390,0,2
CALL0004515,+918614680274,+919211448353,2024-08-27 22:00:00,161,0,1
CALL0004516,+918035504455,+918282222847,2024-10-17 04:00:00,370,0,3
CALL0004517,+917868829250,+918049017268,2024-12-11 20:00:00,48,0,1
CALL0004518,+917940046199,+918339736928,2024-12-18 04:00:00,216,0,1
CALL0004519,+917061199626,+917474188194,2024-05-10 20:00:00,216,0,3
CALL0004520,+918965761232,+917027494094,2024-09-19 04:00:00,290,0,1
CALL0004521,+919940007671,+919278523708,2024-07-12 20:00:00,33,0,3
CALL0004522,+918768353474,+917098666287,2024-10-18 05:00:00,311,0,3
CALL0004523,+918932993596,+918474580909,2024-05-06 18:00:00,212,0,2
CALL0004524,+917434117738,+917189796542,2024-08-07 12:00:00,217,0,3
CALL0004525,+919153984761,+917744283605,2024-03-05 06:00:00,207,0,3
CALL0004526,+917557715617,+917189796542,2024-07-07 02:00:00,354,0,2
CALL0004527,+919749353331,+919893446781,2024-10-08 08:00:00,145,0,3
CALL0004528,+917826503417,+918121574412,2024-02-13 12:00:00,35,0,1
CALL0004529,+917718912953,+919700347548,2024-03-14 17:00:00,65,0,1
CALL0004530,+918060998960,+917301117467,2024-10-17 05:00:00,374,0,2
CALL0004531,+918637455089,+919928273137,2024-07-03 15:00:00,208,0,3
CALL0004532,+917077600833,+919985897280,2024-12-19 10:00:00,163,0,1
CALL0004533,+918080724321,+919177600847,2024-04-15 05:00:00,163,0,3
CALL0004534,+918441501248,+919693679031,2024-03-24 19:00:00,79,0,1
CALL0004535,+919066555429,+918761572140,2024-08-22 11:00:00,367,0,3
CALL0004536,+918084506176,+918612478112,2024-03-05 02:00:00,126,0,1
CALL0004537,+917718912953,+919667054214,2024-11-22 08:00:00,19,0,1
CALL0004538,+918521072154,+917248880287,2024-02-29 01:00:00,208,0,1
CALL0004539,+917542852669,+919296910342,2024-07-19 23:00:00,192,0,2
CALL0004540,+917806856561,+917443857590,2024-01-25 00:00:00,198,0,2
CALL0004541,+917492711016,+919838569406,2024-04-20 23:00:00,398,0,1
CALL0004542,+919874611576,+919222074009,2024-07-01 03:00:00,254,0,2
CALL0004543,+917021822576,+918133777627,2024-11-08 03:00:00,308,0,3
CALL0004544,+919450957393,+919571114180,2024-08-28 03:00:00,24,0,2
CALL0004545,+918997704977,+919602471790,2024-11-01 18:00:00,243,0,1
CALL0004546,+917804889161,+917688343730,2024-01-27 22:00:00,339,0,1
CALL0004547,+917956686917,+917187594112,2024-12-13 18:00:00,345,0,1
CALL0004548,+918768353474,+917625826465,2024-06-01 16:00:00,194,0,2
CALL0004549,+919605559451,+917458165381,2024-08-05 10:00:00,205,0,3
CALL0004550,+919635408966,+918514143206,2024-10-04 11:00:00,361,0,2
CALL0004551,+917593459607,+919532710888,2024-06-16 13:00:00,225,0,3
CALL0004552,+917678535873,+917951915857,2024-04-16 05:00:00,178,0,1
CALL0004553,+919848861366,+917258461081,2024-01-31 08:00:00,95,0,3
CALL0004554,+918734914222,+918293756662,2024-12-24 12:00:00,199,0,2
CALL0004555,+918727010876,+919656620273,2024-05-26 14:00:00,176,0,1
CALL0004556,+919341981305,+917422934177,2024-08-06 02:00:00,54,0,1
CALL0004557,+918018304146,+918614174946,2024-12-24 15:00:00,294,0,2
CALL0004558,+918552222223,+919896918354,2024-10-01 22:00:00,391,0,2
CALL0004559,+917247509260,+918869112690,2024-08-22 23:00:00,156,0,3
CALL0004560,+918599884257,+917808418095,2024-06-26 22:00:00,41,0,2
CALL0004561,+917747076388,+919347900409,2024-03-20 12:00:00,17,0,1
CALL0004562,+919043109218,+918992711131,2024-09-13 20:00:00,174,0,3
CALL0004563,+918564799162,+918550188524,2024-12-25 15:00:00,243,0,2
CALL0004564,+918577638879,+919342079624,2024-10-27 01:00:00,23,0,2
CALL0004565,+918177382859,+917211587097,2024-07-18 12:00:00,153,0,2
CALL0004566,+919716910794,+918560178369,2024-08-10 00:00:00,358,0,2
CALL0004567,+919167531211,+918345766119,2024-01-12 04:00:00,328,0,1
CALL0004568,+918841286305,+919151968722,2024-05-01 00:00:00,56,0,3
CALL0004569,+918660844595,+919560112586,2024-09-29 09:00:00,175,0,3
CALL0004570,+919700856441,+917881197446,2024-06-01 02:00:00,87,0,1
CALL0004571,+919892607629,+917505265727,2024-03-15 10:00:00,236,0,1
CALL0004572,+918534929276,+917865708455,2024-09-30 14:00:00,360,0,2
CALL0004573,+917284879704,+918345147828,2024-08-13 05:00:00,195,0,3
CALL0004574,+918241118853,+917671242206,2024-01-06 14:00:00,142,0,1
CALL0004575,+919554648938,+919429546494,2024-12-28 06:00:00,13,0,1
CALL0004576,+917794749625,+919821263316,2024-12-30 05:00:00,331,0,1
CALL0004577,+918734914222,+919141921516,2024-10-07 20:00:00,47,0,3
CALL0004578,+918583497076,+917575866109,2024-07-10 00:00:00,155,0,3
CALL0004579,+919102395483,+918730320644,2024-10-08 09:00:00,276,0,1
CALL0004580,+918987928210,+919881463078,2024-11-15 06:00:00,94,0,3
CALL0004581,+918248066311,+917462368340,2024-10-15 12:00:00,258,0,1
CALL0004582,+919328826078,+919878280142,2024-07-09 23:00:00,201,0,3
CALL0004583,+917631217309,+919118296055,2024-06-19 01:00:00,87,0,3
CALL0004584,+918599884257,+919865029131,2024-09-01 15:00:00,297,0,3
CALL0004585,+918735407050,+919878280142,2024-03-22 10:00:00,245,0,3
CALL0004586,+917831306520,+918111303228,2024-01-17 01:00:00,138,0,1
CALL0004587,+918796525204,+917732929846,2024-02-10 22:00:00,295,0,1
CALL0004588,+918245937128,+917128575500,2024-11-08 10:00:00,376,0,1
CALL0004589,+919361728079,+919392092628,2024-08-23 22:00:00,149,0,2
CALL0004590,+919954243502,+919534632096,2024-12-01 04:00:00,124,0,1
CALL0004591,+918991599416,+917431318752,2024-02-06 08:00:00,226,0,2
CALL0004592,+919597971136,+918760630847,2024-11-27 03:00:00,90,0,1
CALL0004593,+918495311564,+917634934834,2024-10-05 03:00:00,35,0,3
CALL0004594,+919814374908,+917151489095,2024-05-10 06:00:00,41,0,3
CALL0004595,+919211965193,+917567099125,2024-08-12 19:00:00,116,0,2
CALL0004596,+918892832746,+919310719122,2024-06-21 22:00:00,327,0,2
CALL0004597,+917794830965,+918555814766,2024-10-24 17:00:00,134,0,1
CALL0004598,+919578347392,+919755279204,2024-06-28 12:00:00,390,0,2
CALL0004599,+917679808425,+917161199402,2024-08-17 18:00:00,303,0,1
CALL0004600,+919522065948,+917124350314,2024-02-13 16:00:00,141,0,2
CALL0004601,+918105137057,+917925305545,2024-11-20 23:00:00,58,0,1
CALL0004602,+918832964188,+918121574412,2024-04-25 18:00:00,326,0,2
CALL0004603,+917595585419,+917469755522,2024-12-21 04:00:00,348,0,2
CALL0004604,+919180816654,+919235653052,2024-09-27 19:00:00,368,0,1
CALL0004605,+919727748072,+918128387403,2024-04-24 17:00:00,229,0,3
CALL0004606,+917849459515,+918877385128,2024-12-07 18:00:00,377,0,1
CALL0004607,+917628608928,+918073915642,2024-06-15 02:00:00,393,0,3
CALL0004608,+919599966521,+918178227400,2024-02-18 20:00:00,156,0,3
CALL0004609,+917858937230,+919693781332,2024-01-09 21:00:00,162,0,1
CALL0004610,+919181032458,+919588448647,2024-08-27 08:00:00,260,0,2
CALL0004611,+919054935100,+919780809157,2024-09-11 09:00:00,10,0,2
CALL0004612,+918408543104,+917774197649,2024-02-07 20:00:00,309,0,3
CALL0004613,+919450052219,+918928002517,2024-06-12 07:00:00,220,0,3
CALL0004614,+917854929912,+917325864282,2024-09-18 05:00:00,63,0,3
CALL0004615,+919375333879,+919716110777,2024-12-21 12:00:00,218,0,1
CALL0004616,+919953030804,+917316337298,2024-02-15 23:00:00,189,0,3
CALL0004617,+917440843411,+918326594203,2024-01-05 09:00:00,82,0,2
CALL0004618,+918305053410,+919519798742,2024-05-01 00:00:00,32,0,3
CALL0004619,+917816200289,+919192619889,2024-01-12 21:00:00,135,0,3
CALL0004620,+919531751568,+919876342880,2024-03-25 20:00:00,226,0,3
CALL0004621,+917366830543,+917925305545,2024-05-30 11:00:00,326,0,2
CALL0004622,+918501539082,+917631217309,2024-04-10 15:00:00,26,0,1
CALL0004623,+917653672025,+918892832746,2024-12-19 11:00:00,83,0,1
CALL0004624,+918886835156,+917381629395,2024-10-21 07:00:00,157,0,1
CALL0004625,+919215789463,+919221469320,2024-08-31 18:00:00,16,0,1
CALL0004626,+917856935319,+918717334800,2024-08-23 02:00:00,363,0,1
CALL0004627,+919628331788,+917406911120,2024-03-04 01:00:00,142,0,3
CALL0004628,+917790439744,+918299681784,2024-01-23 17:00:00,120,0,3
CALL0004629,+919680292075,+919760980560,2024-01-10 17:00:00,14,0,2
CALL0004630,+918784201864,+917451760317,2024-02-28 11:00:00,97,0,2
CALL0004631,+917602511720,+917780345604,2024-04-17 22:00:00,354,0,1
CALL0004632,+917411175459,+919645334412,2024-02-22 05:00:00,220,0,1
CALL0004633,+918269240566,+917023537128,2024-02-17 00:00:00,172,0,1
CALL0004634,+919912903878,+918612478112,2024-11-15 04:00:00,70,0,3
CALL0004635,+917171797337,+917807938042,2024-07-10 08:00:00,275,0,1
CALL0004636,+919720712378,+919256106593,2024-10-04 01:00:00,179,0,2
CALL0004637,+919398904447,+918171446167,2024-12-29 00:00:00,183,0,1
CALL0004638,+918004899172,+918118809822,2024-01-13 03:00:00,214,0,2
CALL0004639,+918796678209,+919041647183,2024-02-29 23:00:00,181,0,3
CALL0004640,+918018733748,+918917299850,2024-10-31 20:00:00,231,0,1
CALL0004641,+918248926942,+918880899953,2024-03-15 18:00:00,351,0,3
CALL0004642,+919471240590,+917744283605,2024-11-27 07:00:00,200,0,3
CALL0004643,+919656620273,+917051363543,2024-06-13 22:00:00,241,0,1
CALL0004644,+917626148452,+917774042075,2024-09-07 02:00:00,53,0,2
CALL0004645,+917833845812,+918477921421,2024-09-05 16:00:00,20,0,2
CALL0004646,+919065309007,+917371781463,2024-02-11 20:00:00,332,0,1
CALL0004647,+919506125236,+918683744537,2024-02-01 18:00:00,152,0,3
CALL0004648,+919944338193,+918925853236,2024-03-14 03:00:00,371,0,1
CALL0004649,+919645334412,+919414930033,2024-09-21 06:00:00,243,0,3
CALL0004650,+917259324662,+917111649943,2024-06-19 09:00:00,280,0,1
CALL0004651,+918919024205,+918093716706,2024-12-10 04:00:00,30,0,3
CALL0004652,+917260512099,+918635318163,2024-02-19 09:00:00,221,0,2
CALL0004653,+918345654661,+919067910041,2024-10-18 03:00:00,178,0,1
CALL0004654,+919762975611,+917566429166,2024-10-02 22:00:00,375,0,1
CALL0004655,+919814715623,+919381674809,2024-01-25 22:00:00,43,0,1
CALL0004656,+919695008362,+917637592770,2024-02-23 11:00:00,44,0,2
CALL0004657,+918591449910,+918697997873,2024-11-05 11:00:00,373,0,1
CALL0004658,+917093530254,+918635318163,2024-05-27 21:00:00,204,0,2
CALL0004659,+919559331845,+918381061499,2024-09-15 21:00:00,47,0,3
CALL0004660,+917549140189,+918706373251,2024-01-05 06:00:00,371,0,1
CALL0004661,+918807876590,+918698514301,2024-09-18 09:00:00,21,0,2
CALL0004662,+918928002517,+917188404739,2024-02-23 16:00:00,176,0,3
CALL0004663,+919875510245,+918206851032,2024-11-24 17:00:00,360,0,1
CALL0004664,+919824662438,+918146020883,2024-10-04 12:00:00,160,0,1
CALL0004665,+917789977111,+918521072154,2024-03-31 17:00:00,39,0,2
CALL0004666,+917844083206,+917021822576,2024-04-29 06:00:00,335,0,2
CALL0004667,+917732929846,+919352915703,2024-11-29 23:00:00,48,0,3
CALL0004668,+917620811264,+919043109218,2024-02-04 21:00:00,267,0,3
CALL0004669,+917837888939,+917786876399,2024-04-15 14:00:00,375,0,1
CALL0004670,+917145212391,+919667096954,2024-05-31 20:00:00,54,0,1
CALL0004671,+919247971071,+919232880889,2024-11-30 05:00:00,229,0,2
CALL0004672,+917430835465,+919270392748,2024-05-24 05:00:00,75,0,1
CALL0004673,+917029251922,+918919024205,2024-07-22 09:00:00,352,0,2
CALL0004674,+919540333580,+918069784796,2024-08-04 06:00:00,310,0,3
CALL0004675,+919356061550,+917519572107,2024-11-27 19:00:00,188,0,2
CALL0004676,+919795779449,+919921089211,2024-08-13 14:00:00,202,0,2
CALL0004677,+919387459962,+919599966521,2024-03-20 11:00:00,88,0,1
CALL0004678,+919879157250,+919157413417,2024-04-13 10:00:00,340,0,2
CALL0004679,+917203406258,+918678744236,2024-03-23 02:00:00,127,0,3
CALL0004680,+917444106499,+917267302188,2024-05-29 14:00:00,112,0,2
CALL0004681,+918710521845,+919138941477,2024-09-02 04:00:00,364,0,2
CALL0004682,+917444186184,+919086988657,2024-02-24 17:00:00,54,0,1
CALL0004683,+917723947926,+919020947458,2024-08-31 17:00:00,175,0,3
CALL0004684,+917288371658,+918809596262,2024-10-12 00:00:00,190,0,3
CALL0004685,+917718470222,+918696296750,2024-04-17 14:00:00,286,0,2
CALL0004686,+918744156773,+918297844106,2024-02-11 17:00:00,295,0,1
CALL0004687,+919811115483,+917625826465,2024-01-16 03:00:00,271,0,1
CALL0004688,+919623243876,+917760069407,2024-10-25 22:00:00,219,0,1
CALL0004689,+918812335975,+918581348289,2024-02-21 08:00:00,373,0,3
CALL0004690,+919099446917,+917003706809,2024-10-17 22:00:00,49,0,1
CALL0004691,+917985456622,+917881369117,2024-03-21 00:00:00,389,0,2
CALL0004692,+917378301455,+918244065667,2024-07-25 07:00:00,21,0,1
CALL0004693,+919635408966,+919471240590,2024-06-11 02:00:00,180,0,2
CALL0004694,+917539790877,+917265177311,2024-05-30 23:00:00,295,0,3
CALL0004695,+918060998960,+919880778670,2024-01-18 23:00:00,362,0,3
CALL0004696,+919057828016,+918934873847,2024-08-09 00:00:00,297,0,3
CALL0004697,+919634729054,+918049017268,2024-09-17 11:00:00,33,0,3
CALL0004698,+917029251922,+917317833195,2024-05-07 20:00:00,97,0,3
CALL0004699,+917514427563,+919839183551,2024-07-16 01:00:00,208,0,1
CALL0004700,+918825264558,+918722346198,2024-06-30 06:00:00,189,0,2
CALL0004701,+919123064263,+918033777481,2024-12-12 06:00:00,290,0,3
CALL0004702,+917493046254,+918538661170,2024-11-05 16:00:00,277,0,3
CALL0004703,+917890863384,+919167531211,2024-06-04 12:00:00,31,0,2
CALL0004704,+918165916929,+917279872214,2024-07-03 03:00:00,22,0,3
CALL0004705,+919096295384,+918943774402,2024-04-06 16:00:00,219,0,1
CALL0004706,+918227991245,+918616263752,2024-02-29 11:00:00,194,0,1
CALL0004707,+918519378543,+917264900461,2024-03-17 22:00:00,329,0,2
CALL0004708,+917232043873,+919592028900,2024-03-29 08:00:00,125,0,2
CALL0004709,+917342638525,+919736588886,2024-05-31 06:00:00,242,0,1
CALL0004710,+918916560896,+919531470689,2024-11-11 10:00:00,356,0,3
CALL0004711,+919400534690,+919215022544,2024-02-04 09:00:00,198,0,3
CALL0004712,+919445965422,+919466639781,2024-12-24 08:00:00,251,0,2
CALL0004713,+919639404165,+917599555256,2024-12-28 01:00:00,333,0,1
CALL0004714,+919610631687,+917339009628,2024-07-10 03:00:00,352,0,1
CALL0004715,+917750045200,+917426507513,2024-05-25 06:00:00,260,0,3
CALL0004716,+919150348234,+919232090139,2024-04-14 20:00:00,319,0,3
CALL0004717,+918447438785,+917724864651,2024-11-30 21:00:00,97,0,1
CALL0004718,+918439688474,+918936326003,2024-08-11 23:00:00,36,0,3
CALL0004719,+918622061275,+918262313517,2024-05-21 11:00:00,338,0,2
CALL0004720,+919955494522,+918149035259,2024-11-30 07:00:00,57,0,3
CALL0004721,+917351122194,+918443684495,2024-12-04 14:00:00,129,0,1
CALL0004722,+917171636081,+917671297427,2024-07-16 06:00:00,198,0,3
CALL0004723,+918744138529,+919398904447,2024-09-18 10:00:00,30,0,3
CALL0004724,+919062489967,+918702129742,2024-01-26 19:00:00,95,0,2
CALL0004725,+918217011262,+917754699966,2024-07-31 05:00:00,79,0,3
CALL0004726,+919466639781,+917634353451,2024-02-04 12:00:00,297,0,2
CALL0004727,+917120902406,+917617418507,2024-03-19 09:00:00,19,0,3
CALL0004728,+919463635287,+919880778670,2024-12-07 08:00:00,336,0,1
CALL0004729,+917027560364,+919361749060,2024-03-17 02:00:00,125,0,1
CALL0004730,+918216489559,+918822388301,2024-04-19 21:00:00,60,0,3
CALL0004731,+918809596262,+917429794839,2024-06-26 06:00:00,231,0,2
CALL0004732,+918612478112,+918952424806,2024-04-18 12:00:00,206,0,1
CALL0004733,+919065144201,+918074808853,2024-09-22 09:00:00,377,0,1
CALL0004734,+919366157277,+919076757408,2024-04-26 13:00:00,261,0,3
CALL0004735,+919466007364,+919110100946,2024-04-15 01:00:00,298,0,3
CALL0004736,+919104186799,+917960366784,2024-12-12 08:00:00,88,0,3
CALL0004737,+917117055798,+917382400664,2024-06-19 04:00:00,19,0,3
CALL0004738,+917468466350,+919682939965,2024-04-10 07:00:00,147,0,3
CALL0004739,+917724320527,+917303335689,2024-11-05 17:00:00,241,0,1
CALL0004740,+918729212275,+919499884424,2024-12-20 11:00:00,130,0,3
CALL0004741,+917522991878,+919003105231,2024-07-01 08:00:00,90,0,2
CALL0004742,+918386445658,+917786104956,2024-11-12 01:00:00,159,0,1
CALL0004743,+918224825116,+918193461406,2024-08-12 10:00:00,268,0,3
CALL0004744,+919949355978,+919705357997,2024-09-22 14:00:00,131,0,2
CALL0004745,+917856766421,+918415040014,2024-08-16 12:00:00,239,0,2
CALL0004746,+919356061550,+917984841285,2024-07-21 01:00:00,99,0,3
CALL0004747,+917539790877,+917215619506,2024-11-06 02:00:00,339,0,2
CALL0004748,+917037509235,+918892832746,2024-06-22 14:00:00,379,0,3
CALL0004749,+918295500185,+918710302446,2024-02-28 03:00:00,114,0,1
CALL0004750,+918595931966,+919940712089,2024-03-12 23:00:00,134,0,1
CALL0004751,+919648705176,+917581672152,2024-02-02 04:00:00,117,0,3
CALL0004752,+918699423158,+919058412739,2024-08-08 07:00:00,347,0,3
CALL0004753,+918322046227,+918997635773,2024-10-16 01:00:00,114,0,3
CALL0004754,+919737363138,+918685321291,2024-07-09 13:00:00,310,0,3
CALL0004755,+918084506176,+919395598158,2024-09-27 20:00:00,127,0,1
CALL0004756,+918932683472,+919696695567,2024-11-05 17:00:00,199,0,3
CALL0004757,+919779441562,+917306140398,2024-01-02 07:00:00,129,0,1
CALL0004758,+917493335101,+917462122124,2024-03-03 03:00:00,216,0,2
CALL0004759,+918006002379,+917418359148,2024-09-23 07:00:00,292,0,2
CALL0004760,+918799244557,+917626967245,2024-06-19 20:00:00,48,0,2
CALL0004761,+919525548612,+917153480644,2024-09-10 15:00:00,373,0,3
CALL0004762,+917975748568,+917431253477,2024-08-07 01:00:00,26,0,2
CALL0004763,+917786104956,+918759434936,2024-01-24 05:00:00,82,0,3
CALL0004764,+919989214090,+917469109870,2024-04-14 14:00:00,392,0,1
CALL0004765,+918520965742,+919749353331,2024-07-20 03:00:00,120,0,2
CALL0004766,+918492143450,+919057828016,2024-10-11 08:00:00,294,0,3
CALL0004767,+919039452715,+919564157340,2024-08-28 11:00:00,305,0,3
CALL0004768,+917729285089,+919734281161,2024-06-20 18:00:00,391,0,3
CALL0004769,+919608830865,+918218109683,2024-05-13 01:00:00,148,0,1
CALL0004770,+918566536779,+919192843815,2024-06-23 10:00:00,197,0,3
CALL0004771,+918025020924,+917867145763,2024-08-30 19:00:00,222,0,3
CALL0004772,+917862395671,+918852044967,2024-04-11 04:00:00,111,0,1
CALL0004773,+919065144201,+918216489559,2024-12-30 03:00:00,131,0,3
CALL0004774,+919432051115,+918670587030,2024-01-26 00:00:00,348,0,3
CALL0004775,+918399624164,+919136361218,2024-10-09 08:00:00,135,0,1
CALL0004776,+917580761090,+919932009493,2024-10-27 10:00:00,189,0,2
CALL0004777,+919850959163,+919835333333,2024-11-21 05:00:00,321,0,2
CALL0004778,+918375780470,+917333791889,2024-05-31 18:00:00,165,0,3
CALL0004779,+917507442136,+919391030808,2024-12-26 09:00:00,348,0,2
CALL0004780,+918670012123,+917418834391,2024-10-22 00:00:00,156,0,1
CALL0004781,+918446503774,+918522072183,2024-01-02 04:00:00,167,0,1
CALL0004782,+919323448986,+919999093780,2024-05-07 22:00:00,375,0,2
CALL0004783,+918845434724,+919361749060,2024-11-02 19:00:00,64,0,2
CALL0004784,+919056477120,+918276479631,2024-12-17 00:00:00,317,0,3
CALL0004785,+917268471564,+918796678209,2024-10-30 20:00:00,250,0,2
CALL0004786,+917713049549,+919964647824,2024-04-05 21:00:00,40,0,1
CALL0004787,+917111705294,+917469288770,2024-11-07 12:00:00,177,0,3
CALL0004788,+918456091677,+917133063088,2024-03-09 22:00:00,371,0,1
CALL0004789,+918966667312,+919061294319,2024-09-25 17:00:00,296,0,2
CALL0004790,+917299024535,+919423806903,2024-07-27 12:00:00,122,0,2
CALL0004791,+917418359148,+918893487296,2024-07-20 11:00:00,164,0,2
CALL0004792,+918951135845,+917482142641,2024-11-07 13:00:00,191,0,1
CALL0004793,+917926611084,+917286919327,2024-04-15 13:00:00,191,0,3
CALL0004794,+918265935630,+918305053410,2024-12-16 17:00:00,299,0,1
CALL0004795,+918266094092,+918277488275,2024-03-16 05:00:00,357,0,1
CALL0004796,+917345497247,+919017871749,2024-06-30 06:00:00,94,0,2
CALL0004797,+917667137477,+919626970265,2024-09-07 22:00:00,14,0,1
CALL0004798,+919912764916,+918169236455,2024-10-09 13:00:00,337,0,2
CALL0004799,+918701510096,+919091911795,2024-03-22 19:00:00,359,0,3
CALL0004800,+917552603099,+918638621665,2024-09-19 12:00:00,379,0,3
CALL0004801,+918449730847,+918134524341,2024-10-14 23:00:00,394,0,3
CALL0004802,+919933570982,+918696296750,2024-08-30 08:00:00,189,0,3
CALL0004803,+919553459187,+918660844595,2024-10-22 12:00:00,342,0,3
CALL0004804,+918481102556,+917417184253,2024-01-27 05:00:00,113,0,2
CALL0004805,+919163596173,+918433034402,2024-01-05 17:00:00,130,0,2
CALL0004806,+919090284251,+918279372522,2024-05-04 04:00:00,20,0,2
CALL0004807,+919874611576,+918699338053,2024-01-08 00:00:00,379,0,1
CALL0004808,+919267091010,+919247971071,2024-01-01 10:00:00,232,0,3
CALL0004809,+919845901854,+918775240975,2024-12-02 04:00:00,392,0,1
CALL0004810,+917777299022,+918381592162,2024-11-17 11:00:00,205,0,2
CALL0004811,+919182511473,+917179768928,2024-03-01 15:00:00,182,0,3
CALL0004812,+917939816277,+917170411705,2024-10-08 16:00:00,19,0,3
CALL0004813,+917045044072,+918632145094,2024-08-11 14:00:00,27,0,2
CALL0004814,+917832418902,+919256139027,2024-09-14 10:00:00,154,0,2
CALL0004815,+919526161894,+917787117078,2024-12-10 18:00:00,257,0,1
CALL0004816,+919123980280,+917093530254,2024-11-02 16:00:00,110,0,3
CALL0004817,+919936201902,+917429794839,2024-11-04 18:00:00,221,0,1
CALL0004818,+918670012123,+919032861295,2024-01-20 10:00:00,50,0,1
CALL0004819,+919674922657,+918822690904,2024-11-24 02:00:00,121,0,3
CALL0004820,+917820467588,+918005553021,2024-10-05 08:00:00,362,0,2
CALL0004821,+919881432655,+919846242992,2024-03-11 20:00:00,22,0,3
CALL0004822,+919920832429,+918875854015,2024-07-03 18:00:00,189,0,2
CALL0004823,+917068166918,+919641155277,2024-07-14 22:00:00,29,0,3
CALL0004824,+917290991551,+917522991878,2024-03-14 04:00:00,336,0,1
CALL0004825,+919912764916,+918850500290,2024-01-19 20:00:00,258,0,2
CALL0004826,+919181032458,+919250503596,2024-09-29 13:00:00,10,0,2
CALL0004827,+918661057607,+917856111569,2024-08-30 06:00:00,247,0,2
CALL0004828,+917151685013,+919476385041,2024-08-26 22:00:00,145,0,3
CALL0004829,+918041317186,+919719648153,2024-12-30 00:00:00,62,0,3
CALL0004830,+918538661170,+919968359829,2024-11-08 09:00:00,327,0,2
CALL0004831,+918701510096,+919148209535,2024-10-08 17:00:00,28,0,1
CALL0004832,+918935474246,+919450486538,2024-06-29 21:00:00,79,0,2
CALL0004833,+918134524341,+917724320527,2024-04-06 18:00:00,92,0,2
CALL0004834,+918171446167,+919940712089,2024-07-06 19:00:00,206,0,2
CALL0004835,+919878280142,+919852692942,2024-03-30 05:00:00,101,0,3
CALL0004836,+917137431729,+917638866479,2024-11-09 12:00:00,344,0,3
CALL0004837,+918712025367,+919174294766,2024-11-24 08:00:00,249,0,1
CALL0004838,+919292744661,+917808418095,2024-05-29 06:00:00,253,0,3
CALL0004839,+918698740182,+917444376729,2024-07-14 08:00:00,274,0,3
CALL0004840,+919906247153,+918845890616,2024-02-14 05:00:00,68,0,2
CALL0004841,+917801896110,+917435952956,2024-07-17 12:00:00,215,0,1
CALL0004842,+918640888425,+918581348289,2024-03-05 23:00:00,380,0,2
CALL0004843,+919614580084,+917608372421,2024-05-27 19:00:00,336,0,2
CALL0004844,+919697009565,+918433034402,2024-05-08 00:00:00,104,0,3
CALL0004845,+919400534690,+919559331845,2024-07-16 02:00:00,42,0,3
CALL0004846,+918822388301,+919466343231,2024-10-09 03:00:00,209,0,3
CALL0004847,+917604793424,+919479668638,2024-08-29 15:00:00,49,0,2
CALL0004848,+918299681784,+918439855928,2024-11-15 02:00:00,185,0,3
CALL0004849,+918573927315,+919614580084,2024-07-20 07:00:00,44,0,2
CALL0004850,+918812335975,+917287984019,2024-02-26 22:00:00,195,0,3
CALL0004851,+918997635773,+917021822576,2024-03-10 22:00:00,368,0,2
CALL0004852,+918074808853,+918616913847,2024-04-15 01:00:00,47,0,3
CALL0004853,+919432051115,+918893487296,2024-05-10 21:00:00,352,0,3
CALL0004854,+919692805098,+919680117950,2024-12-27 01:00:00,212,0,3
CALL0004855,+918448669042,+917294003911,2024-11-20 15:00:00,76,0,1
CALL0004856,+919706815838,+917585029871,2024-09-22 18:00:00,284,0,2
CALL0004857,+919953148140,+917341824689,2024-02-10 12:00:00,392,0,2
CALL0004858,+918596399970,+919024316291,2024-10-10 09:00:00,216,0,1
CALL0004859,+918549813506,+919191607869,2024-06-27 10:00:00,369,0,1
CALL0004860,+919806042502,+917900974151,2024-02-18 03:00:00,244,0,2
CALL0004861,+919536218878,+919362712982,2024-02-02 22:00:00,275,0,2
CALL0004862,+918706373251,+919177913336,2024-07-09 04:00:00,91,0,2
CALL0004863,+917804479213,+919988503714,2024-02-14 08:00:00,131,0,3
CALL0004864,+917036231729,+917128575500,2024-02-19 05:00:00,54,0,2
CALL0004865,+918638311715,+919237574933,2024-10-26 14:00:00,362,0,2
CALL0004866,+919067910041,+918896537557,2024-11-25 02:00:00,14,0,2
CALL0004867,+918224825116,+918928002517,2024-03-11 04:00:00,391,0,1
CALL0004868,+917797692705,+919061437107,2024-10-05 01:00:00,387,0,3
CALL0004869,+918187847190,+918068788583,2024-06-12 15:00:00,337,0,3
CALL0004870,+919230281878,+918525918549,2024-04-03 14:00:00,317,0,2
CALL0004871,+918056409291,+919392092628,2024-10-04 21:00:00,40,0,3
CALL0004872,+917041484255,+919003105231,2024-09-11 14:00:00,89,0,1
CALL0004873,+919890936026,+919473324554,2024-06-25 14:00:00,121,0,3
CALL0004874,+917836334274,+917230192168,2024-07-17 11:00:00,332,0,1
CALL0004875,+919126637807,+918736265951,2024-08-19 14:00:00,350,0,3
CALL0004876,+918411912915,+919922721319,2024-07-21 22:00:00,311,0,1
CALL0004877,+917137548263,+917593858817,2024-09-18 22:00:00,399,0,3
CALL0004878,+917718912953,+918553653722,2024-04-25 00:00:00,90,0,2
CALL0004879,+917353651919,+918697997873,2024-12-17 05:00:00,229,0,1
CALL0004880,+919745403172,+918917086406,2024-03-15 10:00:00,111,0,3
CALL0004881,+917817666224,+919517908889,2024-09-06 06:00:00,38,0,2
CALL0004882,+918297844106,+917794749625,2024-03-03 02:00:00,316,0,1
CALL0004883,+918623085212,+919258814219,2024-04-22 02:00:00,222,0,3
CALL0004884,+917371781463,+917259324662,2024-12-26 18:00:00,393,0,2
CALL0004885,+918433034402,+917918394465,2024-07-24 05:00:00,255,0,2
CALL0004886,+919009621714,+918828095292,2024-01-21 01:00:00,59,0,2
CALL0004887,+917197221718,+919722270188,2024-11-07 03:00:00,292,0,1
CALL0004888,+917240457992,+919211965193,2024-02-13 10:00:00,273,0,2
CALL0004889,+917632071898,+919090676323,2024-08-17 14:00:00,155,0,1
CALL0004890,+917517795369,+917116732917,2024-11-30 18:00:00,124,0,3
CALL0004891,+917437217862,+919594252613,2024-03-18 13:00:00,194,0,3
CALL0004892,+917908869791,+918696296750,2024-12-12 05:00:00,270,0,3
CALL0004893,+918595931966,+918761572140,2024-12-20 16:00:00,125,0,2
CALL0004894,+917555286697,+919749991143,2024-08-07 17:00:00,212,0,1
CALL0004895,+919352526372,+917936339937,2024-09-23 01:00:00,365,0,2
CALL0004896,+919059928025,+918870550237,2024-05-25 12:00:00,87,0,3
CALL0004897,+918698114794,+919091911795,2024-09-27 22:00:00,257,0,1
CALL0004898,+919615755730,+917042593343,2024-01-23 04:00:00,279,0,2
CALL0004899,+917571601697,+917750505276,2024-12-27 04:00:00,329,0,1
CALL0004900,+919341981305,+918946650976,2024-10-19 09:00:00,287,0,1
CALL0004901,+919899361134,+919077949924,2024-03-09 11:00:00,269,0,1
CALL0004902,+918015730890,+919806042502,2024-06-07 21:00:00,186,0,2
CALL0004903,+918974741049,+919047656531,2024-10-04 16:00:00,284,0,2
CALL0004904,+917243444028,+917557954311,2024-01-23 01:00:00,347,0,3
CALL0004905,+919182511473,+919612166877,2024-03-10 11:00:00,170,0,3
CALL0004906,+919985326418,+919149779477,2024-06-18 20:00:00,307,0,1
CALL0004907,+918710521845,+917144161513,2024-06-07 00:00:00,201,0,3
CALL0004908,+919439788399,+917270653164,2024-04-08 22:00:00,239,0,1
CALL0004909,+919665033783,+917806298324,2024-11-02 02:00:00,198,0,3
CALL0004910,+919896918354,+918198997132,2024-08-20 05:00:00,77,0,2
CALL0004911,+917470553031,+917353651919,2024-02-28 14:00:00,71,0,2
CALL0004912,+917920752459,+917171636081,2024-12-12 06:00:00,232,0,2
CALL0004913,+917338444340,+918828104597,2024-11-11 16:00:00,258,0,3
CALL0004914,+918009623183,+917844387254,2024-06-17 01:00:00,194,0,3
CALL0004915,+919881432655,+917015770674,2024-04-15 06:00:00,360,0,3
CALL0004916,+919730259957,+919332667401,2024-02-04 19:00:00,342,0,3
CALL0004917,+919487161643,+918560457268,2024-05-24 16:00:00,329,0,2
CALL0004918,+919381674809,+919342079624,2024-02-10 09:00:00,49,0,3
CALL0004919,+917562059579,+917895888714,2024-06-11 20:00:00,386,0,2
CALL0004920,+919797914625,+918688345636,2024-12-23 13:00:00,369,0,3
CALL0004921,+919605907399,+918623219916,2024-11-22 23:00:00,342,0,3
CALL0004922,+917381629395,+919613769205,2024-07-31 06:00:00,186,0,3
CALL0004923,+918571307308,+918545254283,2024-10-07 02:00:00,236,0,2
CALL0004924,+918877385128,+917174972955,2024-10-06 22:00:00,116,0,1
CALL0004925,+919799541820,+919450957393,2024-11-12 17:00:00,152,0,3
CALL0004926,+917060026736,+917937687109,2024-10-27 15:00:00,230,0,2
CALL0004927,+917454600960,+918426952486,2024-07-01 14:00:00,176,0,3
CALL0004928,+917743754699,+919984662402,2024-11-16 09:00:00,252,0,3
CALL0004929,+917729285089,+917628225003,2024-06-18 14:00:00,234,0,2
CALL0004930,+919003105231,+918087571634,2024-10-08 21:00:00,288,0,1
CALL0004931,+919337765517,+917348524855,2024-12-15 03:00:00,290,0,3
CALL0004932,+918387738611,+918009623183,2024-05-22 09:00:00,254,0,2
CALL0004933,+919009274208,+919316456308,2024-06-15 20:00:00,108,0,3
CALL0004934,+919531470689,+917476234239,2024-03-19 03:00:00,212,0,2
CALL0004935,+919816477729,+918798203717,2024-04-21 15:00:00,18,0,3
CALL0004936,+919268174299,+917215351233,2024-07-13 12:00:00,175,0,3
CALL0004937,+918322046227,+918179457611,2024-04-05 07:00:00,314,0,2
CALL0004938,+918946650976,+918905147640,2024-12-24 18:00:00,93,0,1
CALL0004939,+917010673789,+917863065340,2024-07-10 03:00:00,314,0,3
CALL0004940,+919744359936,+919414930033,2024-02-12 14:00:00,195,0,1
CALL0004941,+919259678475,+918290465496,2024-07-25 06:00:00,266,0,2
CALL0004942,+918869840574,+919025144813,2024-04-28 09:00:00,265,0,3
CALL0004943,+919489110789,+917122540546,2024-10-26 10:00:00,330,0,2
CALL0004944,+917426507513,+919755279204,2024-07-10 20:00:00,96,0,3
CALL0004945,+919205225066,+918869376212,2024-03-18 01:00:00,379,0,2
CALL0004946,+917920752459,+917638866479,2024-04-06 04:00:00,242,0,1
CALL0004947,+917240678791,+917671242206,2024-03-12 04:00:00,294,0,2
CALL0004948,+919094279024,+919667054214,2024-01-31 18:00:00,210,0,2
CALL0004949,+917599555256,+919789064595,2024-07-24 05:00:00,146,0,1
CALL0004950,+918722275983,+917050868978,2024-06-01 13:00:00,229,0,3
CALL0004951,+917833845812,+919899361134,2024-08-31 13:00:00,324,0,1
CALL0004952,+918592540348,+918864283632,2024-01-18 10:00:00,99,0,2
CALL0004953,+917001003684,+919946451158,2024-05-21 14:00:00,366,0,1
CALL0004954,+917418443349,+918641309430,2024-09-18 10:00:00,148,0,3
CALL0004955,+919772557258,+917176499960,2024-10-31 19:00:00,398,0,2
CALL0004956,+917990857771,+918216489559,2024-02-25 14:00:00,268,0,2
CALL0004957,+918553653722,+918604510283,2024-01-17 04:00:00,163,0,1
CALL0004958,+919166370086,+918864283632,2024-02-03 18:00:00,57,0,1
CALL0004959,+918434518996,+918923552120,2024-03-05 18:00:00,152,0,3
CALL0004960,+919987011328,+917626967245,2024-05-15 00:00:00,67,0,1
CALL0004961,+918060998960,+918362917689,2024-01-11 14:00:00,102,0,2
CALL0004962,+917342638525,+918495311564,2024-01-10 09:00:00,261,0,2
CALL0004963,+917144757117,+917597848679,2024-06-01 00:00:00,15,0,3
CALL0004964,+917445139353,+917462122124,2024-12-23 14:00:00,231,0,2
CALL0004965,+917397019796,+919779441562,2024-03-30 14:00:00,53,0,3
CALL0004966,+918692543103,+919152083196,2024-09-19 07:00:00,101,0,1
CALL0004967,+917431253477,+917524779317,2024-04-18 10:00:00,361,0,3
CALL0004968,+918482153830,+917959600315,2024-05-16 18:00:00,36,0,2
CALL0004969,+918121964659,+919533359801,2024-12-07 07:00:00,58,0,2
CALL0004970,+917240457992,+919989214090,2024-11-30 14:00:00,92,0,3
CALL0004971,+918269061602,+918015193864,2024-05-29 12:00:00,133,0,1
CALL0004972,+917838270914,+918125667119,2024-05-31 02:00:00,282,0,3
CALL0004973,+918370307319,+918576812501,2024-09-28 09:00:00,190,0,3
CALL0004974,+917107434698,+919579788957,2024-10-09 12:00:00,299,0,3
CALL0004975,+918631199344,+918206177152,2024-03-24 13:00:00,185,0,3
CALL0004976,+917052724678,+918773229931,2024-01-29 11:00:00,380,0,2
CALL0004977,+919222943168,+918729190906,2024-10-15 09:00:00,92,0,3
CALL0004978,+919518376274,+918736608126,2024-02-18 03:00:00,380,0,3
CALL0004979,+918584562207,+917351122194,2024-08-31 06:00:00,146,0,2
CALL0004980,+919620708136,+919161767872,2024-06-17 00:00:00,365,0,2
CALL0004981,+919727748072,+917580053271,2024-06-10 10:00:00,174,0,2
CALL0004982,+917444186184,+917735325512,2024-05-02 03:00:00,314,0,2
CALL0004983,+919592793807,+919083949141,2024-05-31 15:00:00,324,0,1
CALL0004984,+918145445545,+919573029757,2024-10-12 17:00:00,29,0,1
CALL0004985,+918952424806,+918901969306,2024-06-11 03:00:00,294,0,3
CALL0004986,+918309589783,+918965677041,2024-07-14 16:00:00,293,0,1
CALL0004987,+917137697067,+917742541990,2024-11-01 19:00:00,45,0,3
CALL0004988,+917103235302,+917528717654,2024-12-19 08:00:00,384,0,1
CALL0004989,+919234661867,+917563175691,2024-03-27 23:00:00,384,0,2
CALL0004990,+917027494094,+917411175459,2024-07-06 04:00:00,63,0,2
CALL0004991,+919314998544,+918793610142,2024-02-10 09:00:00,171,0,2
CALL0004992,+918180932888,+918548006843,2024-05-07 14:00:00,281,0,2
CALL0004993,+918561573680,+917838081021,2024-11-03 04:00:00,42,0,2
CALL0004994,+917281447929,+918576812501,2024-08-25 03:00:00,206,0,3
CALL0004995,+917522991878,+917189796542,2024-12-14 17:00:00,111,0,2
CALL0004996,+919645261118,+918090352541,2024-07-13 20:00:00,258,0,2
CALL0004997,+918748375357,+917197627375,2024-08-01 16:00:00,204,0,2
CALL0004998,+917589844309,+919661598978,2024-09-18 22:00:00,48,0,2
CALL0004999,+919343140526,+918334577945,2024-09-14 08:00:00,95,0,3
CALL0005000,+918067928329,+919138941477,2024-11-17 13:00:00,241,0,1
CALL0005001,+917048260243,+919506125236,2024-07-21 14:00:00,379,0,2
CALL0005002,+917534776852,+919900073430,2024-02-16 17:00:00,63,0,3
CALL0005003,+917818101156,+918809596262,2024-03-31 17:00:00,125,0,3
CALL0005004,+917253858407,+918890374019,2024-06-13 23:00:00,357,0,1
CALL0005005,+917844083206,+918426390503,2024-06-11 04:00:00,335,0,1
CALL0005006,+919547667849,+917402768704,2024-05-11 04:00:00,103,0,3
CALL0005007,+919303705608,+917952434250,2024-03-01 21:00:00,114,0,2
CALL0005008,+918869112690,+919608830865,2024-03-19 05:00:00,167,0,1
CALL0005009,+919067579588,+919055196309,2024-04-18 22:00:00,229,0,1
CALL0005010,+918427586724,+918826510670,2024-07-19 10:00:00,243,0,3
CALL0005011,+919057417512,+917027494094,2024-09-27 12:00:00,357,0,1
CALL0005012,+919521584657,+919881463078,2024-01-28 03:00:00,85,0,2
CALL0005013,+917457393848,+917259324662,2024-03-22 05:00:00,164,0,1
CALL0005014,+917834096374,+917029251922,2024-10-13 15:00:00,37,0,3
CALL0005015,+917176499960,+917474592915,2024-08-31 05:00:00,391,0,1
CALL0005016,+917119860285,+917896006897,2024-05-02 16:00:00,297,0,1
CALL0005017,+919969808752,+918592540348,2024-03-16 18:00:00,103,0,3
CALL0005018,+919009621714,+919681222521,2024-06-28 08:00:00,122,0,3
CALL0005019,+919681222521,+918415040014,2024-11-04 14:00:00,235,0,1
CALL0005020,+919350136533,+917567099125,2024-04-25 05:00:00,357,0,1
CALL0005021,+918600103236,+918760630847,2024-04-24 20:00:00,399,0,2
CALL0005022,+918260982459,+919620708136,2024-03-17 19:00:00,83,0,1
CALL0005023,+919341981305,+918343020583,2024-08-14 19:00:00,236,0,3
CALL0005024,+917179768928,+917683783961,2024-10-17 14:00:00,226,0,1
CALL0005025,+919633795198,+918928002517,2024-04-25 20:00:00,348,0,3
CALL0005026,+919924213347,+919329707485,2024-05-29 01:00:00,389,0,3
CALL0005027,+917010247560,+917144757117,2024-08-19 04:00:00,25,0,3
CALL0005028,+919150792594,+919749252456,2024-07-07 04:00:00,364,0,3
CALL0005029,+919200016132,+918485573946,2024-07-28 20:00:00,306,0,3
CALL0005030,+919365191395,+919559333068,2024-11-21 18:00:00,337,0,3
CALL0005031,+917217106818,+919391021299,2024-01-04 05:00:00,24,0,2
CALL0005032,+919323448986,+918157797343,2024-03-04 11:00:00,147,0,2
CALL0005033,+917705595636,+919628331788,2024-10-09 20:00:00,266,0,3
CALL0005034,+918275900700,+918529499607,2024-04-26 06:00:00,304,0,2
CALL0005035,+917896634508,+919799541820,2024-04-16 15:00:00,340,0,3
CALL0005036,+919536218878,+917631300395,2024-03-19 19:00:00,132,0,2
CALL0005037,+919642963868,+919363689871,2024-12-15 11:00:00,383,0,1
CALL0005038,+917259324662,+919634779108,2024-05-21 14:00:00,342,0,3
CALL0005039,+918051056540,+919588364621,2024-01-05 04:00:00,254,0,1
CALL0005040,+919627867437,+917743508917,2024-02-13 10:00:00,376,0,3
CALL0005041,+917356914787,+917303335689,2024-10-24 19:00:00,153,0,1
CALL0005042,+919892607629,+918478837130,2024-08-14 22:00:00,20,0,1
CALL0005043,+918256482302,+917728812234,2024-11-01 05:00:00,213,0,2
CALL0005044,+917789160864,+918305730830,2024-10-28 11:00:00,102,0,3
CALL0005045,+919101320751,+919650200561,2024-12-05 07:00:00,257,0,1
CALL0005046,+918548319816,+917796949552,2024-03-11 22:00:00,89,0,3
CALL0005047,+919737363138,+918077777688,2024-11-08 18:00:00,61,0,3
CALL0005048,+918343020583,+917994275228,2024-07-10 05:00:00,352,0,2
CALL0005049,+918618177647,+917836334274,2024-01-11 11:00:00,58,0,1
CALL0005050,+918698740182,+918155803806,2024-10-23 16:00:00,338,0,3
CALL0005051,+919395598158,+919999093780,2024-07-18 18:00:00,102,0,2
CALL0005052,+918014527095,+918184682784,2024-03-05 10:00:00,293,0,1
CALL0005053,+918265675715,+919392092628,2024-11-01 05:00:00,356,0,2
CALL0005054,+917605849616,+919263690211,2024-05-15 18:00:00,68,0,3
CALL0005055,+918073915642,+918435741336,2024-05-11 13:00:00,264,0,2
CALL0005056,+917259324662,+917978434494,2024-08-10 13:00:00,355,0,3
CALL0005057,+918435741336,+919133702594,2024-08-01 10:00:00,303,0,2
CALL0005058,+918857446088,+917003794208,2024-03-26 23:00:00,171,0,1
CALL0005059,+918545254283,+918233058300,2024-09-10 09:00:00,96,0,2
CALL0005060,+918555767477,+918578338536,2024-12-24 22:00:00,356,0,1
CALL0005061,+919623243876,+919340556203,2024-01-15 22:00:00,272,0,2
CALL0005062,+918293756662,+919126637807,2024-06-10 10:00:00,344,0,1
CALL0005063,+919627867437,+917654102872,2024-06-02 06:00:00,243,0,1
CALL0005064,+917997872276,+919972016795,2024-05-01 13:00:00,145,0,2
CALL0005065,+917677149898,+918290465496,2024-02-23 00:00:00,263,0,3
CALL0005066,+918414499768,+917141823197,2024-07-21 18:00:00,169,0,1
CALL0005067,+918300219587,+919564469717,2024-06-26 22:00:00,33,0,1
CALL0005068,+918346733907,+919160640772,2024-10-14 15:00:00,105,0,1
CALL0005069,+917125902202,+919230281878,2024-11-12 14:00:00,156,0,2
CALL0005070,+918423746057,+919130025068,2024-05-26 23:00:00,31,0,1
CALL0005071,+919645517037,+919674922657,2024-08-01 12:00:00,351,0,3
CALL0005072,+917201458173,+917395419983,2024-01-11 18:00:00,157,0,3
CALL0005073,+918367671876,+918602711453,2024-01-16 00:00:00,366,0,2
CALL0005074,+918411912915,+918279560537,2024-05-29 21:00:00,239,0,1
CALL0005075,+919884049458,+917614123358,2024-11-13 12:00:00,220,0,1
CALL0005076,+917774565491,+918265675715,2024-04-12 23:00:00,31,0,2
CALL0005077,+918245937128,+918443684495,2024-01-20 16:00:00,200,0,2
CALL0005078,+919958386134,+917718912953,2024-07-29 14:00:00,390,0,2
CALL0005079,+918588274904,+919635210993,2024-07-19 07:00:00,309,0,3
CALL0005080,+919094279024,+917959613494,2024-12-30 16:00:00,82,0,2
CALL0005081,+918901969306,+917997872276,2024-12-09 17:00:00,374,0,2
CALL0005082,+917118302366,+918569136862,2024-03-05 22:00:00,349,0,3
CALL0005083,+918402427685,+917312863757,2024-11-02 02:00:00,221,0,2
CALL0005084,+919117214899,+917240457992,2024-04-19 05:00:00,11,0,1
CALL0005085,+918105137057,+917321749954,2024-02-15 17:00:00,249,0,2
CALL0005086,+918529420824,+919449436330,2024-12-13 10:00:00,158,0,1
CALL0005087,+919742776040,+917901139125,2024-03-06 05:00:00,40,0,2
CALL0005088,+917202746095,+917682279513,2024-03-24 19:00:00,158,0,1
CALL0005089,+917689307759,+919203791419,2024-12-05 22:00:00,210,0,1
CALL0005090,+917705487456,+918758603669,2024-08-04 17:00:00,317,0,2
CALL0005091,+918992711131,+918653521756,2024-12-12 20:00:00,21,0,2
CALL0005092,+919152345358,+918946650976,2024-09-01 23:00:00,100,0,1
CALL0005093,+917271208490,+917881197446,2024-11-27 17:00:00,352,0,1
CALL0005094,+918322046227,+919111020757,2024-07-27 01:00:00,173,0,3
CALL0005095,+919953028735,+919811115483,2024-09-07 00:00:00,68,0,1
CALL0005096,+917972704939,+917026898108,2024-06-12 19:00:00,63,0,1
CALL0005097,+919808383675,+917552603099,2024-03-25 08:00:00,119,0,1
CALL0005098,+919973531824,+917519062435,2024-01-23 12:00:00,23,0,1
CALL0005099,+917245294583,+919942555127,2024-02-08 06:00:00,218,0,1
CALL0005100,+919583499100,+918985463586,2024-06-21 22:00:00,223,0,2
CALL0005101,+919665033783,+919350721104,2024-04-03 22:00:00,203,0,1
CALL0005102,+918760630847,+918934393295,2024-11-14 03:00:00,322,0,2
CALL0005103,+917277992326,+918773229931,2024-10-29 12:00:00,197,0,3
CALL0005104,+917839559974,+917061981865,2024-01-07 07:00:00,165,0,1
CALL0005105,+918456091677,+919096295384,2024-11-07 08:00:00,113,0,3
CALL0005106,+918967548495,+918407043784,2024-12-12 15:00:00,210,0,3
CALL0005107,+919141921516,+919695543890,2024-06-30 22:00:00,278,0,1
CALL0005108,+917023325200,+917255879677,2024-06-07 05:00:00,93,0,1
CALL0005109,+918328519758,+919978157995,2024-12-04 21:00:00,284,0,1
CALL0005110,+918919817702,+919693679031,2024-12-27 07:00:00,321,0,2
CALL0005111,+919257092459,+918023898015,2024-08-02 18:00:00,313,0,2
CALL0005112,+919943943873,+917394263454,2024-09-10 05:00:00,76,0,3
CALL0005113,+919879157250,+919361728079,2024-04-01 08:00:00,18,0,2
CALL0005114,+917198893803,+918696296750,2024-12-18 17:00:00,279,0,1
CALL0005115,+919785354469,+918106389133,2024-08-03 17:00:00,206,0,3
CALL0005116,+918594011837,+918439855928,2024-02-17 21:00:00,382,0,1
CALL0005117,+919074260135,+919924213347,2024-08-05 20:00:00,83,0,3
CALL0005118,+919595858802,+918378208696,2024-08-02 04:00:00,177,0,2
CALL0005119,+918614157011,+919253297763,2024-09-28 20:00:00,35,0,2
CALL0005120,+919645334412,+918589274203,2024-10-09 04:00:00,280,0,2
CALL0005121,+917990857771,+919067579588,2024-09-10 00:00:00,20,0,3
CALL0005122,+917699615167,+917265177311,2024-05-25 06:00:00,361,0,3
CALL0005123,+917679808425,+917708698100,2024-09-09 01:00:00,250,0,1
CALL0005124,+917133063088,+917128575500,2024-02-03 02:00:00,369,0,1
CALL0005125,+919911269469,+919749991143,2024-12-12 02:00:00,83,0,2
CALL0005126,+918605427346,+919797914625,2024-12-11 10:00:00,363,0,2
CALL0005127,+919760980560,+918710595196,2024-02-20 20:00:00,150,0,1
CALL0005128,+919720712378,+918954775980,2024-08-30 19:00:00,14,0,1
CALL0005129,+919517019494,+919974546940,2024-07-05 11:00:00,210,0,1
CALL0005130,+918314557345,+919212014793,2024-09-21 21:00:00,195,0,1
CALL0005131,+919831491161,+917355543720,2024-06-23 10:00:00,335,0,3
CALL0005132,+918318256925,+917223975681,2024-03-07 14:00:00,319,0,2
CALL0005133,+918612469986,+919908817044,2024-09-28 09:00:00,176,0,3
CALL0005134,+917925305545,+919937340141,2024-07-04 07:00:00,277,0,1
CALL0005135,+918329409918,+918347531440,2024-10-29 12:00:00,391,0,3
CALL0005136,+917287284671,+918636790925,2024-07-24 15:00:00,167,0,1
CALL0005137,+918379776654,+918195396697,2024-12-21 13:00:00,56,0,2
CALL0005138,+917277992326,+919977415437,2024-11-13 09:00:00,203,0,1
CALL0005139,+919473133916,+919594252613,2024-01-15 10:00:00,91,0,1
CALL0005140,+917758735063,+917444106499,2024-03-23 19:00:00,51,0,2
CALL0005141,+918192378994,+917553722548,2024-09-05 06:00:00,365,0,3
CALL0005142,+917386983660,+917813366063,2024-07-28 19:00:00,100,0,2
CALL0005143,+919332667401,+917387052677,2024-12-06 23:00:00,73,0,1
CALL0005144,+918282325732,+917163031295,2024-04-12 16:00:00,72,0,1
CALL0005145,+919614200615,+918759434936,2024-01-31 18:00:00,319,0,1
CALL0005146,+918658975828,+917557278826,2024-02-12 02:00:00,218,0,2
CALL0005147,+919249712281,+917111705294,2024-07-24 05:00:00,229,0,2
CALL0005148,+918556438749,+917191957977,2024-05-29 01:00:00,247,0,1
CALL0005149,+918833219947,+917309288988,2024-01-25 05:00:00,103,0,3
CALL0005150,+919099446917,+917580230447,2024-12-08 16:00:00,60,0,3
CALL0005151,+918196414729,+917952572172,2024-11-17 17:00:00,352,0,1
CALL0005152,+917312144246,+917174972955,2024-03-03 16:00:00,242,0,3
CALL0005153,+918033777481,+917896842077,2024-01-10 20:00:00,239,0,3
CALL0005154,+917336820960,+919742776040,2024-08-24 01:00:00,46,0,3
CALL0005155,+919039839872,+919422470309,2024-09-07 10:00:00,85,0,3
CALL0005156,+919594252613,+917229822021,2024-01-31 04:00:00,302,0,1
CALL0005157,+918570712518,+917978881320,2024-06-13 23:00:00,104,0,1
CALL0005158,+918439855928,+919846672227,2024-12-18 19:00:00,90,0,1
CALL0005159,+918116451037,+918351585573,2024-04-13 12:00:00,74,0,2
CALL0005160,+918772478984,+919395728640,2024-03-26 18:00:00,34,0,1
CALL0005161,+917351122194,+917785332384,2024-09-14 08:00:00,264,0,2
CALL0005162,+917807655548,+918227991245,2024-09-22 19:00:00,337,0,1
CALL0005163,+917601113419,+918899957906,2024-08-22 16:00:00,16,0,1
CALL0005164,+918290465496,+918177053694,2024-12-27 01:00:00,82,0,2
CALL0005165,+918955599959,+919009274208,2024-12-26 06:00:00,12,0,2
CALL0005166,+919168948553,+919544148758,2024-08-17 11:00:00,86,0,1
CALL0005167,+918987928210,+919222366300,2024-09-28 11:00:00,87,0,1
CALL0005168,+917909477987,+917653906586,2024-05-11 01:00:00,309,0,2
CALL0005169,+918573927315,+917001003684,2024-02-14 06:00:00,187,0,1
CALL0005170,+918060998960,+919968359829,2024-08-26 16:00:00,210,0,1
CALL0005171,+919154696022,+918865878686,2024-04-02 19:00:00,90,0,3
CALL0005172,+917114615544,+917146910163,2024-03-19 23:00:00,301,0,3
CALL0005173,+917249266649,+917115993340,2024-12-07 17:00:00,81,0,1
CALL0005174,+919076186128,+918295500185,2024-01-05 05:00:00,373,0,3
CALL0005175,+917493046254,+917534776852,2024-04-19 23:00:00,123,0,1
CALL0005176,+917375482968,+918953021725,2024-04-02 01:00:00,169,0,3
CALL0005177,+919552020125,+917461993642,2024-11-01 19:00:00,230,0,3
CALL0005178,+919168246506,+919368517256,2024-02-07 00:00:00,302,0,3
CALL0005179,+917743962451,+918965761232,2024-08-06 04:00:00,340,0,1
CALL0005180,+917447344032,+918094229619,2024-11-30 06:00:00,312,0,3
CALL0005181,+918318256925,+918186913862,2024-09-17 09:00:00,266,0,2
CALL0005182,+919641155277,+918176411041,2024-05-19 18:00:00,173,0,3
CALL0005183,+918623870284,+919089698010,2024-07-31 13:00:00,122,0,1
CALL0005184,+917780345604,+917684403984,2024-04-29 21:00:00,31,0,3
CALL0005185,+917724864651,+918505323238,2024-09-29 16:00:00,182,0,1
CALL0005186,+919949266792,+917566429166,2024-03-10 13:00:00,384,0,2
CALL0005187,+917099435257,+919350136533,2024-01-27 21:00:00,397,0,1
CALL0005188,+919558070091,+917106932756,2024-06-05 00:00:00,340,0,1
CALL0005189,+919542676138,+919601227250,2024-02-01 12:00:00,284,0,1
CALL0005190,+918706373251,+918500228652,2024-07-25 21:00:00,211,0,2
CALL0005191,+919019367406,+919992708338,2024-02-20 11:00:00,23,0,1
CALL0005192,+919010559688,+918465320285,2024-02-23 02:00:00,208,0,3
CALL0005193,+918460426432,+917185531687,2024-05-31 11:00:00,64,0,3
CALL0005194,+919259678475,+918339736928,2024-04-05 14:00:00,374,0,1
CALL0005195,+919476385041,+917353651919,2024-03-25 22:00:00,277,0,2
CALL0005196,+917445360633,+919870273318,2024-11-15 15:00:00,254,0,2
CALL0005197,+919432051115,+919270513249,2024-03-06 19:00:00,207,0,3
CALL0005198,+918766054734,+918838367647,2024-01-12 16:00:00,361,0,3
CALL0005199,+918611452782,+917666368192,2024-12-30 04:00:00,320,0,1
CALL0005200,+917099922676,+919324609571,2024-10-20 17:00:00,221,0,1
CALL0005201,+919395728640,+917684403984,2024-02-25 17:00:00,76,0,3
CALL0005202,+917854929912,+918144163134,2024-01-30 20:00:00,263,0,3
CALL0005203,+918314557345,+919736445968,2024-10-06 16:00:00,382,0,1
CALL0005204,+917890590504,+919432051115,2024-06-11 11:00:00,288,0,2
CALL0005205,+917342999385,+918766054734,2024-09-01 19:00:00,139,0,1
CALL0005206,+917342999385,+917608372421,2024-03-05 16:00:00,231,0,1
CALL0005207,+917219956734,+919179871262,2024-05-13 05:00:00,360,0,1
CALL0005208,+919852251240,+918093771914,2024-05-28 12:00:00,38,0,2
CALL0005209,+918164487525,+918216489559,2024-10-12 21:00:00,155,0,1
CALL0005210,+919352526372,+919091911795,2024-07-29 23:00:00,63,0,3
CALL0005211,+918284311701,+918917299850,2024-04-23 20:00:00,186,0,3
CALL0005212,+919994878942,+919211448353,2024-07-21 19:00:00,320,0,1
CALL0005213,+917476234239,+918686888206,2024-06-14 12:00:00,361,0,3
CALL0005214,+918551040717,+919468069197,2024-04-09 03:00:00,233,0,2
CALL0005215,+917277992326,+919461498904,2024-09-03 18:00:00,205,0,3
CALL0005216,+918991990514,+918935474246,2024-07-24 22:00:00,104,0,3
CALL0005217,+917135214868,+917602511720,2024-09-02 16:00:00,88,0,1
CALL0005218,+917662144087,+917301117467,2024-11-02 08:00:00,190,0,1
CALL0005219,+919177600847,+917258461081,2024-09-30 21:00:00,212,0,3
CALL0005220,+917373697530,+917384077099,2024-06-14 10:00:00,286,0,1
CALL0005221,+918474580909,+919942601200,2024-09-22 05:00:00,344,0,2
CALL0005222,+919418200134,+918277488275,2024-08-08 00:00:00,175,0,1
CALL0005223,+917386532853,+917724864651,2024-03-06 19:00:00,332,0,2
CALL0005224,+918132577341,+917103235302,2024-02-01 19:00:00,153,0,3
CALL0005225,+917568143504,+918922252833,2024-08-02 13:00:00,287,0,3
CALL0005226,+917387224994,+919400756599,2024-02-09 13:00:00,104,0,1
CALL0005227,+919955494522,+919381760480,2024-06-23 07:00:00,204,0,3
CALL0005228,+917492711016,+918227991245,2024-05-07 10:00:00,319,0,2
CALL0005229,+918835335646,+917323050164,2024-08-17 07:00:00,208,0,3
CALL0005230,+917379547237,+917099922676,2024-01-16 03:00:00,14,0,2
CALL0005231,+918300219587,+919896109964,2024-12-20 09:00:00,306,0,3
CALL0005232,+917027560364,+917816200289,2024-06-02 13:00:00,74,0,2
CALL0005233,+918393295253,+917916317179,2024-07-03 07:00:00,359,0,1
CALL0005234,+919615778959,+917469755522,2024-02-15 20:00:00,159,0,3
CALL0005235,+917784877166,+917559898984,2024-11-16 21:00:00,11,0,3
CALL0005236,+917385380459,+918141329092,2024-10-14 11:00:00,19,0,3
CALL0005237,+918991990514,+919256490930,2024-05-31 01:00:00,380,0,3
CALL0005238,+917281252691,+918521965287,2024-08-22 23:00:00,231,0,3
CALL0005239,+918917299850,+917608372421,2024-09-06 00:00:00,65,0,3
CALL0005240,+919177600847,+918084506176,2024-11-23 13:00:00,241,0,3
CALL0005241,+919942601200,+917137548263,2024-04-16 08:00:00,190,0,2
CALL0005242,+918927871793,+918387738611,2024-06-28 13:00:00,56,0,3
CALL0005243,+917669368276,+918717316750,2024-06-28 08:00:00,144,0,3
CALL0005244,+918655341260,+918345359500,2024-01-15 19:00:00,95,0,1
CALL0005245,+918532297071,+917742197428,2024-11-17 21:00:00,203,0,3
CALL0005246,+919352915703,+917106932756,2024-01-16 19:00:00,192,0,2
CALL0005247,+919133702594,+919363689871,2024-11-08 13:00:00,153,0,3
CALL0005248,+918299681784,+918841286305,2024-08-19 13:00:00,38,0,1
CALL0005249,+917381385977,+918551144918,2024-09-21 06:00:00,153,0,3
CALL0005250,+919632277227,+918838367647,2024-06-19 04:00:00,104,0,3
CALL0005251,+919488516285,+917608372421,2024-08-04 14:00:00,79,0,3
CALL0005252,+917807938042,+918265093996,2024-04-01 05:00:00,322,0,2
CALL0005253,+917555170329,+918733786264,2024-12-11 03:00:00,81,0,3
CALL0005254,+918896938438,+917093285450,2024-07-21 08:00:00,19,0,2
CALL0005255,+918638642053,+917339009628,2024-12-11 04:00:00,366,0,1
CALL0005256,+918269061602,+917806298324,2024-12-11 03:00:00,157,0,3
CALL0005257,+919744719600,+919168246506,2024-11-04 02:00:00,178,0,3
CALL0005258,+917023537128,+917428519447,2024-06-02 15:00:00,164,0,1
CALL0005259,+918003626534,+917653290380,2024-10-13 00:00:00,348,0,1
CALL0005260,+919639404165,+917856935319,2024-01-24 12:00:00,116,0,2
CALL0005261,+918566536779,+919147457134,2024-02-20 02:00:00,323,0,2
CALL0005262,+918551040717,+917704764050,2024-01-07 09:00:00,11,0,1
CALL0005263,+919400756599,+918687116294,2024-03-31 17:00:00,184,0,3
CALL0005264,+918260982459,+918676425208,2024-10-24 00:00:00,109,0,2
CALL0005265,+919615018376,+919691291790,2024-05-09 17:00:00,144,0,2
CALL0005266,+917036277166,+918955717655,2024-10-02 01:00:00,155,0,2
CALL0005267,+919573012536,+919909852777,2024-12-25 18:00:00,388,0,3
CALL0005268,+919884049458,+917776688815,2024-05-21 07:00:00,80,0,2
CALL0005269,+919154696022,+918505235523,2024-04-26 15:00:00,328,0,1
CALL0005270,+918935474246,+918702129742,2024-09-28 13:00:00,254,0,1
CALL0005271,+918343020583,+918936326003,2024-05-05 22:00:00,289,0,3
CALL0005272,+919062074877,+918260982459,2024-01-13 00:00:00,351,0,3
CALL0005273,+919625885312,+917288371658,2024-09-17 06:00:00,338,0,2
CALL0005274,+917872937918,+918616263752,2024-02-21 12:00:00,211,0,2
CALL0005275,+917699615167,+917504017228,2024-05-20 18:00:00,352,0,2
CALL0005276,+919177913336,+919556565597,2024-02-07 22:00:00,37,0,1
CALL0005277,+917384077099,+919620708136,2024-03-03 22:00:00,319,0,2
CALL0005278,+919878280142,+917806856561,2024-06-27 23:00:00,146,0,3
CALL0005279,+919913925438,+918914803524,2024-03-07 23:00:00,200,0,1
CALL0005280,+917747076388,+919533349799,2024-12-14 22:00:00,373,0,2
CALL0005281,+917505265727,+919300806132,2024-07-24 05:00:00,392,0,1
CALL0005282,+917865040899,+917509377409,2024-09-27 05:00:00,158,0,3
CALL0005283,+917919908192,+917092357358,2024-02-12 14:00:00,102,0,1
CALL0005284,+918715249722,+919203791419,2024-11-20 14:00:00,194,0,1
CALL0005285,+918481114841,+918017825047,2024-06-10 04:00:00,342,0,2
CALL0005286,+917224168658,+917118302366,2024-07-14 17:00:00,159,0,1
CALL0005287,+917310589399,+917858937230,2024-12-03 02:00:00,262,0,1
CALL0005288,+918305730830,+919936479343,2024-07-13 21:00:00,49,0,3
CALL0005289,+919787363358,+917758735063,2024-04-08 15:00:00,306,0,2
CALL0005290,+917161199402,+917116732917,2024-12-06 19:00:00,142,0,2
CALL0005291,+917626148452,+919487161643,2024-08-08 17:00:00,177,0,1
CALL0005292,+917826503417,+917870058392,2024-12-03 19:00:00,22,0,2
CALL0005293,+918149810918,+917953829913,2024-08-08 12:00:00,106,0,3
CALL0005294,+919835333333,+917386983660,2024-03-04 01:00:00,25,0,3
CALL0005295,+918985463586,+919152083196,2024-11-08 18:00:00,157,0,1
CALL0005296,+918664524105,+917060049423,2024-10-08 20:00:00,129,0,2
CALL0005297,+918090989292,+919725355753,2024-02-28 10:00:00,270,0,1
CALL0005298,+918386612504,+918967548495,2024-12-19 13:00:00,78,0,3
CALL0005299,+918923552120,+918999404344,2024-10-30 23:00:00,133,0,3
CALL0005300,+918757618089,+918426390503,2024-12-18 23:00:00,16,0,2
CALL0005301,+919318615913,+919700347548,2024-01-06 20:00:00,322,0,3
CALL0005302,+917580230447,+917959222939,2024-09-30 07:00:00,325,0,1
CALL0005303,+919403863867,+917604740465,2024-10-09 10:00:00,76,0,1
CALL0005304,+918698740182,+917085970362,2024-08-13 03:00:00,75,0,1
CALL0005305,+918144163134,+917628608928,2024-09-04 20:00:00,320,0,1
CALL0005306,+918926642740,+917322472349,2024-08-28 14:00:00,349,0,3
CALL0005307,+919744719600,+919683661777,2024-08-23 14:00:00,128,0,1
CALL0005308,+919360343087,+919182533560,2024-10-19 02:00:00,69,0,2
CALL0005309,+919780809157,+919928273137,2024-07-26 01:00:00,248,0,3
CALL0005310,+919013033704,+919199608288,2024-03-10 16:00:00,98,0,3
CALL0005311,+917469109870,+919645517037,2024-01-08 07:00:00,79,0,2
CALL0005312,+919573202774,+919065309007,2024-06-10 05:00:00,39,0,1
CALL0005313,+918220651115,+919777081500,2024-10-09 15:00:00,39,0,2
CALL0005314,+919168648210,+917064254926,2024-05-31 06:00:00,39,0,1
CALL0005315,+918049017268,+919219480210,2024-11-21 17:00:00,96,0,3
CALL0005316,+918329409918,+919486810853,2024-01-23 05:00:00,137,0,2
CALL0005317,+919954243502,+918046846457,2024-12-08 08:00:00,33,0,3
CALL0005318,+917371148513,+917317999092,2024-03-19 21:00:00,207,0,2
CALL0005319,+917818453480,+917887513807,2024-05-16 01:00:00,208,0,1
CALL0005320,+917276126130,+918729190906,2024-05-14 11:00:00,305,0,3
CALL0005321,+919314480282,+917861138302,2024-05-17 03:00:00,191,0,2
CALL0005322,+917301153830,+919129981964,2024-05-02 11:00:00,282,0,1
CALL0005323,+919212014793,+919890936026,2024-08-05 16:00:00,164,0,3
CALL0005324,+917317999092,+919221311303,2024-09-19 03:00:00,134,0,3
CALL0005325,+918977018447,+917507903267,2024-04-25 16:00:00,329,0,3
CALL0005326,+919911269469,+918151531827,2024-07-01 01:00:00,189,0,3
CALL0005327,+919985658287,+919461992679,2024-09-28 10:00:00,248,0,2
CALL0005328,+918227142684,+918733786264,2024-09-18 13:00:00,92,0,3
CALL0005329,+918257072259,+919488391853,2024-03-30 17:00:00,35,0,3
CALL0005330,+918965677041,+917342627762,2024-12-10 14:00:00,367,0,1
CALL0005331,+917213750572,+918566748581,2024-12-02 04:00:00,291,0,1
CALL0005332,+917137697067,+919736588886,2024-09-01 08:00:00,386,0,1
CALL0005333,+918045199109,+918042141885,2024-02-05 05:00:00,102,0,3
CALL0005334,+917678701723,+917856766421,2024-02-20 17:00:00,278,0,3
CALL0005335,+919201050822,+919756321602,2024-09-16 12:00:00,180,0,3
CALL0005336,+918171446167,+917237705861,2024-08-30 11:00:00,133,0,3
CALL0005337,+917341040475,+919518376274,2024-08-24 14:00:00,341,0,1
CALL0005338,+919988503714,+918190211846,2024-03-01 09:00:00,294,0,1
CALL0005339,+918193512240,+917223975681,2024-11-05 05:00:00,229,0,1
CALL0005340,+918538728636,+917085286025,2024-07-04 15:00:00,62,0,1
CALL0005341,+919400756599,+919695832159,2024-08-16 03:00:00,40,0,1
CALL0005342,+919962514927,+918495412576,2024-10-03 02:00:00,66,0,3
CALL0005343,+917867657141,+918481140641,2024-04-14 18:00:00,87,0,3
CALL0005344,+919466343231,+917125915878,2024-03-13 12:00:00,174,0,1
CALL0005345,+917832568843,+918305922679,2024-05-07 14:00:00,395,0,2
CALL0005346,+918690272481,+918561573680,2024-08-05 05:00:00,201,0,3
CALL0005347,+918612071565,+918146418439,2024-08-23 01:00:00,270,0,1
CALL0005348,+918003066549,+917956686917,2024-01-01 20:00:00,160,0,2
CALL0005349,+919463635287,+919055166882,2024-03-02 03:00:00,335,0,1
CALL0005350,+917777299022,+918185278336,2024-11-24 15:00:00,399,0,3
CALL0005351,+919203209117,+919417496523,2024-02-03 12:00:00,25,0,3
CALL0005352,+918361761634,+919798332796,2024-05-29 05:00:00,389,0,3
CALL0005353,+917660393831,+919711008652,2024-04-12 22:00:00,253,0,1
CALL0005354,+918224825116,+918224945088,2024-10-15 04:00:00,106,0,2
CALL0005355,+919932009493,+918875711212,2024-08-14 09:00:00,400,0,2
CALL0005356,+919038872431,+918508841480,2024-04-10 12:00:00,126,0,2
CALL0005357,+919179871262,+918724204062,2024-12-29 06:00:00,136,0,3
CALL0005358,+917804479213,+919099754332,2024-08-12 06:00:00,13,0,1
CALL0005359,+918302903318,+917806298324,2024-08-10 22:00:00,173,0,2
CALL0005360,+917617418507,+917789604308,2024-05-02 10:00:00,237,0,1
CALL0005361,+919847548812,+919974546940,2024-11-21 22:00:00,387,0,2
CALL0005362,+918216489559,+918229200626,2024-10-25 08:00:00,23,0,3
CALL0005363,+919633795198,+919674922657,2024-10-05 01:00:00,90,0,3
CALL0005364,+917728812234,+918339736928,2024-02-02 17:00:00,369,0,1
CALL0005365,+917672273244,+919696704364,2024-07-26 21:00:00,280,0,3
CALL0005366,+919527812388,+917784877166,2024-05-19 08:00:00,254,0,3
CALL0005367,+918870412461,+918574703267,2024-09-13 08:00:00,52,0,2
CALL0005368,+919488516285,+918340544516,2024-06-09 15:00:00,267,0,3
CALL0005369,+917371620980,+919585754380,2024-05-03 00:00:00,360,0,2
CALL0005370,+919010559688,+919152801931,2024-09-30 23:00:00,395,0,3
CALL0005371,+917784106590,+917165194128,2024-12-20 04:00:00,163,0,2
CALL0005372,+917151685013,+918809596262,2024-06-03 06:00:00,22,0,1
CALL0005373,+917641353044,+919692587452,2024-05-06 16:00:00,97,0,1
CALL0005374,+918936326003,+917604740465,2024-04-06 00:00:00,171,0,1
CALL0005375,+917037509235,+917517035136,2024-11-09 00:00:00,388,0,1
CALL0005376,+918500228652,+919812132471,2024-03-04 16:00:00,348,0,1
CALL0005377,+918027165838,+917919908192,2024-07-17 16:00:00,104,0,1
CALL0005378,+917286093618,+918045199109,2024-06-01 17:00:00,65,0,1
CALL0005379,+919221469320,+919395728640,2024-10-11 09:00:00,363,0,2
CALL0005380,+918388665954,+918183294846,2024-04-21 00:00:00,207,0,2
CALL0005381,+919985897280,+918357257635,2024-11-22 08:00:00,40,0,3
CALL0005382,+917724320527,+919534632096,2024-07-30 06:00:00,395,0,1
CALL0005383,+919418200134,+919612166877,2024-09-15 20:00:00,182,0,1
CALL0005384,+918434904147,+919612166877,2024-04-16 16:00:00,349,0,2
CALL0005385,+919924213347,+919160640772,2024-03-05 23:00:00,69,0,3
CALL0005386,+918647504319,+917418834391,2024-06-07 02:00:00,259,0,3
CALL0005387,+918848738285,+918919817702,2024-12-25 01:00:00,196,0,1
CALL0005388,+918192541353,+918223334138,2024-07-16 18:00:00,212,0,1
CALL0005389,+918146418439,+918400307759,2024-12-12 12:00:00,397,0,3
CALL0005390,+917628608928,+918434904147,2024-11-29 21:00:00,67,0,2
CALL0005391,+919751787759,+919526161894,2024-08-28 21:00:00,328,0,2
CALL0005392,+917806856561,+918983639944,2024-03-19 14:00:00,54,0,1
CALL0005393,+919395529558,+919931185368,2024-11-24 21:00:00,44,0,1
CALL0005394,+918700347193,+917637592770,2024-11-09 05:00:00,350,0,3
CALL0005395,+918326594203,+919875510245,2024-11-24 03:00:00,248,0,3
CALL0005396,+917812655430,+919204943484,2024-12-24 13:00:00,187,0,1
CALL0005397,+917431318752,+918105657328,2024-08-21 21:00:00,137,0,2
CALL0005398,+917134465398,+917087471019,2024-09-27 22:00:00,278,0,3
CALL0005399,+917068166918,+919333567661,2024-04-07 14:00:00,207,0,3
CALL0005400,+918794335148,+918171446167,2024-11-01 16:00:00,363,0,2
CALL0005401,+918160195160,+918837592737,2024-01-12 23:00:00,188,0,2
CALL0005402,+919958386134,+918488996388,2024-01-10 03:00:00,312,0,2
CALL0005403,+919928921904,+917435952956,2024-04-16 09:00:00,134,0,2
CALL0005404,+917342627762,+919704574916,2024-03-22 00:00:00,37,0,3
CALL0005405,+919808383675,+918736608126,2024-08-19 22:00:00,150,0,2
CALL0005406,+918987928210,+917204927991,2024-07-19 19:00:00,190,0,3
CALL0005407,+918796525204,+919395598158,2024-04-27 13:00:00,283,0,2
CALL0005408,+917405031666,+917684106557,2024-11-04 23:00:00,136,0,3
CALL0005409,+917481814166,+917084319450,2024-11-25 13:00:00,299,0,1
CALL0005410,+919764628821,+918857059606,2024-08-27 12:00:00,190,0,3
CALL0005411,+917833150440,+919262383961,2024-08-10 16:00:00,338,0,3
CALL0005412,+918439688474,+919406899624,2024-07-17 07:00:00,225,0,2
CALL0005413,+919213186916,+917313166069,2024-02-07 10:00:00,284,0,1
CALL0005414,+917003794208,+919616320830,2024-10-17 14:00:00,230,0,1
CALL0005415,+917345497247,+919280359296,2024-05-20 03:00:00,82,0,3
CALL0005416,+918914457419,+918376050370,2024-10-14 16:00:00,161,0,1
CALL0005417,+917785332384,+918936326003,2024-11-15 07:00:00,294,0,3
CALL0005418,+919335831787,+917861138302,2024-06-13 10:00:00,121,0,2
CALL0005419,+917884733923,+917868870387,2024-07-17 20:00:00,116,0,2
CALL0005420,+917089533764,+917495925942,2024-08-04 05:00:00,219,0,2
CALL0005421,+918687801264,+919319462819,2024-09-04 15:00:00,264,0,3
CALL0005422,+919263690211,+917005045126,2024-03-12 01:00:00,82,0,1
CALL0005423,+918174697520,+919490331185,2024-03-10 05:00:00,51,0,2
CALL0005424,+919884049458,+917926089872,2024-06-29 17:00:00,350,0,3
CALL0005425,+918783448399,+918650040460,2024-08-05 15:00:00,79,0,2
CALL0005426,+919912903878,+918974088573,2024-06-18 17:00:00,162,0,1
CALL0005427,+919073189424,+917705487456,2024-11-01 13:00:00,116,0,1
CALL0005428,+917519062435,+917575224270,2024-07-31 16:00:00,58,0,2
CALL0005429,+919119303263,+917197221718,2024-05-14 02:00:00,229,0,1
CALL0005430,+917806856561,+917789604308,2024-02-18 09:00:00,125,0,2
CALL0005431,+917784106590,+919847317104,2024-04-02 23:00:00,319,0,2
CALL0005432,+919538348672,+918046935393,2024-01-21 09:00:00,84,0,2
CALL0005433,+917085286025,+919816131532,2024-08-16 23:00:00,361,0,2
CALL0005434,+919422687753,+919466007364,2024-05-24 05:00:00,301,0,3
CALL0005435,+918766418528,+918746523435,2024-09-10 05:00:00,321,0,1
CALL0005436,+917371620980,+918934393295,2024-11-20 16:00:00,93,0,2
CALL0005437,+918286649770,+917632071898,2024-03-18 16:00:00,132,0,1
CALL0005438,+918750232761,+917637592770,2024-10-29 16:00:00,201,0,2
CALL0005439,+919835417213,+917663914405,2024-01-10 23:00:00,348,0,1
CALL0005440,+918411912915,+918297903887,2024-10-15 14:00:00,369,0,3
CALL0005441,+917602511720,+918083129918,2024-09-24 20:00:00,35,0,3
CALL0005442,+917316312658,+919726277579,2024-06-01 10:00:00,275,0,1
CALL0005443,+918890119903,+919845215049,2024-08-20 08:00:00,255,0,2
CALL0005444,+919532710888,+917959613494,2024-10-27 03:00:00,220,0,1
CALL0005445,+917258166131,+918953021725,2024-12-21 14:00:00,81,0,1
CALL0005446,+919725605792,+917197627375,2024-01-02 16:00:00,208,0,1
CALL0005447,+917617418507,+918297844106,2024-06-02 12:00:00,299,0,2
CALL0005448,+917290991551,+919024117837,2024-01-28 08:00:00,161,0,2
CALL0005449,+918060998960,+918706373251,2024-02-02 07:00:00,29,0,1
CALL0005450,+918449999330,+919972016795,2024-06-14 05:00:00,271,0,2
CALL0005451,+918264798677,+919350136533,2024-11-04 09:00:00,278,0,3
CALL0005452,+918937983489,+917338444340,2024-03-05 16:00:00,125,0,1
CALL0005453,+917830247811,+917575224270,2024-09-05 19:00:00,114,0,2
CALL0005454,+917366903119,+918193461406,2024-06-19 11:00:00,157,0,1
CALL0005455,+919929191969,+917795111948,2024-11-23 02:00:00,356,0,1
CALL0005456,+917961179612,+917941313213,2024-12-07 05:00:00,94,0,2
CALL0005457,+917557849616,+919433552498,2024-04-13 06:00:00,343,0,2
CALL0005458,+919123064263,+917662144087,2024-11-16 18:00:00,212,0,2
CALL0005459,+918270296369,+919605559451,2024-05-20 18:00:00,384,0,1
CALL0005460,+919134141876,+917482142641,2024-05-25 11:00:00,77,0,1
CALL0005461,+917201361667,+918614157011,2024-11-05 16:00:00,251,0,2
CALL0005462,+918174697520,+918125667119,2024-06-05 09:00:00,114,0,2
CALL0005463,+917782287037,+919522065948,2024-08-29 23:00:00,272,0,1
CALL0005464,+917331607716,+919281111605,2024-06-30 19:00:00,129,0,1
CALL0005465,+919109594244,+917519787028,2024-01-03 08:00:00,242,0,3
CALL0005466,+917469783797,+918962954687,2024-12-03 18:00:00,95,0,3
CALL0005467,+918752778614,+917526779116,2024-05-05 09:00:00,184,0,1
CALL0005468,+919963305750,+917951915857,2024-04-01 20:00:00,395,0,2
CALL0005469,+919143186458,+917865708455,2024-03-14 05:00:00,323,0,1
CALL0005470,+919895943161,+918001974631,2024-02-02 05:00:00,286,0,2
CALL0005471,+919955494522,+919682075928,2024-07-13 01:00:00,158,0,2
CALL0005472,+919628180939,+919058412739,2024-03-14 22:00:00,156,0,2
CALL0005473,+918980009139,+918393797729,2024-07-10 08:00:00,168,0,3
CALL0005474,+919356061550,+917215143730,2024-02-14 13:00:00,42,0,1
CALL0005475,+917684403984,+918703984375,2024-05-02 13:00:00,393,0,2
CALL0005476,+918499115240,+917317999092,2024-12-01 01:00:00,353,0,1
CALL0005477,+918433474717,+917458165381,2024-10-10 10:00:00,162,0,2
CALL0005478,+918414499768,+917744283605,2024-12-05 23:00:00,149,0,1
CALL0005479,+918347531440,+919733721524,2024-11-01 01:00:00,107,0,3
CALL0005480,+917832418902,+917702287751,2024-04-06 07:00:00,391,0,2
CALL0005481,+919697050074,+917014589617,2024-05-21 12:00:00,229,0,1
CALL0005482,+918193461406,+917978434494,2024-03-30 11:00:00,325,0,3
CALL0005483,+917729285089,+917713049549,2024-06-04 06:00:00,206,0,1
CALL0005484,+919263690211,+917718912953,2024-06-06 02:00:00,24,0,3
CALL0005485,+917394263454,+919780809157,2024-02-19 05:00:00,20,0,1
CALL0005486,+918632092899,+917401377951,2024-11-18 14:00:00,161,0,1
CALL0005487,+919602471790,+919274255905,2024-11-21 03:00:00,183,0,3
CALL0005488,+917648020148,+917678237928,2024-06-09 07:00:00,291,0,3
CALL0005489,+918265093996,+918508841480,2024-02-04 20:00:00,244,0,2
CALL0005490,+918890527936,+917828841863,2024-10-29 00:00:00,119,0,1
CALL0005491,+919245611614,+917600334097,2024-04-26 20:00:00,157,0,3
CALL0005492,+917064001479,+919003399207,2024-04-12 07:00:00,338,0,2
CALL0005493,+919736588886,+917243444028,2024-07-17 14:00:00,337,0,2
CALL0005494,+917141389755,+919106597781,2024-08-31 06:00:00,175,0,1
CALL0005495,+919692805098,+918736440699,2024-11-16 19:00:00,226,0,3
CALL0005496,+919705882897,+918262313517,2024-03-03 14:00:00,159,0,2
CALL0005497,+917255979653,+919064272007,2024-12-27 11:00:00,229,0,2
CALL0005498,+917593858817,+919827917808,2024-12-22 11:00:00,166,0,2
CALL0005499,+917107434698,+917519062435,2024-12-02 03:00:00,363,0,3
CALL0005500,+919091911795,+917327724347,2024-02-16 16:00:00,382,0,2
CALL0005501,+919589490394,+917527987623,2024-10-29 14:00:00,249,0,2
CALL0005502,+918025292022,+917418834391,2024-03-01 23:00:00,372,0,1
CALL0005503,+918573927315,+918429201311,2024-04-10 21:00:00,151,0,3
CALL0005504,+918560457268,+919585754380,2024-10-13 04:00:00,148,0,2
CALL0005505,+917111893352,+917312144246,2024-04-22 21:00:00,137,0,3
CALL0005506,+917530275761,+918164846125,2024-06-07 10:00:00,212,0,2
CALL0005507,+917371148513,+918339736928,2024-12-21 00:00:00,191,0,3
CALL0005508,+919150792594,+917114615544,2024-04-22 09:00:00,287,0,2
CALL0005509,+917683113737,+919645334412,2024-03-08 10:00:00,139,0,1
CALL0005510,+919247971071,+919156996349,2024-12-14 02:00:00,73,0,1
CALL0005511,+917837888939,+917171636081,2024-03-21 13:00:00,150,0,3
CALL0005512,+917558859560,+918903150664,2024-10-12 01:00:00,303,0,2
CALL0005513,+917480313586,+918560457268,2024-02-18 02:00:00,389,0,2
CALL0005514,+917103235302,+918461566398,2024-02-18 09:00:00,188,0,1
CALL0005515,+919296910342,+918179505166,2024-01-07 06:00:00,60,0,1
CALL0005516,+919073659196,+917592906846,2024-12-10 00:00:00,218,0,3
CALL0005517,+917743508917,+919870848053,2024-09-21 16:00:00,360,0,1
CALL0005518,+919056477120,+919635210993,2024-09-19 03:00:00,56,0,3
CALL0005519,+919139772162,+917203946060,2024-10-16 06:00:00,140,0,2
CALL0005520,+919313926949,+917306140398,2024-05-05 10:00:00,206,0,3
CALL0005521,+919154360994,+918666218038,2024-11-27 16:00:00,234,0,3
CALL0005522,+919893301214,+919797914625,2024-12-25 21:00:00,69,0,1
CALL0005523,+917833845812,+917267302188,2024-07-21 17:00:00,77,0,1
CALL0005524,+918484045959,+918986714029,2024-09-25 11:00:00,53,0,1
CALL0005525,+917333791889,+918006002379,2024-06-01 21:00:00,89,0,1
CALL0005526,+918796678209,+919116894616,2024-07-14 05:00:00,168,0,1
CALL0005527,+919179871262,+919522792468,2024-09-07 06:00:00,182,0,1
CALL0005528,+919748144476,+918926642740,2024-02-16 19:00:00,191,0,2
CALL0005529,+918966796805,+919262383961,2024-03-14 06:00:00,99,0,1
CALL0005530,+917191957977,+919953030804,2024-03-01 10:00:00,29,0,1
CALL0005531,+918416261435,+919627867437,2024-09-06 11:00:00,131,0,1
CALL0005532,+917084319450,+919476385041,2024-12-04 11:00:00,151,0,1
CALL0005533,+918105657328,+917784106590,2024-12-03 15:00:00,88,0,1
CALL0005534,+917653906586,+918720720129,2024-05-15 03:00:00,337,0,1
CALL0005535,+917628225003,+917948169822,2024-01-27 20:00:00,124,0,2
CALL0005536,+918987928210,+917333791889,2024-11-18 04:00:00,171,0,3
CALL0005537,+918300231083,+918736608126,2024-02-12 02:00:00,48,0,3
CALL0005538,+917165194128,+918920911580,2024-10-03 22:00:00,219,0,1
CALL0005539,+917505265727,+918426952486,2024-06-08 22:00:00,95,0,1
CALL0005540,+917744283605,+918498045861,2024-06-30 13:00:00,382,0,3
CALL0005541,+917887272176,+918021056171,2024-07-11 10:00:00,46,0,3
CALL0005542,+919220287665,+917122540546,2024-08-04 03:00:00,388,0,1
CALL0005543,+919601227250,+918435741336,2024-10-27 22:00:00,82,0,3
CALL0005544,+919307620162,+918600103236,2024-07-21 06:00:00,120,0,3
CALL0005545,+918701510096,+918772478984,2024-10-22 21:00:00,379,0,1
CALL0005546,+917943874887,+918992711131,2024-08-10 13:00:00,217,0,1
CALL0005547,+917495082507,+919592793807,2024-09-01 01:00:00,47,0,2
CALL0005548,+919118576763,+919622271675,2024-07-06 21:00:00,109,0,1
CALL0005549,+917796949552,+919501533651,2024-05-03 19:00:00,140,0,2
CALL0005550,+918178943506,+918664524105,2024-01-12 23:00:00,77,0,3
CALL0005551,+917914561575,+919568591577,2024-04-02 05:00:00,273,0,2
CALL0005552,+917889763398,+918278316012,2024-05-11 17:00:00,291,0,3
CALL0005553,+917196416882,+918482153830,2024-12-08 18:00:00,42,0,2
CALL0005554,+917833150440,+919027639473,2024-06-12 04:00:00,193,0,1
CALL0005555,+917163031295,+917313285781,2024-12-23 07:00:00,80,0,1
CALL0005556,+919781805474,+918670012123,2024-03-08 03:00:00,132,0,1
CALL0005557,+917718470222,+918529469057,2024-09-25 00:00:00,348,0,2
CALL0005558,+918711195060,+919318615913,2024-08-09 07:00:00,10,0,3
CALL0005559,+919552020125,+918928517156,2024-02-14 00:00:00,182,0,2
CALL0005560,+917891525643,+919277217660,2024-12-25 14:00:00,35,0,1
CALL0005561,+919727630268,+919153984761,2024-02-29 16:00:00,258,0,2
CALL0005562,+919125790201,+918984556930,2024-10-04 14:00:00,141,0,3
CALL0005563,+917371148513,+919673510591,2024-07-03 13:00:00,22,0,2
CALL0005564,+918184682784,+917713049549,2024-08-23 04:00:00,87,0,2
CALL0005565,+917519572107,+919038872431,2024-02-11 13:00:00,72,0,2
CALL0005566,+917005045126,+919792021425,2024-08-03 13:00:00,126,0,2
CALL0005567,+919989761860,+919943943873,2024-04-03 19:00:00,16,0,1
CALL0005568,+919513516940,+919845961380,2024-07-17 02:00:00,395,0,2
CALL0005569,+917599056676,+917542162245,2024-02-04 03:00:00,196,0,3
CALL0005570,+919848122407,+918177437199,2024-07-24 00:00:00,177,0,1
CALL0005571,+918244065667,+917580230447,2024-08-13 12:00:00,263,0,1
CALL0005572,+919362651081,+918674823413,2024-05-05 05:00:00,93,0,2
CALL0005573,+918545254283,+917507442136,2024-04-19 09:00:00,63,0,1
CALL0005574,+918561573680,+917437217862,2024-07-14 12:00:00,150,0,2
CALL0005575,+919862933371,+917327724347,2024-02-16 05:00:00,340,0,1
CALL0005576,+919464702876,+918430881585,2024-06-02 10:00:00,19,0,3
CALL0005577,+917112345345,+917695614642,2024-02-12 11:00:00,85,0,3
CALL0005578,+918407043784,+918943774402,2024-03-21 09:00:00,391,0,1
CALL0005579,+917163031295,+918800465899,2024-09-13 05:00:00,77,0,1
CALL0005580,+918319761782,+919942601200,2024-11-27 02:00:00,59,0,1
CALL0005581,+919067313473,+917151685013,2024-12-27 23:00:00,397,0,3
CALL0005582,+918418990956,+919601227250,2024-01-21 20:00:00,337,0,1
CALL0005583,+918776239217,+917827726142,2024-06-19 19:00:00,386,0,2
CALL0005584,+917659391952,+919096295384,2024-07-21 20:00:00,170,0,2
CALL0005585,+917140421992,+917653672025,2024-06-20 18:00:00,197,0,1
CALL0005586,+917377922537,+918177387681,2024-09-09 23:00:00,320,0,1
CALL0005587,+917744283605,+919253630209,2024-06-09 19:00:00,125,0,2
CALL0005588,+917884636688,+919897834780,2024-12-02 15:00:00,318,0,3
CALL0005589,+917290254324,+917505265727,2024-01-19 06:00:00,221,0,1
CALL0005590,+919327110972,+917342627762,2024-07-03 22:00:00,301,0,3
CALL0005591,+919736917574,+918857059606,2024-12-01 09:00:00,184,0,3
CALL0005592,+917403479179,+919473324554,2024-06-10 20:00:00,113,0,1
CALL0005593,+918660844595,+917952434250,2024-07-12 10:00:00,233,0,1
CALL0005594,+919088561810,+917334504537,2024-04-09 00:00:00,397,0,1
CALL0005595,+917226182940,+919491772820,2024-09-20 04:00:00,31,0,2
CALL0005596,+918565185585,+917884636688,2024-10-16 08:00:00,159,0,1
CALL0005597,+918658975828,+917444376729,2024-05-04 01:00:00,261,0,1
CALL0005598,+919271402917,+919667054214,2024-06-11 07:00:00,266,0,3
CALL0005599,+918869112690,+917715366976,2024-08-24 09:00:00,49,0,3
CALL0005600,+919615778959,+917467561252,2024-10-11 21:00:00,54,0,3
CALL0005601,+917171636081,+918678744236,2024-03-03 05:00:00,305,0,2
CALL0005602,+919519798742,+917743754699,2024-08-30 02:00:00,375,0,1
CALL0005603,+918843741764,+917398496983,2024-09-12 13:00:00,218,0,3
CALL0005604,+917839559974,+918974088573,2024-05-03 13:00:00,124,0,2
CALL0005605,+918174697520,+918093716706,2024-03-08 11:00:00,24,0,3
CALL0005606,+919592793807,+917468120599,2024-07-14 17:00:00,11,0,1
CALL0005607,+919638171573,+919192432089,2024-04-03 12:00:00,97,0,1
CALL0005608,+918351585573,+917593459607,2024-08-24 03:00:00,280,0,1
CALL0005609,+919175803332,+918151531827,2024-09-18 05:00:00,339,0,3
CALL0005610,+917103235302,+918848738285,2024-03-29 03:00:00,352,0,1
CALL0005611,+918825815292,+919347900409,2024-10-07 06:00:00,276,0,3
CALL0005612,+917060026736,+917978390709,2024-11-25 04:00:00,73,0,1
CALL0005613,+918857703808,+917612615236,2024-04-13 19:00:00,162,0,2
CALL0005614,+919250503596,+918498045861,2024-10-10 22:00:00,108,0,1
CALL0005615,+919696704364,+918623219916,2024-01-21 00:00:00,85,0,2
CALL0005616,+919674416122,+919379535581,2024-11-14 21:00:00,392,0,1
CALL0005617,+917817130515,+918176411041,2024-07-20 10:00:00,151,0,2
CALL0005618,+918246875246,+917589844309,2024-06-22 23:00:00,335,0,2
CALL0005619,+918933459277,+917105154802,2024-05-06 19:00:00,19,0,1
CALL0005620,+917803860564,+917740445046,2024-08-09 08:00:00,16,0,2
CALL0005621,+918598684591,+918784201864,2024-08-25 16:00:00,234,0,2
CALL0005622,+918414499768,+917750505276,2024-05-07 18:00:00,96,0,3
CALL0005623,+919517908889,+917988893768,2024-01-23 21:00:00,373,0,1
CALL0005624,+918360887094,+919263971608,2024-03-17 01:00:00,283,0,3
CALL0005625,+919807928857,+918334577945,2024-06-02 09:00:00,366,0,1
CALL0005626,+919393465231,+918006002379,2024-02-25 11:00:00,141,0,3
CALL0005627,+918248926942,+917524779317,2024-10-02 05:00:00,198,0,2
CALL0005628,+917504017228,+918216198913,2024-04-03 15:00:00,332,0,1
CALL0005629,+917327724347,+919484908365,2024-03-29 00:00:00,246,0,2
CALL0005630,+918724600424,+918484045959,2024-09-10 02:00:00,315,0,1
CALL0005631,+917509377409,+918322785764,2024-09-19 00:00:00,188,0,1
CALL0005632,+919341233511,+919628331788,2024-05-07 10:00:00,222,0,2
CALL0005633,+917962052682,+919985897280,2024-04-18 10:00:00,86,0,1
CALL0005634,+918919817702,+918104598583,2024-09-11 20:00:00,57,0,1
CALL0005635,+917686774953,+918109743261,2024-06-09 12:00:00,163,0,1
CALL0005636,+917483341675,+918306079872,2024-07-14 09:00:00,242,0,2
CALL0005637,+918340544516,+917971090562,2024-08-17 02:00:00,239,0,2
CALL0005638,+918710224509,+918085239224,2024-02-08 04:00:00,220,0,2
CALL0005639,+919865029131,+919565259704,2024-07-28 04:00:00,350,0,1
CALL0005640,+917824682016,+918916560896,2024-07-11 09:00:00,74,0,3
CALL0005641,+919642598739,+917526779116,2024-03-12 02:00:00,107,0,1
CALL0005642,+919691291790,+918681988890,2024-12-14 02:00:00,239,0,2
CALL0005643,+917407248938,+919666114780,2024-04-15 02:00:00,135,0,3
CALL0005644,+918627883139,+917789629835,2024-10-07 05:00:00,293,0,1
CALL0005645,+919565259704,+919666114780,2024-02-05 22:00:00,152,0,2
CALL0005646,+919881463078,+918084506176,2024-12-04 03:00:00,12,0,2
CALL0005647,+918622061275,+917838081021,2024-04-11 12:00:00,220,0,2
CALL0005648,+917634934834,+917154538498,2024-12-22 08:00:00,378,0,1
CALL0005649,+918650655442,+919611748622,2024-11-13 05:00:00,57,0,2
CALL0005650,+917444376729,+918381318300,2024-04-14 14:00:00,342,0,3
CALL0005651,+917952434250,+918021056171,2024-12-12 02:00:00,14,0,2
CALL0005652,+918079621608,+919941833557,2024-05-10 03:00:00,269,0,1
CALL0005653,+917812067518,+919571114180,2024-01-02 12:00:00,207,0,2
CALL0005654,+919531741517,+919264454361,2024-04-29 22:00:00,33,0,2
CALL0005655,+917653672025,+919059681370,2024-06-17 11:00:00,333,0,1
CALL0005656,+917029251922,+919192295021,2024-02-05 00:00:00,40,0,1
CALL0005657,+917962052682,+919963305750,2024-12-01 21:00:00,291,0,2
CALL0005658,+919324609571,+919126637807,2024-08-24 02:00:00,71,0,3
CALL0005659,+919788177940,+918916560896,2024-08-05 22:00:00,344,0,3
CALL0005660,+917585029871,+917051771929,2024-03-05 15:00:00,244,0,3
CALL0005661,+919092069083,+918178943506,2024-05-21 15:00:00,263,0,3
CALL0005662,+917476234239,+917978881320,2024-11-03 18:00:00,35,0,2
CALL0005663,+919881696196,+917874195429,2024-08-17 06:00:00,132,0,1
CALL0005664,+917544838974,+918375344121,2024-11-12 23:00:00,256,0,1
CALL0005665,+917638866479,+917331607716,2024-08-14 20:00:00,51,0,1
CALL0005666,+919744359936,+917411175459,2024-06-30 12:00:00,187,0,3
CALL0005667,+917318255483,+918692543103,2024-02-28 19:00:00,300,0,3
CALL0005668,+919256106593,+918703984375,2024-05-16 14:00:00,72,0,2
CALL0005669,+918752778614,+919330790843,2024-06-19 14:00:00,175,0,3
CALL0005670,+919592028900,+918896537557,2024-12-23 01:00:00,130,0,3
CALL0005671,+918448669042,+917668567963,2024-11-16 15:00:00,149,0,1
CALL0005672,+919276399620,+919110095466,2024-07-09 11:00:00,45,0,2
CALL0005673,+917399930661,+919432051115,2024-03-30 06:00:00,353,0,2
CALL0005674,+917519787028,+919085933219,2024-05-27 18:00:00,143,0,2
CALL0005675,+918177437199,+919592028900,2024-04-28 11:00:00,269,0,1
CALL0005676,+918890374019,+918623870284,2024-12-04 10:00:00,211,0,1
CALL0005677,+918999842897,+917941461821,2024-10-12 09:00:00,136,0,3
CALL0005678,+917099435257,+919192432089,2024-01-13 00:00:00,107,0,2
CALL0005679,+918346380316,+917163480810,2024-01-29 00:00:00,51,0,1
CALL0005680,+918088674318,+918685424164,2024-10-13 12:00:00,321,0,1
CALL0005681,+918901969306,+919220745891,2024-04-27 09:00:00,180,0,3
CALL0005682,+918870412461,+919526161894,2024-03-27 10:00:00,34,0,3
CALL0005683,+919259223479,+919808518220,2024-09-29 01:00:00,357,0,2
CALL0005684,+919152345358,+917603753540,2024-11-17 14:00:00,315,0,3
CALL0005685,+918860090864,+919847317104,2024-11-29 02:00:00,346,0,2
CALL0005686,+918381061499,+917050868978,2024-12-11 20:00:00,135,0,1
CALL0005687,+919113560985,+918709459994,2024-10-01 06:00:00,248,0,2
CALL0005688,+918270296369,+918203233858,2024-01-19 01:00:00,72,0,2
CALL0005689,+917978434494,+919067313473,2024-12-23 21:00:00,193,0,2
CALL0005690,+918193512240,+918835335646,2024-03-27 03:00:00,266,0,3
CALL0005691,+919101320751,+917345497247,2024-02-21 14:00:00,155,0,2
CALL0005692,+919941833557,+919952773540,2024-04-03 21:00:00,334,0,3
CALL0005693,+917890590504,+918674823413,2024-12-15 10:00:00,184,0,2
CALL0005694,+919106597781,+918844212711,2024-09-15 15:00:00,250,0,3
CALL0005695,+919152345358,+919875235488,2024-12-03 20:00:00,136,0,3
CALL0005696,+917956686917,+918817786443,2024-10-09 04:00:00,238,0,2
CALL0005697,+917774565491,+917060026736,2024-11-26 04:00:00,283,0,2
CALL0005698,+917774197649,+919099446917,2024-02-21 06:00:00,39,0,1
CALL0005699,+917301153830,+919039839872,2024-07-13 06:00:00,208,0,1
CALL0005700,+917878753596,+919116894616,2024-02-16 11:00:00,49,0,3
CALL0005701,+918310554454,+917308420299,2024-09-17 15:00:00,287,0,2
CALL0005702,+918758603669,+917116732917,2024-02-08 08:00:00,320,0,2
CALL0005703,+919240697517,+917475381531,2024-04-16 00:00:00,267,0,2
CALL0005704,+917493335101,+919085457189,2024-08-01 16:00:00,352,0,2
CALL0005705,+917526779116,+919136831682,2024-01-28 17:00:00,156,0,3
CALL0005706,+918416261435,+918674823413,2024-07-19 15:00:00,389,0,2
CALL0005707,+919406899624,+917447344032,2024-07-20 06:00:00,316,0,3
CALL0005708,+917339009628,+918778459710,2024-09-30 04:00:00,340,0,3
CALL0005709,+919639289714,+917476234239,2024-09-28 07:00:00,288,0,3
CALL0005710,+917820467588,+917524779317,2024-01-20 23:00:00,56,0,3
CALL0005711,+917838081021,+917742197428,2024-12-05 12:00:00,283,0,2
CALL0005712,+918045406339,+917662524719,2024-11-16 11:00:00,10,0,2
CALL0005713,+918640888425,+919885661728,2024-08-11 20:00:00,358,0,2
CALL0005714,+919154360994,+918609746042,2024-01-26 06:00:00,30,0,2
CALL0005715,+917685175287,+917245294583,2024-02-14 21:00:00,189,0,3
CALL0005716,+918848738285,+918157797343,2024-04-12 17:00:00,120,0,3
CALL0005717,+919850994836,+919342697072,2024-06-03 01:00:00,391,0,1
CALL0005718,+917562074353,+918947683604,2024-10-11 01:00:00,28,0,1
CALL0005719,+918928517156,+918541641268,2024-08-20 05:00:00,211,0,2
CALL0005720,+917593459607,+918106389133,2024-03-15 21:00:00,104,0,3
CALL0005721,+918690272481,+917307148206,2024-06-15 06:00:00,50,0,3
CALL0005722,+918302903318,+917786876399,2024-06-05 00:00:00,68,0,1
CALL0005723,+917475194491,+919115036867,2024-03-05 06:00:00,82,0,1
CALL0005724,+918412906505,+919896173413,2024-03-18 15:00:00,291,0,3
CALL0005725,+918501908414,+918843741764,2024-04-08 15:00:00,194,0,2
CALL0005726,+917268353094,+918855613131,2024-07-09 02:00:00,191,0,2
CALL0005727,+918754322050,+918927829226,2024-08-07 04:00:00,272,0,1
CALL0005728,+919260285435,+918699338053,2024-07-08 05:00:00,98,0,3
CALL0005729,+917827135927,+919928273137,2024-09-30 11:00:00,70,0,2
CALL0005730,+918466565966,+918792578434,2024-02-24 17:00:00,149,0,1
CALL0005731,+919461498904,+918750777425,2024-09-04 23:00:00,90,0,3
CALL0005732,+917186896229,+918807733885,2024-05-28 22:00:00,64,0,3
CALL0005733,+919939863752,+917881531382,2024-06-24 12:00:00,337,0,2
CALL0005734,+919087303972,+918636790925,2024-07-08 04:00:00,332,0,3
CALL0005735,+919716110777,+917220132191,2024-04-20 03:00:00,247,0,2
CALL0005736,+919272704669,+918109743261,2024-03-30 18:00:00,386,0,1
CALL0005737,+919928273137,+919835333333,2024-06-24 07:00:00,329,0,1
CALL0005738,+918413459484,+917682279513,2024-01-07 00:00:00,323,0,3
CALL0005739,+918622061275,+917000649791,2024-11-23 17:00:00,242,0,3
CALL0005740,+917890863384,+918309589783,2024-03-19 17:00:00,230,0,2
CALL0005741,+917341824689,+919025825636,2024-07-26 22:00:00,47,0,2
CALL0005742,+918381061499,+919096295384,2024-04-30 10:00:00,84,0,1
CALL0005743,+918744138529,+918863965206,2024-07-27 17:00:00,331,0,1
CALL0005744,+918793610142,+919067313473,2024-01-04 08:00:00,273,0,1
CALL0005745,+919615778959,+919845215049,2024-06-27 20:00:00,77,0,1
CALL0005746,+917328940794,+917442061189,2024-11-09 07:00:00,257,0,1
CALL0005747,+917519062435,+917216478238,2024-01-14 18:00:00,15,0,2
CALL0005748,+919595215260,+919025144813,2024-07-19 06:00:00,141,0,2
CALL0005749,+919696158895,+918793012460,2024-11-15 13:00:00,99,0,2
CALL0005750,+919110100946,+919515269850,2024-10-14 04:00:00,272,0,3
CALL0005751,+919858679783,+917216376362,2024-09-16 15:00:00,133,0,1
CALL0005752,+919167385109,+919032030917,2024-12-12 05:00:00,236,0,1
CALL0005753,+917663914405,+917844277263,2024-05-26 19:00:00,139,0,1
CALL0005754,+918203233858,+919476385041,2024-08-07 12:00:00,368,0,1
CALL0005755,+917723947926,+919292717902,2024-11-19 07:00:00,63,0,1
CALL0005756,+918044853212,+918413459484,2024-11-25 16:00:00,256,0,2
CALL0005757,+919078582684,+918133777627,2024-11-15 12:00:00,133,0,3
CALL0005758,+918960269417,+919526161894,2024-07-29 19:00:00,336,0,2
CALL0005759,+919056116947,+917042593343,2024-03-11 08:00:00,106,0,3
CALL0005760,+919272704669,+919291063127,2024-03-23 07:00:00,43,0,2
CALL0005761,+919614580084,+918973822925,2024-06-01 07:00:00,215,0,1
CALL0005762,+917950882277,+919074260135,2024-11-30 06:00:00,265,0,3
CALL0005763,+918828104597,+918759434936,2024-08-22 21:00:00,198,0,2
CALL0005764,+917258461081,+917731445397,2024-04-26 01:00:00,129,0,2
CALL0005765,+917832418902,+919973531824,2024-03-15 09:00:00,146,0,1
CALL0005766,+918529469057,+918322785764,2024-03-26 18:00:00,276,0,3
CALL0005767,+918687116294,+918857446088,2024-09-05 09:00:00,258,0,3
CALL0005768,+919427465438,+919744570898,2024-07-30 16:00:00,148,0,3
CALL0005769,+919560514536,+917258461081,2024-02-23 12:00:00,86,0,2
CALL0005770,+918266535408,+917081244048,2024-08-22 11:00:00,260,0,2
CALL0005771,+919612166877,+917007483075,2024-07-09 00:00:00,250,0,2
CALL0005772,+918736265951,+918936808239,2024-07-10 01:00:00,118,0,1
CALL0005773,+917580053271,+919800383500,2024-07-25 19:00:00,84,0,2
CALL0005774,+917005405321,+918085239224,2024-10-12 13:00:00,255,0,2
CALL0005775,+917661483729,+919920832429,2024-05-05 06:00:00,360,0,2
CALL0005776,+918778223971,+917495918575,2024-05-05 21:00:00,231,0,2
CALL0005777,+918433034402,+918604718718,2024-10-25 21:00:00,320,0,2
CALL0005778,+917492711016,+919695008362,2024-07-15 17:00:00,53,0,3
CALL0005779,+919429546494,+918634058599,2024-07-14 14:00:00,123,0,3
CALL0005780,+919270513249,+919006120075,2024-06-28 06:00:00,74,0,2
CALL0005781,+917873682662,+918509256462,2024-03-22 06:00:00,211,0,3
CALL0005782,+919452196668,+917165194128,2024-09-21 18:00:00,393,0,2
CALL0005783,+917978881320,+918343020583,2024-01-25 17:00:00,158,0,1
CALL0005784,+918698514301,+918439855928,2024-03-16 15:00:00,373,0,1
CALL0005785,+919572179581,+919865459312,2024-02-12 23:00:00,178,0,2
CALL0005786,+919192295021,+918650040460,2024-02-24 09:00:00,59,0,3
CALL0005787,+918901969306,+919064272007,2024-06-29 14:00:00,323,0,1
CALL0005788,+919471477686,+919220287665,2024-05-03 04:00:00,39,0,1
CALL0005789,+918974088573,+918106389133,2024-08-21 13:00:00,207,0,1
CALL0005790,+917528567289,+918425167150,2024-06-18 10:00:00,374,0,2
CALL0005791,+919077949924,+917682279513,2024-03-21 10:00:00,154,0,2
CALL0005792,+917992369643,+918104598583,2024-09-05 16:00:00,257,0,2
CALL0005793,+917638059476,+918305053410,2024-09-20 15:00:00,127,0,1
CALL0005794,+919665888130,+917686774953,2024-12-26 12:00:00,356,0,2
CALL0005795,+919182511473,+919328826078,2024-03-04 01:00:00,297,0,2
CALL0005796,+917351122194,+917959600315,2024-04-13 05:00:00,332,0,1
CALL0005797,+918729190906,+918667604341,2024-11-28 14:00:00,204,0,2
CALL0005798,+918498045861,+919295404253,2024-11-19 00:00:00,103,0,2
CALL0005799,+917994275228,+917167111416,2024-12-28 05:00:00,131,0,2
CALL0005800,+917077600833,+917896070072,2024-08-02 03:00:00,289,0,3
CALL0005801,+918500047034,+919280359296,2024-04-25 15:00:00,342,0,3
CALL0005802,+919103773090,+917364136945,2024-09-10 17:00:00,27,0,2
CALL0005803,+917093285450,+918063299174,2024-03-08 21:00:00,330,0,1
CALL0005804,+917978356901,+917628225003,2024-01-07 15:00:00,239,0,3
CALL0005805,+918614018270,+917482142641,2024-03-17 08:00:00,37,0,2
CALL0005806,+917008810948,+917206668091,2024-07-25 03:00:00,317,0,1
CALL0005807,+918574703267,+918529469057,2024-10-07 01:00:00,326,0,2
CALL0005808,+917985946308,+917294003911,2024-03-25 02:00:00,344,0,3
CALL0005809,+918425167150,+918060998960,2024-01-30 21:00:00,118,0,3
CALL0005810,+918160032315,+919534632096,2024-03-08 07:00:00,304,0,1
CALL0005811,+918920911580,+917881531382,2024-04-08 06:00:00,296,0,3
CALL0005812,+917879604306,+919211965193,2024-12-26 19:00:00,40,0,3
CALL0005813,+918479297771,+919635408966,2024-02-03 00:00:00,140,0,1
CALL0005814,+919086988657,+917318255483,2024-04-19 07:00:00,272,0,2
CALL0005815,+917926089872,+917191957977,2024-01-11 06:00:00,337,0,2
CALL0005816,+919777081500,+918149810918,2024-11-10 15:00:00,237,0,2
CALL0005817,+919177799493,+919936479343,2024-05-28 21:00:00,140,0,1
CALL0005818,+919366157277,+917306576833,2024-04-09 14:00:00,141,0,1
CALL0005819,+919940007671,+917683113737,2024-01-04 15:00:00,204,0,2
CALL0005820,+919068314665,+919226995002,2024-03-13 22:00:00,246,0,2
CALL0005821,+918936808239,+917015770674,2024-02-08 09:00:00,50,0,1
CALL0005822,+919767511206,+919937340141,2024-06-25 06:00:00,235,0,3
CALL0005823,+917509611252,+919497958913,2024-01-17 01:00:00,305,0,3
CALL0005824,+919461498904,+918934393295,2024-12-02 05:00:00,186,0,3
CALL0005825,+918408123755,+919427850719,2024-01-29 15:00:00,60,0,1
CALL0005826,+917296172949,+918045199109,2024-08-20 05:00:00,333,0,2
CALL0005827,+919749353331,+917470553031,2024-07-13 17:00:00,210,0,1
CALL0005828,+918052649641,+919806042502,2024-02-18 23:00:00,367,0,2
CALL0005829,+918444790966,+918313177530,2024-03-10 11:00:00,139,0,3
CALL0005830,+918997635773,+918855361179,2024-11-17 07:00:00,95,0,1
CALL0005831,+917008810948,+919077949924,2024-12-15 15:00:00,241,0,2
CALL0005832,+917533864182,+919381674809,2024-07-16 11:00:00,134,0,3
CALL0005833,+918149810918,+919152420043,2024-01-29 03:00:00,163,0,2
CALL0005834,+919365191395,+919663891906,2024-08-04 12:00:00,236,0,2
CALL0005835,+918919835759,+919182533560,2024-09-03 11:00:00,150,0,3
CALL0005836,+918275900700,+919746401032,2024-04-14 18:00:00,250,0,3
CALL0005837,+918376050370,+919364710916,2024-02-04 16:00:00,345,0,3
CALL0005838,+918916560896,+919943808545,2024-12-17 11:00:00,391,0,1
CALL0005839,+919090284251,+917593459607,2024-12-26 05:00:00,205,0,3
CALL0005840,+917120676321,+917738109932,2024-09-22 07:00:00,138,0,2
CALL0005841,+919674922657,+919097364439,2024-07-02 11:00:00,131,0,3
CALL0005842,+918331806128,+918869840574,2024-03-20 18:00:00,191,0,3
CALL0005843,+917983488761,+917743508917,2024-02-16 08:00:00,281,0,3
CALL0005844,+917003706809,+917445360633,2024-06-25 21:00:00,332,0,3
CALL0005845,+917482142641,+919450486538,2024-02-28 15:00:00,273,0,1
CALL0005846,+919908817044,+917750437017,2024-04-13 17:00:00,190,0,1
CALL0005847,+918555814766,+917750437017,2024-09-12 07:00:00,225,0,1
CALL0005848,+918584035749,+918003066549,2024-01-11 15:00:00,58,0,2
CALL0005849,+917091479125,+917571443847,2024-11-10 21:00:00,183,0,2
CALL0005850,+917527660066,+918160195160,2024-01-28 12:00:00,30,0,3
CALL0005851,+919984662402,+919483322709,2024-10-04 05:00:00,215,0,3
CALL0005852,+917600939642,+919557204738,2024-08-21 08:00:00,165,0,3
CALL0005853,+917529699872,+918481114841,2024-12-18 11:00:00,130,0,2
CALL0005854,+917677076185,+919440761698,2024-11-15 00:00:00,27,0,2
CALL0005855,+917137548263,+918482153830,2024-12-20 17:00:00,208,0,2
CALL0005856,+919518376274,+917667604283,2024-05-21 10:00:00,334,0,2
CALL0005857,+918176411041,+918701510096,2024-08-07 15:00:00,171,0,3
CALL0005858,+917106932756,+918660137380,2024-09-15 11:00:00,328,0,1
CALL0005859,+917556327961,+918495412576,2024-05-09 13:00:00,283,0,3
CALL0005860,+918754322050,+918584035749,2024-11-05 11:00:00,85,0,2
CALL0005861,+918835335646,+917867145763,2024-11-07 09:00:00,56,0,2
CALL0005862,+918514381871,+919244278248,2024-03-28 03:00:00,135,0,2
CALL0005863,+917910145634,+919749353331,2024-04-28 04:00:00,93,0,3
CALL0005864,+917856935319,+918577638879,2024-02-21 11:00:00,120,0,3
CALL0005865,+917854777689,+919076186128,2024-02-18 08:00:00,299,0,3
CALL0005866,+919310719122,+919166628918,2024-11-24 02:00:00,249,0,1
CALL0005867,+917483341675,+917670982564,2024-10-31 19:00:00,23,0,3
CALL0005868,+918334577945,+919323448986,2024-01-12 12:00:00,290,0,1
CALL0005869,+919795779449,+918921457694,2024-05-12 14:00:00,352,0,3
CALL0005870,+918470084572,+919890936026,2024-08-24 00:00:00,225,0,2
CALL0005871,+918660469552,+917297865241,2024-07-09 10:00:00,385,0,3
CALL0005872,+919700347548,+918185278336,2024-12-15 20:00:00,59,0,1
CALL0005873,+917527987623,+919025307251,2024-07-22 18:00:00,12,0,1
CALL0005874,+917127725926,+917832418902,2024-10-31 01:00:00,190,0,3
CALL0005875,+918375344121,+919827917808,2024-03-09 13:00:00,68,0,2
CALL0005876,+918634058599,+919073659196,2024-03-13 12:00:00,369,0,2
CALL0005877,+917549140189,+918950583211,2024-07-20 15:00:00,292,0,3
CALL0005878,+919515249407,+919634779108,2024-06-26 03:00:00,218,0,3
CALL0005879,+919260285435,+917828841863,2024-10-09 19:00:00,144,0,2
CALL0005880,+917896842077,+918387738611,2024-01-19 20:00:00,252,0,3
CALL0005881,+919880573897,+919213186916,2024-10-11 07:00:00,349,0,1
CALL0005882,+919020875076,+919077949924,2024-08-05 14:00:00,247,0,2
CALL0005883,+919730170312,+918404017617,2024-12-11 14:00:00,328,0,1
CALL0005884,+919553713288,+918154245131,2024-07-27 06:00:00,258,0,2
CALL0005885,+919167531211,+918180932888,2024-02-17 09:00:00,398,0,2
CALL0005886,+919952360211,+917705518088,2024-12-11 06:00:00,207,0,3
CALL0005887,+919734500374,+919680117950,2024-09-05 05:00:00,116,0,2
CALL0005888,+917355543720,+917970894109,2024-11-27 02:00:00,210,0,2
CALL0005889,+917984314159,+918250156307,2024-06-23 23:00:00,20,0,2
CALL0005890,+917081176292,+919130025068,2024-06-02 01:00:00,261,0,3
CALL0005891,+919765797780,+919567184904,2024-04-07 05:00:00,357,0,2
CALL0005892,+919323448986,+917747994950,2024-10-12 04:00:00,153,0,1
CALL0005893,+918495730491,+918623219916,2024-07-18 19:00:00,236,0,3
CALL0005894,+918778223971,+919123064263,2024-11-04 09:00:00,72,0,3
CALL0005895,+918006002379,+917216478238,2024-01-27 09:00:00,44,0,2
CALL0005896,+917830862130,+919756321602,2024-06-14 13:00:00,235,0,1
CALL0005897,+917857357030,+918183871576,2024-07-13 13:00:00,150,0,1
CALL0005898,+917567099125,+919532710888,2024-01-15 08:00:00,125,0,1
CALL0005899,+917520831080,+917223975681,2024-05-25 00:00:00,23,0,2
CALL0005900,+919642598739,+917120676321,2024-04-19 13:00:00,147,0,1
CALL0005901,+917585029871,+918768353474,2024-06-21 10:00:00,359,0,2
CALL0005902,+918265935630,+917287984019,2024-04-29 23:00:00,144,0,2
CALL0005903,+918067915626,+918305053410,2024-10-22 16:00:00,203,0,2
CALL0005904,+917047488212,+917091479125,2024-06-07 09:00:00,122,0,3
CALL0005905,+918434518996,+917248880287,2024-06-13 16:00:00,389,0,3
CALL0005906,+918014527095,+919536218878,2024-06-15 22:00:00,127,0,2
CALL0005907,+919161767872,+919318615913,2024-02-17 00:00:00,174,0,3
CALL0005908,+918045406339,+917727288174,2024-06-03 19:00:00,279,0,1
CALL0005909,+917533864182,+918164846125,2024-03-07 20:00:00,141,0,1
CALL0005910,+917348524855,+917325473847,2024-04-15 04:00:00,11,0,1
CALL0005911,+918306079872,+919025825636,2024-06-30 03:00:00,314,0,1
CALL0005912,+918662864406,+918951135845,2024-07-24 20:00:00,64,0,3
CALL0005913,+917612863973,+918816814777,2024-11-30 10:00:00,292,0,3
CALL0005914,+917405524918,+917202746095,2024-09-13 13:00:00,243,0,2
CALL0005915,+919181032458,+918584035749,2024-02-02 17:00:00,315,0,3
CALL0005916,+919852692942,+919226995002,2024-05-05 02:00:00,161,0,3
CALL0005917,+919913925438,+918690249274,2024-07-26 01:00:00,368,0,2
CALL0005918,+918707171904,+918080724321,2024-06-11 05:00:00,138,0,3
CALL0005919,+918186919540,+917570500746,2024-02-09 19:00:00,73,0,3
CALL0005920,+918149810918,+918936764769,2024-06-23 07:00:00,111,0,1
CALL0005921,+917801466267,+919150792594,2024-10-15 07:00:00,215,0,2
CALL0005922,+919119303263,+918698114794,2024-01-07 08:00:00,260,0,3
CALL0005923,+918474241191,+919920832429,2024-02-18 19:00:00,231,0,1
CALL0005924,+918434904147,+918459164153,2024-12-03 10:00:00,212,0,2
CALL0005925,+919416078383,+918372027237,2024-07-11 14:00:00,256,0,2
CALL0005926,+918478961551,+917098637060,2024-06-07 00:00:00,87,0,3
CALL0005927,+917831306520,+917838270914,2024-11-13 16:00:00,306,0,1
CALL0005928,+919276584210,+919175803332,2024-04-06 07:00:00,251,0,1
CALL0005929,+917243444028,+919118296055,2024-11-04 08:00:00,103,0,3
CALL0005930,+918433034402,+917614123358,2024-07-20 08:00:00,205,0,3
CALL0005931,+917271243985,+919681222521,2024-01-12 23:00:00,13,0,3
CALL0005932,+917881369117,+917333931649,2024-06-24 00:00:00,394,0,2
CALL0005933,+918953603729,+918561204499,2024-05-15 03:00:00,315,0,1
CALL0005934,+919400534690,+919489110789,2024-01-19 11:00:00,184,0,2
CALL0005935,+917790439744,+918495311564,2024-11-09 08:00:00,280,0,1
CALL0005936,+917406911120,+917626148452,2024-09-24 19:00:00,152,0,1
CALL0005937,+919652460885,+917326268717,2024-05-01 20:00:00,332,0,2
CALL0005938,+917671242206,+919847175277,2024-05-06 23:00:00,292,0,3
CALL0005939,+917018600608,+918073269433,2024-08-12 19:00:00,68,0,2
CALL0005940,+919059928025,+919373625723,2024-02-19 17:00:00,275,0,2
CALL0005941,+917215143730,+917549031833,2024-04-07 07:00:00,246,0,3
CALL0005942,+919181032458,+917154549660,2024-09-15 13:00:00,315,0,3
CALL0005943,+919787363358,+919154696022,2024-03-11 20:00:00,195,0,2
CALL0005944,+917905220354,+917590835096,2024-05-03 12:00:00,29,0,1
CALL0005945,+917602511720,+919024316291,2024-05-31 08:00:00,180,0,2
CALL0005946,+917050279483,+918318256925,2024-09-02 16:00:00,39,0,1
CALL0005947,+918399624164,+919422687753,2024-06-07 17:00:00,52,0,3
CALL0005948,+919395529558,+917316337298,2024-10-30 06:00:00,93,0,2
CALL0005949,+919184794881,+918247566351,2024-03-03 14:00:00,265,0,1
CALL0005950,+919706815838,+918408543104,2024-03-22 18:00:00,23,0,2
CALL0005951,+919799126296,+918893487296,2024-08-19 06:00:00,202,0,3
CALL0005952,+918340544516,+917604740465,2024-03-09 07:00:00,117,0,2
CALL0005953,+918244065667,+917943072973,2024-10-20 03:00:00,170,0,2
CALL0005954,+918914457419,+919316456308,2024-03-28 05:00:00,144,0,1
CALL0005955,+917371462027,+918923552120,2024-06-20 04:00:00,323,0,2
CALL0005956,+917434654753,+917281447929,2024-10-11 04:00:00,325,0,2
CALL0005957,+917057279806,+919124125787,2024-07-11 09:00:00,181,0,1
CALL0005958,+917544838974,+917683113737,2024-03-20 10:00:00,26,0,2
CALL0005959,+918807876590,+918837592737,2024-10-04 00:00:00,151,0,3
CALL0005960,+919863433035,+919398904447,2024-11-12 19:00:00,278,0,3
CALL0005961,+919025307251,+918080724321,2024-06-07 19:00:00,129,0,3
CALL0005962,+918172707624,+918903150664,2024-04-23 22:00:00,292,0,2
CALL0005963,+917057279806,+918734914222,2024-04-24 21:00:00,158,0,1
CALL0005964,+919149357037,+918607740069,2024-07-09 07:00:00,367,0,1
CALL0005965,+918150482276,+918707171904,2024-05-07 00:00:00,296,0,2
CALL0005966,+918757618089,+919554469739,2024-03-15 13:00:00,156,0,2
CALL0005967,+919414930033,+918033777481,2024-01-07 17:00:00,268,0,3
CALL0005968,+918556192204,+919262383961,2024-03-16 20:00:00,342,0,1
CALL0005969,+918743849191,+918525918549,2024-10-16 21:00:00,240,0,2
CALL0005970,+917366830543,+919113753661,2024-03-16 01:00:00,210,0,3
CALL0005971,+917089533764,+919744359936,2024-03-23 23:00:00,336,0,2
CALL0005972,+918450800726,+919552020125,2024-04-05 17:00:00,388,0,1
CALL0005973,+919958828290,+917355436184,2024-10-10 02:00:00,54,0,1
CALL0005974,+919482675634,+917704764050,2024-07-12 04:00:00,189,0,1
CALL0005975,+917831306520,+919441047040,2024-05-23 08:00:00,234,0,2
CALL0005976,+918433034402,+919315975918,2024-07-26 14:00:00,106,0,1
CALL0005977,+919589490394,+917620811264,2024-10-27 16:00:00,84,0,1
CALL0005978,+917253407795,+917667137477,2024-08-08 10:00:00,211,0,1
CALL0005979,+917151685013,+917804479213,2024-05-17 10:00:00,109,0,2
CALL0005980,+917669368276,+917495082507,2024-03-02 07:00:00,397,0,3
CALL0005981,+917334744452,+918451123844,2024-09-11 09:00:00,212,0,3
CALL0005982,+919696158895,+919039452715,2024-07-19 21:00:00,194,0,1
CALL0005983,+919513516940,+919016952194,2024-05-14 18:00:00,196,0,3
CALL0005984,+918074808853,+918724204062,2024-06-27 13:00:00,339,0,2
CALL0005985,+917075489777,+918017770994,2024-12-08 12:00:00,287,0,1
CALL0005986,+917230192168,+917137548263,2024-12-30 09:00:00,52,0,1
CALL0005987,+919182379924,+919035666359,2024-12-14 07:00:00,376,0,3
CALL0005988,+918565185585,+918346035971,2024-07-16 07:00:00,319,0,1
CALL0005989,+919558635423,+917418359148,2024-07-23 00:00:00,63,0,3
CALL0005990,+917556327961,+917202746095,2024-08-05 20:00:00,237,0,2
CALL0005991,+919132986265,+917653906586,2024-04-13 00:00:00,219,0,2
CALL0005992,+917685258298,+917653290380,2024-01-29 08:00:00,228,0,3
CALL0005993,+917833845812,+919315975918,2024-01-06 20:00:00,338,0,1
CALL0005994,+917919908192,+917377830788,2024-02-18 10:00:00,335,0,2
CALL0005995,+919482675634,+918519378543,2024-02-01 13:00:00,278,0,1
CALL0005996,+919885661728,+917958929781,2024-06-06 03:00:00,297,0,2
CALL0005997,+919852251240,+917684403984,2024-09-23 20:00:00,316,0,2
CALL0005998,+919600804595,+919150792594,2024-07-05 13:00:00,202,0,2
CALL0005999,+917976825359,+919875510245,2024-12-22 10:00:00,375,0,3
CALL0006000,+917781916574,+918721911104,2024-08-15 01:00:00,80,0,1
CALL0006001,+918036957707,+919700277315,2024-08-24 01:00:00,376,0,3
CALL0006002,+917686774953,+918608865922,2024-05-11 19:00:00,236,0,2
CALL0006003,+917381629395,+918044853212,2024-01-26 10:00:00,121,0,1
CALL0006004,+918596399970,+919136831682,2024-02-23 13:00:00,312,0,1
CALL0006005,+918080724321,+917827726142,2024-06-14 00:00:00,224,0,3
CALL0006006,+917026898108,+918985622483,2024-04-24 00:00:00,160,0,1
CALL0006007,+918502472662,+918828104597,2024-07-10 06:00:00,149,0,2
CALL0006008,+919568988100,+918957611094,2024-10-21 20:00:00,191,0,2
CALL0006009,+918548006843,+919874342556,2024-10-12 15:00:00,265,0,1
CALL0006010,+917342638525,+917444106499,2024-08-15 10:00:00,364,0,3
CALL0006011,+917524779317,+918869112690,2024-04-26 03:00:00,51,0,3
CALL0006012,+919563787200,+918997704977,2024-04-24 18:00:00,126,0,3
CALL0006013,+917371620980,+918560457268,2024-10-13 19:00:00,194,0,3
CALL0006014,+917093530254,+918966796805,2024-12-27 19:00:00,72,0,3
CALL0006015,+919221970557,+919835700122,2024-09-22 21:00:00,317,0,3
CALL0006016,+917245740146,+919730170312,2024-02-12 07:00:00,110,0,2
CALL0006017,+918698740182,+918708819845,2024-07-28 17:00:00,366,0,3
CALL0006018,+919379645632,+917547801601,2024-10-30 16:00:00,328,0,1
CALL0006019,+918184682784,+917551085324,2024-06-05 10:00:00,133,0,2
CALL0006020,+918461847757,+919219319998,2024-03-06 18:00:00,370,0,1
CALL0006021,+919725355753,+917971273452,2024-11-01 03:00:00,51,0,2
CALL0006022,+918305053410,+917776688815,2024-02-07 00:00:00,67,0,3
CALL0006023,+917558586046,+919692805098,2024-09-28 02:00:00,312,0,3
CALL0006024,+917542162245,+917334504537,2024-08-21 20:00:00,305,0,1
CALL0006025,+919586603876,+919491110236,2024-06-15 08:00:00,262,0,3
CALL0006026,+917014589617,+919168948553,2024-07-23 15:00:00,89,0,2
CALL0006027,+919650200561,+918164846125,2024-02-17 20:00:00,275,0,1
CALL0006028,+919404165487,+917588880459,2024-02-29 11:00:00,85,0,3
CALL0006029,+918730320644,+917679808425,2024-09-02 09:00:00,167,0,3
CALL0006030,+918837592737,+919635210993,2024-09-10 02:00:00,200,0,2
CALL0006031,+919881432655,+917994275228,2024-04-23 23:00:00,238,0,2
CALL0006032,+919303705608,+917758735063,2024-10-27 00:00:00,263,0,3
CALL0006033,+918046846457,+919220745891,2024-10-06 09:00:00,274,0,3
CALL0006034,+918937013297,+918612469986,2024-12-27 21:00:00,94,0,2
CALL0006035,+918025292022,+919677787420,2024-07-15 03:00:00,27,0,3
CALL0006036,+917571443847,+918577411910,2024-03-28 23:00:00,92,0,2
CALL0006037,+917789160864,+917695692607,2024-12-16 01:00:00,365,0,1
CALL0006038,+917211587097,+919574747398,2024-08-18 21:00:00,183,0,3
CALL0006039,+918238878181,+917226182940,2024-01-25 03:00:00,151,0,3
CALL0006040,+919429546494,+918724204062,2024-05-01 01:00:00,250,0,2
CALL0006041,+917994275228,+918448242213,2024-07-06 20:00:00,161,0,1
CALL0006042,+919250611795,+917333931649,2024-12-20 18:00:00,84,0,3
CALL0006043,+919999463204,+919749226497,2024-01-11 22:00:00,398,0,3
CALL0006044,+917724864651,+917474592915,2024-02-16 10:00:00,129,0,1
CALL0006045,+917534776852,+917514066195,2024-03-23 17:00:00,284,0,1
CALL0006046,+919705843910,+919552020125,2024-06-19 03:00:00,360,0,1
CALL0006047,+917626148452,+918606466282,2024-05-27 21:00:00,99,0,2
CALL0006048,+919642598739,+918449730847,2024-01-15 22:00:00,41,0,3
CALL0006049,+918638621665,+917964095945,2024-08-06 12:00:00,378,0,1
CALL0006050,+917567099125,+917198893803,2024-05-27 09:00:00,137,0,1
CALL0006051,+917905220354,+918399629595,2024-01-18 11:00:00,13,0,1
CALL0006052,+918635318163,+918306079872,2024-02-26 14:00:00,228,0,2
CALL0006053,+917608372421,+919070968723,2024-02-06 20:00:00,123,0,1
CALL0006054,+917240678791,+919879157250,2024-11-01 10:00:00,123,0,1
CALL0006055,+917256113614,+917612146496,2024-10-04 11:00:00,60,0,3
CALL0006056,+919838569406,+919484908365,2024-03-17 12:00:00,77,0,2
CALL0006057,+919618023243,+917602684964,2024-04-18 11:00:00,248,0,3
CALL0006058,+919167385109,+917514066195,2024-04-23 12:00:00,79,0,3
CALL0006059,+919245611614,+917425835338,2024-04-02 05:00:00,164,0,2
CALL0006060,+919558635423,+919733721524,2024-04-16 07:00:00,271,0,3
CALL0006061,+917266822077,+917098666287,2024-04-16 06:00:00,345,0,3
CALL0006062,+917925305545,+917810473300,2024-11-14 13:00:00,177,0,3
CALL0006063,+917276126130,+918706373251,2024-09-26 14:00:00,38,0,3
CALL0006064,+917493335101,+918269061602,2024-12-02 11:00:00,205,0,2
CALL0006065,+919604117741,+919876342880,2024-05-10 13:00:00,16,0,3
CALL0006066,+919929191969,+918598707452,2024-04-19 08:00:00,158,0,1
CALL0006067,+917418834391,+918172732403,2024-01-30 10:00:00,189,0,1
CALL0006068,+918914803524,+919039452715,2024-04-06 16:00:00,165,0,3
CALL0006069,+919181032458,+918051056540,2024-08-20 12:00:00,146,0,2
CALL0006070,+918534343574,+919166370086,2024-05-14 03:00:00,40,0,2
CALL0006071,+919003399207,+918616629794,2024-06-23 07:00:00,13,0,2
CALL0006072,+917653934596,+919272576853,2024-06-01 17:00:00,387,0,3
CALL0006073,+918227016851,+918460426432,2024-09-23 18:00:00,166,0,1
CALL0006074,+918657846647,+917856934071,2024-02-20 03:00:00,31,0,3
CALL0006075,+918476758920,+918164487525,2024-07-18 00:00:00,182,0,2
CALL0006076,+919274255905,+919093704941,2024-11-20 19:00:00,99,0,1
CALL0006077,+917216478238,+918697997873,2024-07-17 02:00:00,120,0,1
CALL0006078,+917068166918,+917312144246,2024-01-13 23:00:00,280,0,3
CALL0006079,+917527660066,+917128575500,2024-01-02 04:00:00,174,0,2
CALL0006080,+918595493340,+919656620273,2024-12-11 18:00:00,340,0,2
CALL0006081,+917381385977,+917821887532,2024-09-07 03:00:00,278,0,3
CALL0006082,+919531751568,+918931791481,2024-09-03 12:00:00,247,0,2
CALL0006083,+917693389942,+918564799162,2024-06-25 05:00:00,254,0,1
CALL0006084,+919795779449,+919962514927,2024-05-18 01:00:00,260,0,1
CALL0006085,+919749226497,+919152083196,2024-10-03 09:00:00,54,0,2
CALL0006086,+919232880889,+919953030804,2024-11-19 09:00:00,137,0,1
CALL0006087,+917997872276,+918618177647,2024-12-14 02:00:00,258,0,3
CALL0006088,+919858679783,+919700277315,2024-07-02 12:00:00,157,0,1
CALL0006089,+918976662450,+919053628534,2024-03-23 11:00:00,114,0,3
CALL0006090,+917042525368,+918251525590,2024-03-25 06:00:00,270,0,1
CALL0006091,+917890590504,+917344571860,2024-01-15 06:00:00,163,0,3
CALL0006092,+918393295253,+918864283632,2024-07-29 06:00:00,58,0,1
CALL0006093,+919492258399,+919490331185,2024-12-10 07:00:00,54,0,3
CALL0006094,+918149035259,+918766418528,2024-02-13 21:00:00,173,0,3
CALL0006095,+917470553031,+919412201202,2024-02-06 12:00:00,52,0,3
CALL0006096,+917905220354,+919848122407,2024-11-07 10:00:00,326,0,1
CALL0006097,+919953028735,+917401377951,2024-03-06 16:00:00,179,0,3
CALL0006098,+917345497247,+917844387254,2024-09-23 12:00:00,229,0,2
CALL0006099,+918665943211,+919247971071,2024-03-21 08:00:00,100,0,3
CALL0006100,+919705445996,+918852044967,2024-12-05 07:00:00,184,0,2
CALL0006101,+918667604341,+917068166918,2024-05-12 11:00:00,239,0,1
CALL0006102,+918356204660,+917386532853,2024-12-25 21:00:00,63,0,3
CALL0006103,+917495918575,+919259678475,2024-10-03 16:00:00,126,0,2
CALL0006104,+919043958964,+918058363956,2024-01-06 17:00:00,173,0,1
CALL0006105,+918710302446,+919466343231,2024-09-04 17:00:00,96,0,3
CALL0006106,+919457791428,+918937983489,2024-07-13 03:00:00,397,0,2
CALL0006107,+917012901079,+919755279204,2024-07-10 05:00:00,180,0,2
CALL0006108,+918522072183,+917699615167,2024-12-29 21:00:00,150,0,1
CALL0006109,+917317833195,+919086988657,2024-11-06 22:00:00,263,0,3
CALL0006110,+918870942080,+917632071898,2024-04-10 05:00:00,97,0,1
CALL0006111,+919062074877,+918869376212,2024-01-01 14:00:00,15,0,1
CALL0006112,+919568988100,+919563787200,2024-05-07 00:00:00,258,0,1
CALL0006113,+919733721524,+919166628918,2024-11-21 18:00:00,70,0,3
CALL0006114,+917386532853,+918638311715,2024-11-28 17:00:00,119,0,3
CALL0006115,+919272576853,+918977018447,2024-10-03 17:00:00,80,0,1
CALL0006116,+918001775645,+917943739567,2024-03-18 20:00:00,226,0,3
CALL0006117,+919441047040,+919567184904,2024-10-01 14:00:00,216,0,2
CALL0006118,+919665888130,+919795779449,2024-09-19 15:00:00,153,0,2
CALL0006119,+917105154802,+918602711453,2024-02-09 13:00:00,358,0,1
CALL0006120,+917047488212,+919544592258,2024-02-16 07:00:00,60,0,1
CALL0006121,+919920832429,+918400307759,2024-09-15 04:00:00,258,0,1
CALL0006122,+917595092290,+917512265114,2024-07-04 22:00:00,264,0,3
CALL0006123,+917322472349,+918046846457,2024-05-28 20:00:00,137,0,1
CALL0006124,+917469755522,+919552020125,2024-10-30 15:00:00,370,0,2
CALL0006125,+919592028900,+919751787759,2024-12-01 03:00:00,143,0,1
CALL0006126,+917027560364,+917197221718,2024-07-15 07:00:00,315,0,3
CALL0006127,+918953021725,+918427696719,2024-06-27 22:00:00,144,0,1
CALL0006128,+917570500746,+919909852777,2024-05-09 05:00:00,158,0,2
CALL0006129,+918849395767,+918026495676,2024-11-16 13:00:00,241,0,3
CALL0006130,+919363524203,+918782726892,2024-09-02 06:00:00,215,0,3
CALL0006131,+918951135845,+919361996810,2024-04-03 02:00:00,222,0,3
CALL0006132,+919925835534,+917713049549,2024-11-29 13:00:00,233,0,2
CALL0006133,+919846672227,+918905428279,2024-03-21 23:00:00,266,0,3
CALL0006134,+919427664069,+919730259957,2024-05-09 15:00:00,136,0,1
CALL0006135,+917766458804,+919324609571,2024-12-21 06:00:00,191,0,2
CALL0006136,+919981881090,+917592906846,2024-06-30 22:00:00,11,0,2
CALL0006137,+919648705176,+918276948663,2024-02-18 00:00:00,283,0,1
CALL0006138,+918122153064,+918840063028,2024-07-08 21:00:00,89,0,1
CALL0006139,+918481114841,+918690272481,2024-12-04 11:00:00,64,0,1
CALL0006140,+918043123178,+918445336891,2024-03-11 22:00:00,143,0,3
CALL0006141,+919695543890,+918938360856,2024-06-08 18:00:00,33,0,2
CALL0006142,+918337010112,+917127725926,2024-09-18 20:00:00,127,0,3
CALL0006143,+919270392748,+918775240975,2024-01-02 03:00:00,346,0,2
CALL0006144,+917663914405,+918712025367,2024-03-19 20:00:00,218,0,2
CALL0006145,+919278523708,+919779441562,2024-09-13 23:00:00,291,0,2
CALL0006146,+919419588841,+917124044227,2024-10-10 03:00:00,209,0,3
CALL0006147,+918318531111,+919697050074,2024-05-01 22:00:00,79,0,2
CALL0006148,+918915583516,+918036957707,2024-06-06 00:00:00,56,0,2
CALL0006149,+918936764769,+918905147640,2024-06-07 19:00:00,241,0,3
CALL0006150,+918828095292,+917342638525,2024-06-26 07:00:00,379,0,1
CALL0006151,+919043109218,+917906950905,2024-06-30 09:00:00,79,0,1
CALL0006152,+919455438263,+919937340141,2024-12-04 14:00:00,99,0,3
CALL0006153,+919531741517,+918313718687,2024-05-16 20:00:00,27,0,2
CALL0006154,+917457393848,+919395728640,2024-08-03 03:00:00,157,0,3
CALL0006155,+917754699966,+917522096614,2024-07-18 07:00:00,336,0,1
CALL0006156,+918179457611,+918710302446,2024-08-11 18:00:00,181,0,2
CALL0006157,+919811893146,+917662144087,2024-06-05 18:00:00,97,0,2
CALL0006158,+918551144918,+917434117738,2024-05-21 15:00:00,16,0,1
CALL0006159,+917217106818,+918687116294,2024-07-27 00:00:00,125,0,1
CALL0006160,+919394518089,+917390973056,2024-08-20 01:00:00,335,0,3
CALL0006161,+919939863752,+917677239770,2024-09-23 21:00:00,72,0,3
CALL0006162,+919723149525,+918697147809,2024-11-27 08:00:00,38,0,3
CALL0006163,+918727010876,+917180672668,2024-07-21 04:00:00,76,0,1
CALL0006164,+918520965742,+918329409918,2024-10-09 01:00:00,76,0,3
CALL0006165,+919461992679,+918602711453,2024-01-14 22:00:00,329,0,1
CALL0006166,+919433552498,+917454285700,2024-10-07 14:00:00,333,0,2
CALL0006167,+918534929276,+918219477886,2024-03-23 11:00:00,76,0,2
CALL0006168,+918178943506,+919111020757,2024-11-18 14:00:00,241,0,3
CALL0006169,+917029251922,+917507903267,2024-06-08 22:00:00,79,0,1
CALL0006170,+918427088025,+917485538394,2024-03-03 10:00:00,388,0,1
CALL0006171,+919651976612,+919024316291,2024-02-23 07:00:00,18,0,3
CALL0006172,+919518376274,+919912903878,2024-05-25 02:00:00,67,0,2
CALL0006173,+919948864088,+917289973387,2024-05-18 13:00:00,393,0,2
CALL0006174,+917229831976,+918318256925,2024-02-01 07:00:00,118,0,3
CALL0006175,+919156996349,+918721465581,2024-02-28 01:00:00,371,0,1
CALL0006176,+917447344032,+918708819845,2024-09-17 21:00:00,60,0,2
CALL0006177,+917186896229,+917215351233,2024-02-16 15:00:00,13,0,2
CALL0006178,+917527201519,+918104598583,2024-05-31 08:00:00,398,0,1
CALL0006179,+918869112690,+917363257103,2024-07-01 15:00:00,250,0,1
CALL0006180,+919330478248,+919003105231,2024-12-08 18:00:00,62,0,2
CALL0006181,+918861662197,+918399624164,2024-07-03 13:00:00,132,0,3
CALL0006182,+917524779317,+917954307065,2024-07-04 17:00:00,157,0,1
CALL0006183,+918077777688,+918845890616,2024-01-28 12:00:00,222,0,2
CALL0006184,+917243444028,+919133702594,2024-02-25 18:00:00,23,0,1
CALL0006185,+918927871793,+918596111374,2024-03-24 01:00:00,157,0,2
CALL0006186,+918898482170,+917223975681,2024-11-03 07:00:00,353,0,1
CALL0006187,+917595585419,+917575866109,2024-03-11 11:00:00,313,0,1
CALL0006188,+918045199109,+919151968722,2024-01-11 18:00:00,292,0,2
CALL0006189,+919296910342,+917366830543,2024-04-28 19:00:00,302,0,3
CALL0006190,+919129981964,+919984662402,2024-10-15 02:00:00,215,0,1
CALL0006191,+918736440699,+918952424806,2024-04-26 14:00:00,177,0,2
CALL0006192,+918150482276,+919054733973,2024-07-29 12:00:00,25,0,3
CALL0006193,+919792021425,+918025292022,2024-03-23 11:00:00,83,0,1
CALL0006194,+918052649641,+919635210993,2024-02-27 04:00:00,24,0,2
CALL0006195,+918986714029,+918958398132,2024-08-22 11:00:00,277,0,1
CALL0006196,+918653853451,+919313926949,2024-07-16 07:00:00,106,0,3
CALL0006197,+918046846457,+917435952956,2024-09-30 13:00:00,224,0,3
CALL0006198,+919673510591,+919748144476,2024-06-11 11:00:00,258,0,1
CALL0006199,+917545554488,+918426390503,2024-07-30 08:00:00,284,0,2
CALL0006200,+919858679783,+917992369643,2024-10-24 11:00:00,319,0,2
CALL0006201,+918223334138,+917345661835,2024-03-19 16:00:00,347,0,2
CALL0006202,+918507050487,+918595493340,2024-10-28 19:00:00,315,0,2
CALL0006203,+917266928204,+917008810948,2024-07-08 08:00:00,387,0,2
CALL0006204,+918236142425,+918027165838,2024-09-12 12:00:00,76,0,3
CALL0006205,+917917443974,+918991599416,2024-04-06 08:00:00,244,0,3
CALL0006206,+918925853236,+917571601697,2024-03-25 10:00:00,248,0,1
CALL0006207,+917493046254,+918489702114,2024-02-17 21:00:00,52,0,3
CALL0006208,+919597036525,+918936808239,2024-02-26 02:00:00,306,0,1
CALL0006209,+919324609571,+917789629835,2024-09-19 13:00:00,276,0,3
CALL0006210,+918004899172,+919192843815,2024-04-07 13:00:00,183,0,3
CALL0006211,+917108804793,+917634934834,2024-03-31 13:00:00,391,0,3
CALL0006212,+918638642053,+919727748072,2024-01-27 12:00:00,298,0,2
CALL0006213,+917436301146,+919148209535,2024-10-07 15:00:00,132,0,2
CALL0006214,+919880573897,+917375021146,2024-12-06 13:00:00,283,0,1
CALL0006215,+918890527936,+919844111871,2024-05-22 15:00:00,283,0,2
CALL0006216,+918115903282,+917620665998,2024-10-27 19:00:00,242,0,1
CALL0006217,+917118874784,+918351585573,2024-07-12 15:00:00,243,0,2
CALL0006218,+917024895375,+919835700122,2024-04-05 01:00:00,269,0,2
CALL0006219,+917706942843,+918546333449,2024-12-20 01:00:00,114,0,2
CALL0006220,+919942555127,+918224546017,2024-05-29 16:00:00,79,0,1
CALL0006221,+918342035323,+917342627762,2024-04-18 14:00:00,240,0,1
CALL0006222,+918711080329,+919491110236,2024-09-19 11:00:00,283,0,1
CALL0006223,+919028199489,+918386445658,2024-07-25 01:00:00,362,0,2
CALL0006224,+917991237762,+918262176584,2024-01-06 14:00:00,89,0,1
CALL0006225,+918663324260,+918077777688,2024-11-19 06:00:00,80,0,1
CALL0006226,+917287284671,+917267778291,2024-04-12 08:00:00,115,0,2
CALL0006227,+917776688815,+918157693483,2024-06-20 06:00:00,25,0,1
CALL0006228,+919339746965,+919811722759,2024-06-04 17:00:00,196,0,1
CALL0006229,+919375333879,+917122540546,2024-03-16 11:00:00,10,0,1
CALL0006230,+919212697955,+918039894077,2024-01-18 18:00:00,62,0,2
CALL0006231,+918807733885,+918482153830,2024-09-19 16:00:00,75,0,3
CALL0006232,+917679808425,+917312144246,2024-05-05 23:00:00,336,0,3
CALL0006233,+917319085012,+918430881585,2024-01-24 06:00:00,399,0,3
CALL0006234,+917137548263,+917802002295,2024-02-29 05:00:00,280,0,2
CALL0006235,+919979010392,+917342627762,2024-07-06 05:00:00,267,0,3
CALL0006236,+918903150664,+917426507513,2024-01-10 23:00:00,223,0,3
CALL0006237,+917216376362,+917493335101,2024-09-24 14:00:00,273,0,2
CALL0006238,+918196414729,+919160273529,2024-07-15 23:00:00,212,0,3
CALL0006239,+917735325512,+918827039439,2024-02-28 16:00:00,304,0,1
CALL0006240,+919461498904,+918413636027,2024-02-23 09:00:00,83,0,2
CALL0006241,+917959613494,+917267302188,2024-09-13 21:00:00,131,0,2
CALL0006242,+919925835534,+918707171904,2024-01-28 05:00:00,312,0,1
CALL0006243,+917519572107,+917953829913,2024-04-30 06:00:00,374,0,1
CALL0006244,+917447344032,+919884049458,2024-04-14 21:00:00,76,0,3
CALL0006245,+919263690211,+917990857771,2024-10-13 01:00:00,205,0,3
CALL0006246,+919323448986,+918555814766,2024-03-20 18:00:00,304,0,1
CALL0006247,+918206177152,+919749252456,2024-06-01 16:00:00,188,0,3
CALL0006248,+919682939965,+919262383961,2024-08-15 11:00:00,200,0,2
CALL0006249,+919422470309,+919390031133,2024-09-06 04:00:00,78,0,2
CALL0006250,+917837888939,+917865040899,2024-01-11 07:00:00,33,0,1
CALL0006251,+918923552120,+919491110236,2024-07-27 14:00:00,337,0,3
CALL0006252,+917785332384,+918241287475,2024-12-17 16:00:00,15,0,1
CALL0006253,+919318000495,+919340556203,2024-02-15 07:00:00,199,0,2
CALL0006254,+919352526372,+918578338536,2024-09-09 09:00:00,239,0,1
CALL0006255,+917985946308,+917050868978,2024-12-06 17:00:00,309,0,3
CALL0006256,+917399930661,+917010247560,2024-06-26 18:00:00,189,0,3
CALL0006257,+919643365243,+918838359266,2024-05-14 04:00:00,314,0,2
CALL0006258,+919700856441,+918870942080,2024-11-08 04:00:00,107,0,1
CALL0006259,+917201361667,+919006306623,2024-05-02 16:00:00,111,0,3
CALL0006260,+919649059727,+918827509427,2024-06-10 13:00:00,328,0,1
CALL0006261,+919192843815,+918505323238,2024-10-03 07:00:00,114,0,2
CALL0006262,+919244711953,+917375482968,2024-05-08 12:00:00,83,0,1
CALL0006263,+917137548263,+919571114180,2024-11-26 20:00:00,31,0,2
CALL0006264,+917500958420,+919249945232,2024-04-03 04:00:00,371,0,2
CALL0006265,+919792021425,+917018411732,2024-07-23 02:00:00,313,0,2
CALL0006266,+918914457419,+918157797343,2024-12-29 22:00:00,201,0,1
CALL0006267,+919363524203,+917653672025,2024-04-20 20:00:00,238,0,2
CALL0006268,+917316312658,+918772454972,2024-11-21 12:00:00,359,0,3
CALL0006269,+918675608406,+919800383500,2024-10-20 00:00:00,328,0,3
CALL0006270,+917430835465,+917402768704,2024-09-14 02:00:00,47,0,3
CALL0006271,+919172263415,+919649046560,2024-09-13 07:00:00,50,0,1
CALL0006272,+918926642740,+918379776654,2024-04-03 12:00:00,91,0,1
CALL0006273,+917834096374,+917469109870,2024-06-01 22:00:00,129,0,2
CALL0006274,+918052649641,+918170168473,2024-05-13 13:00:00,256,0,1
CALL0006275,+917862128006,+918015193864,2024-05-15 00:00:00,24,0,1
CALL0006276,+919579886889,+919870273318,2024-05-16 12:00:00,318,0,1
CALL0006277,+918671401806,+917830939979,2024-04-07 15:00:00,335,0,1
CALL0006278,+918983639944,+918845769418,2024-08-21 13:00:00,291,0,3
CALL0006279,+919472711813,+919168246506,2024-02-09 23:00:00,206,0,2
CALL0006280,+918744138529,+917869149683,2024-05-14 06:00:00,197,0,2
CALL0006281,+918521072154,+918857703808,2024-07-07 12:00:00,196,0,1
CALL0006282,+919852692942,+918864283632,2024-06-21 07:00:00,227,0,1
CALL0006283,+917931086379,+917783927082,2024-04-25 00:00:00,339,0,3
CALL0006284,+918187847190,+919942555127,2024-06-16 00:00:00,266,0,2
CALL0006285,+919503235190,+918221283771,2024-11-04 11:00:00,62,0,3
CALL0006286,+919336884385,+919148209535,2024-03-10 07:00:00,42,0,2
CALL0006287,+919656620273,+918046846457,2024-12-18 13:00:00,69,0,2
CALL0006288,+919681222521,+917759673813,2024-07-31 08:00:00,381,0,3
CALL0006289,+917786876399,+918986714029,2024-11-28 06:00:00,326,0,2
CALL0006290,+917431318752,+918416261435,2024-12-18 10:00:00,19,0,3
CALL0006291,+918148100051,+918495311564,2024-05-27 22:00:00,113,0,2
CALL0006292,+917978434494,+917839559974,2024-06-20 08:00:00,28,0,2
CALL0006293,+917990857771,+919536218878,2024-08-08 00:00:00,137,0,2
CALL0006294,+919734500374,+918346035971,2024-05-11 20:00:00,48,0,2
CALL0006295,+917522096614,+919101853349,2024-08-14 21:00:00,251,0,2
CALL0006296,+917844387254,+917662144087,2024-03-18 00:00:00,163,0,1
CALL0006297,+917372087520,+919592793807,2024-11-09 09:00:00,137,0,3
CALL0006298,+919191785369,+917743508917,2024-10-17 14:00:00,90,0,3
CALL0006299,+917382400664,+917111649943,2024-04-18 13:00:00,86,0,3
CALL0006300,+918302903318,+918108377524,2024-09-01 13:00:00,301,0,1
CALL0006301,+919835417213,+918426390503,2024-08-28 18:00:00,351,0,2
CALL0006302,+918493139211,+919981881090,2024-08-01 05:00:00,129,0,2
CALL0006303,+918633560563,+918275900700,2024-11-20 14:00:00,395,0,3
CALL0006304,+919042166778,+919565259704,2024-07-02 20:00:00,350,0,2
CALL0006305,+919666114780,+919043109218,2024-01-19 03:00:00,171,0,1
CALL0006306,+919457791428,+918807876590,2024-07-19 11:00:00,225,0,3
CALL0006307,+917243292248,+917682098632,2024-05-08 17:00:00,116,0,1
CALL0006308,+917634353451,+919634779108,2024-05-17 01:00:00,224,0,1
CALL0006309,+918860090864,+919749226497,2024-01-30 20:00:00,359,0,3
CALL0006310,+917266822077,+918046846457,2024-02-11 00:00:00,37,0,1
CALL0006311,+919256106593,+918922252833,2024-03-04 09:00:00,291,0,1
CALL0006312,+917457393848,+918672970267,2024-01-02 23:00:00,396,0,3
CALL0006313,+919201932070,+919132986265,2024-08-24 01:00:00,150,0,2
CALL0006314,+918783448399,+919214094964,2024-07-12 12:00:00,204,0,2
CALL0006315,+917154549660,+919337765517,2024-08-29 05:00:00,314,0,3
CALL0006316,+917111649943,+917679808425,2024-04-12 00:00:00,36,0,3
CALL0006317,+917026898108,+917774197649,2024-12-03 21:00:00,137,0,3
CALL0006318,+919955494522,+917105154802,2024-06-04 08:00:00,182,0,1
CALL0006319,+919711008652,+919381760480,2024-02-02 16:00:00,252,0,1
CALL0006320,+917529699872,+918018880406,2024-09-06 11:00:00,357,0,2
CALL0006321,+919667096954,+917503230293,2024-06-30 02:00:00,157,0,3
CALL0006322,+918423746057,+919253297763,2024-01-06 21:00:00,90,0,1
CALL0006323,+919361749060,+918227142684,2024-02-14 11:00:00,358,0,3
CALL0006324,+919360110292,+917116732917,2024-07-08 13:00:00,201,0,1
CALL0006325,+919352915703,+919235653052,2024-06-22 15:00:00,131,0,3
CALL0006326,+918683744537,+918959855119,2024-09-24 05:00:00,28,0,3
CALL0006327,+918361230552,+919622271675,2024-06-12 12:00:00,103,0,1
CALL0006328,+918638311715,+917544838974,2024-01-12 01:00:00,385,0,2
CALL0006329,+919249945232,+919363560092,2024-05-05 01:00:00,91,0,3
CALL0006330,+918870550237,+918257072259,2024-05-22 15:00:00,146,0,3
CALL0006331,+919570141243,+919324609571,2024-09-27 16:00:00,391,0,1
CALL0006332,+919666114780,+918328519758,2024-04-13 00:00:00,260,0,1
CALL0006333,+919025825636,+918798203717,2024-07-02 04:00:00,94,0,2
CALL0006334,+919656620273,+918729212275,2024-06-28 20:00:00,398,0,3
CALL0006335,+918737871745,+917172695722,2024-04-29 12:00:00,201,0,2
CALL0006336,+918147898503,+917099435257,2024-10-01 18:00:00,152,0,2
CALL0006337,+918917299850,+917689307759,2024-10-24 18:00:00,25,0,3
CALL0006338,+919212697955,+918936764769,2024-11-12 13:00:00,43,0,3
CALL0006339,+919256139027,+918149810918,2024-08-11 01:00:00,324,0,2
CALL0006340,+919692587452,+917106932756,2024-06-14 14:00:00,84,0,2
CALL0006341,+918096823381,+917147934211,2024-09-18 11:00:00,197,0,2
CALL0006342,+919177913336,+917378301455,2024-12-03 04:00:00,175,0,3
CALL0006343,+919935166386,+918638642053,2024-11-11 01:00:00,371,0,1
CALL0006344,+919936479343,+917782761634,2024-09-19 19:00:00,360,0,3
CALL0006345,+917232043873,+918744156773,2024-07-09 20:00:00,193,0,2
CALL0006346,+918503041567,+917542162245,2024-08-23 08:00:00,379,0,3
CALL0006347,+918442892727,+919305812668,2024-01-27 07:00:00,84,0,1
CALL0006348,+919394518089,+918796678209,2024-09-10 08:00:00,201,0,2
CALL0006349,+917783927082,+918733786264,2024-11-10 03:00:00,23,0,1
CALL0006350,+919635210993,+918018304146,2024-07-20 18:00:00,201,0,1
CALL0006351,+919827917808,+919943943873,2024-07-26 18:00:00,367,0,3
CALL0006352,+919564157340,+918890527936,2024-05-29 15:00:00,166,0,3
CALL0006353,+918733786264,+918934393295,2024-04-19 16:00:00,301,0,1
CALL0006354,+919356818732,+917458565318,2024-10-20 21:00:00,349,0,1
CALL0006355,+918641309430,+919230281878,2024-12-16 17:00:00,73,0,2
CALL0006356,+918121574412,+918331806128,2024-11-23 04:00:00,12,0,3
CALL0006357,+919148209535,+917992369643,2024-03-31 07:00:00,39,0,2
CALL0006358,+919343140526,+919896173413,2024-02-21 20:00:00,71,0,3
CALL0006359,+919152420043,+918854739500,2024-06-16 19:00:00,302,0,3
CALL0006360,+919808616609,+917711064491,2024-12-13 19:00:00,70,0,3
CALL0006361,+918444790966,+918324494796,2024-08-16 08:00:00,87,0,2
CALL0006362,+918595493340,+919245611614,2024-02-21 10:00:00,16,0,2
CALL0006363,+919310719122,+918056330356,2024-05-24 02:00:00,350,0,3
CALL0006364,+919811893146,+919949266792,2024-09-21 20:00:00,360,0,1
CALL0006365,+918553653722,+919272704669,2024-04-28 14:00:00,256,0,2
CALL0006366,+917064001479,+918023898015,2024-07-21 01:00:00,103,0,2
CALL0006367,+917723947926,+918279560537,2024-11-05 07:00:00,33,0,2
CALL0006368,+917540967814,+918977018447,2024-10-11 00:00:00,243,0,2
CALL0006369,+918485573946,+918056409291,2024-07-31 17:00:00,199,0,1
CALL0006370,+918398427475,+917073415716,2024-08-25 21:00:00,370,0,2
CALL0006371,+919296910342,+917385380459,2024-06-03 22:00:00,327,0,2
CALL0006372,+917737572146,+918435999242,2024-12-02 12:00:00,192,0,3
CALL0006373,+917774197649,+918063299174,2024-06-25 16:00:00,159,0,2
CALL0006374,+919720712378,+917064560262,2024-06-07 13:00:00,74,0,1
CALL0006375,+919552938643,+917519062435,2024-01-02 13:00:00,118,0,2
CALL0006376,+918752778614,+917723947926,2024-11-06 08:00:00,259,0,1
CALL0006377,+918771837244,+918828104597,2024-01-12 04:00:00,96,0,1
CALL0006378,+918546333449,+918565185585,2024-11-11 03:00:00,367,0,1
CALL0006379,+918434904147,+918678744236,2024-03-18 07:00:00,318,0,1
CALL0006380,+919981881090,+918155803806,2024-06-01 14:00:00,145,0,3
CALL0006381,+917954375250,+919461992679,2024-04-10 22:00:00,232,0,2
CALL0006382,+917418834391,+919769914452,2024-03-11 14:00:00,209,0,3
CALL0006383,+918934393295,+917064001479,2024-05-25 03:00:00,215,0,1
CALL0006384,+917328940794,+919972016795,2024-04-21 15:00:00,138,0,1
CALL0006385,+917917443974,+918508841480,2024-02-27 15:00:00,60,0,3
CALL0006386,+918710224509,+918018880406,2024-03-13 08:00:00,97,0,1
CALL0006387,+918443684495,+917023325200,2024-01-19 12:00:00,185,0,3
CALL0006388,+917216478238,+918727010876,2024-10-01 19:00:00,123,0,2
CALL0006389,+917271208490,+917887272176,2024-09-02 03:00:00,32,0,1
CALL0006390,+918556438749,+918172732403,2024-05-06 08:00:00,46,0,3
CALL0006391,+917683783961,+917806856561,2024-05-13 10:00:00,173,0,2
CALL0006392,+918670012123,+919764628821,2024-08-21 13:00:00,107,0,2
CALL0006393,+919232090139,+918329366992,2024-09-10 19:00:00,291,0,1
CALL0006394,+917797544111,+917457479888,2024-02-21 20:00:00,41,0,2
CALL0006395,+917796949552,+918688345636,2024-06-18 19:00:00,329,0,3
CALL0006396,+917800802325,+917409215332,2024-05-24 01:00:00,344,0,2
CALL0006397,+918938360856,+919751787759,2024-11-11 21:00:00,168,0,1
CALL0006398,+918133777627,+918148100051,2024-08-07 06:00:00,126,0,2
CALL0006399,+917495925942,+919626970265,2024-06-06 00:00:00,200,0,1
CALL0006400,+917663728215,+918040672228,2024-07-22 16:00:00,225,0,3
CALL0006401,+919733721524,+918378208696,2024-11-27 13:00:00,219,0,2
CALL0006402,+917258461081,+919618484696,2024-03-30 12:00:00,153,0,1
CALL0006403,+919006306623,+919584488779,2024-10-27 11:00:00,147,0,2
CALL0006404,+917881197446,+918178943506,2024-11-15 12:00:00,354,0,3
CALL0006405,+917667583404,+919119303263,2024-09-29 04:00:00,135,0,2
CALL0006406,+917215351233,+919181032458,2024-02-23 06:00:00,291,0,1
CALL0006407,+917724864651,+917787870467,2024-03-08 03:00:00,120,0,2
CALL0006408,+917435326535,+917992369643,2024-07-08 09:00:00,365,0,2
CALL0006409,+917593459607,+917133063088,2024-08-24 09:00:00,282,0,2
CALL0006410,+918513804828,+918890527936,2024-12-28 20:00:00,331,0,1
CALL0006411,+919271402917,+917409215332,2024-12-25 00:00:00,263,0,2
CALL0006412,+918471731248,+917432921130,2024-05-17 08:00:00,213,0,1
CALL0006413,+917103235302,+917168825959,2024-06-14 17:00:00,179,0,1
CALL0006414,+919055166882,+918665943211,2024-02-07 08:00:00,37,0,1
CALL0006415,+918631199344,+918334577945,2024-12-06 01:00:00,10,0,1
CALL0006416,+917485538394,+918381061499,2024-08-15 19:00:00,80,0,3
CALL0006417,+919152083196,+917796949552,2024-07-08 08:00:00,239,0,2
CALL0006418,+918928517156,+917153480644,2024-07-16 23:00:00,92,0,3
CALL0006419,+917737572146,+918901969306,2024-07-25 01:00:00,357,0,2
CALL0006420,+918049017268,+919259223479,2024-06-25 02:00:00,64,0,3
CALL0006421,+917551085324,+917301153830,2024-08-21 21:00:00,125,0,1
CALL0006422,+917290991551,+917814590557,2024-07-26 10:00:00,234,0,1
CALL0006423,+918376102786,+918852044967,2024-04-04 02:00:00,347,0,3
CALL0006424,+919180816654,+919466007364,2024-05-20 06:00:00,368,0,1
CALL0006425,+917215619506,+917742541990,2024-01-31 07:00:00,247,0,2
CALL0006426,+919220745891,+918186919540,2024-08-30 06:00:00,322,0,3
CALL0006427,+917522096614,+919273048964,2024-04-03 19:00:00,90,0,3
CALL0006428,+917660393831,+918549813506,2024-08-15 00:00:00,340,0,3
CALL0006429,+918498045861,+917226182940,2024-11-26 12:00:00,260,0,1
CALL0006430,+919154360994,+918045406339,2024-01-15 02:00:00,248,0,1
CALL0006431,+917830247811,+917247669226,2024-04-22 21:00:00,145,0,1
CALL0006432,+919261137716,+919518376274,2024-11-03 11:00:00,221,0,2
CALL0006433,+918724600424,+919632277227,2024-05-17 11:00:00,142,0,2
CALL0006434,+918977018447,+917780534826,2024-02-15 20:00:00,253,0,3
CALL0006435,+918085239224,+918679539051,2024-11-15 14:00:00,326,0,1
CALL0006436,+917817666224,+918730320644,2024-04-27 09:00:00,196,0,1
CALL0006437,+917718912953,+919427465438,2024-07-13 14:00:00,32,0,1
CALL0006438,+917817130515,+918069784796,2024-09-08 09:00:00,397,0,1
CALL0006439,+919263690211,+917776688815,2024-05-11 05:00:00,393,0,3
CALL0006440,+918962739459,+919874611576,2024-08-01 01:00:00,287,0,2
CALL0006441,+919988503714,+919067313473,2024-01-19 17:00:00,22,0,2
CALL0006442,+919020653899,+919099754332,2024-06-06 03:00:00,79,0,2
CALL0006443,+919201932070,+919880573897,2024-07-10 00:00:00,159,0,2
CALL0006444,+918618177647,+917287984019,2024-08-15 09:00:00,151,0,2
CALL0006445,+917081220053,+919074260135,2024-10-19 09:00:00,292,0,1
CALL0006446,+919974546940,+919277217660,2024-04-25 18:00:00,197,0,3
CALL0006447,+919839183551,+917342999385,2024-09-06 23:00:00,386,0,1
CALL0006448,+918104598583,+919076186128,2024-08-31 20:00:00,306,0,3
CALL0006449,+917509377409,+917202746095,2024-09-29 00:00:00,375,0,3
CALL0006450,+918429363223,+919168648210,2024-08-03 09:00:00,166,0,1
CALL0006451,+919136361218,+917363257103,2024-01-18 22:00:00,64,0,3
CALL0006452,+918128387403,+917549140189,2024-04-20 10:00:00,340,0,3
CALL0006453,+918141329092,+917952434250,2024-12-24 22:00:00,229,0,2
CALL0006454,+919375768268,+917418780244,2024-07-02 07:00:00,144,0,1
CALL0006455,+917516345495,+919940007671,2024-08-02 15:00:00,382,0,1
CALL0006456,+917141389755,+917782761634,2024-06-14 04:00:00,286,0,2
CALL0006457,+918146020883,+918088674318,2024-09-18 17:00:00,390,0,3
CALL0006458,+919556565597,+918662864406,2024-08-03 05:00:00,167,0,3
CALL0006459,+917115993340,+918758603669,2024-01-06 20:00:00,307,0,3
CALL0006460,+917826503417,+919971567153,2024-05-08 00:00:00,208,0,3
CALL0006461,+917820467588,+917328940794,2024-06-05 19:00:00,369,0,2
CALL0006462,+919315975918,+917010673789,2024-07-11 00:00:00,45,0,1
CALL0006463,+918018880406,+917187594112,2024-09-28 06:00:00,377,0,3
CALL0006464,+919556565597,+918206177152,2024-08-03 19:00:00,114,0,2
CALL0006465,+919289693797,+918567216108,2024-10-25 03:00:00,336,0,1
CALL0006466,+917818453480,+918598684591,2024-03-16 08:00:00,327,0,3
CALL0006467,+917423535422,+919531741517,2024-10-01 13:00:00,26,0,2
CALL0006468,+917418443349,+919363524203,2024-11-15 00:00:00,64,0,2
CALL0006469,+917462368340,+918623219916,2024-05-28 06:00:00,396,0,1
CALL0006470,+917492711016,+919667096954,2024-02-08 19:00:00,61,0,1
CALL0006471,+917401377951,+919553713288,2024-07-13 21:00:00,391,0,2
CALL0006472,+917789977111,+918060998960,2024-05-19 08:00:00,37,0,3
CALL0006473,+918861662197,+918062081362,2024-02-29 16:00:00,22,0,1
CALL0006474,+919010559688,+919099446917,2024-09-05 04:00:00,386,0,1
CALL0006475,+919797914625,+918336513454,2024-12-17 03:00:00,332,0,1
CALL0006476,+919053994990,+919690675184,2024-05-11 05:00:00,245,0,1
CALL0006477,+919330790843,+917831915271,2024-10-18 03:00:00,166,0,2
CALL0006478,+918262313517,+918297844106,2024-02-21 14:00:00,384,0,3
CALL0006479,+917265177311,+919935166386,2024-05-23 20:00:00,316,0,3
CALL0006480,+917216650301,+918703151880,2024-11-04 00:00:00,66,0,3
CALL0006481,+917219956734,+919736588886,2024-10-14 13:00:00,290,0,2
CALL0006482,+917411175459,+919589490394,2024-12-11 16:00:00,297,0,1
CALL0006483,+919845215049,+917195442381,2024-01-22 10:00:00,352,0,1
CALL0006484,+918829164395,+917563175691,2024-01-02 04:00:00,213,0,2
CALL0006485,+917603753540,+917869149683,2024-04-07 03:00:00,329,0,1
CALL0006486,+919576797908,+917814590557,2024-10-25 00:00:00,318,0,2
CALL0006487,+917668567963,+918880461950,2024-05-28 06:00:00,317,0,3
CALL0006488,+918661057607,+918376102786,2024-10-11 16:00:00,116,0,1
CALL0006489,+919661608957,+919499884424,2024-03-04 19:00:00,217,0,3
CALL0006490,+917555286697,+919471017509,2024-12-12 15:00:00,52,0,1
CALL0006491,+918073915642,+918951135845,2024-09-21 23:00:00,161,0,3
CALL0006492,+917731445397,+918028336736,2024-11-26 07:00:00,52,0,2
CALL0006493,+917520831080,+917959600315,2024-08-23 21:00:00,192,0,3
CALL0006494,+919559331845,+919769566876,2024-05-04 23:00:00,398,0,3
CALL0006495,+919893446781,+918898482170,2024-12-16 03:00:00,318,0,1
CALL0006496,+919449436330,+917519992545,2024-09-30 19:00:00,143,0,2
CALL0006497,+919047656531,+917431987068,2024-09-22 15:00:00,393,0,2
CALL0006498,+918732910605,+917048260243,2024-04-12 02:00:00,323,0,3
CALL0006499,+919259678475,+917689307759,2024-12-01 05:00:00,62,0,1
CALL0006500,+918121964659,+917926611084,2024-12-10 08:00:00,220,0,3
CALL0006501,+918920911580,+917122540546,2024-06-13 09:00:00,298,0,3
CALL0006502,+918474241191,+918386445658,2024-01-03 10:00:00,254,0,2
CALL0006503,+918999842897,+918578338536,2024-06-05 20:00:00,360,0,2
CALL0006504,+919863433035,+919896918354,2024-01-19 02:00:00,127,0,3
CALL0006505,+919360343087,+918844212711,2024-04-22 23:00:00,183,0,3
CALL0006506,+918106389133,+918105137057,2024-08-13 10:00:00,256,0,2
CALL0006507,+917890682048,+918193461406,2024-04-28 11:00:00,221,0,2
CALL0006508,+917782287037,+919498938942,2024-05-26 15:00:00,201,0,3
CALL0006509,+917522096614,+918247073472,2024-07-21 18:00:00,364,0,3
CALL0006510,+917383600148,+918426929880,2024-06-15 21:00:00,286,0,2
CALL0006511,+917776688815,+918058268012,2024-01-29 23:00:00,292,0,3
CALL0006512,+918599199184,+917364136945,2024-10-26 22:00:00,251,0,3
CALL0006513,+919908817044,+918724204062,2024-08-25 05:00:00,262,0,3
CALL0006514,+918863965206,+917444106499,2024-03-04 12:00:00,233,0,1
CALL0006515,+917517035136,+918150290590,2024-09-26 04:00:00,265,0,2
CALL0006516,+918469611128,+917213750572,2024-04-09 19:00:00,271,0,2
CALL0006517,+918633560563,+918580267500,2024-10-03 10:00:00,229,0,3
CALL0006518,+918180932888,+917590835096,2024-07-08 05:00:00,208,0,2
CALL0006519,+918923935346,+917787117078,2024-05-09 18:00:00,274,0,3
CALL0006520,+919427388139,+919154696022,2024-12-10 07:00:00,232,0,3
CALL0006521,+919932009493,+919942601200,2024-05-16 01:00:00,230,0,1
CALL0006522,+919262383961,+919977123596,2024-07-03 21:00:00,188,0,2
CALL0006523,+917353651919,+917462010186,2024-10-13 02:00:00,13,0,2
CALL0006524,+918513804828,+917097281774,2024-09-18 23:00:00,140,0,2
CALL0006525,+917737572146,+919471240590,2024-06-28 06:00:00,50,0,1
CALL0006526,+918238024990,+918553653722,2024-08-06 03:00:00,388,0,3
CALL0006527,+919743400425,+918090352541,2024-01-29 21:00:00,390,0,2
CALL0006528,+918750232761,+918529420824,2024-08-06 01:00:00,228,0,2
CALL0006529,+917667137477,+918826510670,2024-11-26 01:00:00,126,0,1
CALL0006530,+917417184253,+918912329659,2024-07-09 19:00:00,366,0,2
CALL0006531,+918577638879,+917343892448,2024-07-05 19:00:00,124,0,1
CALL0006532,+917856766421,+917918394465,2024-06-23 12:00:00,157,0,1
CALL0006533,+918434904147,+919547667849,2024-06-15 00:00:00,236,0,2
CALL0006534,+919242655286,+919939863752,2024-02-06 08:00:00,182,0,3
CALL0006535,+917204927991,+918431190579,2024-05-09 19:00:00,293,0,2
CALL0006536,+919335831787,+918434518996,2024-07-18 09:00:00,327,0,1
CALL0006537,+917991237762,+918757434963,2024-02-09 09:00:00,174,0,2
CALL0006538,+919681222521,+918618177647,2024-01-10 23:00:00,272,0,2
CALL0006539,+919487161643,+917084346622,2024-11-09 22:00:00,156,0,2
CALL0006540,+917333931649,+918401309519,2024-06-06 15:00:00,81,0,3
CALL0006541,+919147457134,+918199652625,2024-02-04 12:00:00,24,0,3
CALL0006542,+918048662908,+917118874784,2024-03-03 20:00:00,293,0,1
CALL0006543,+919056477120,+918668146205,2024-09-30 15:00:00,356,0,3
CALL0006544,+917588880459,+919320361175,2024-04-16 10:00:00,229,0,1
CALL0006545,+917557715617,+917085970362,2024-11-15 12:00:00,31,0,3
CALL0006546,+918980009139,+917423535422,2024-08-19 06:00:00,190,0,1
CALL0006547,+918015730890,+918046935393,2024-04-04 02:00:00,351,0,2
CALL0006548,+917364136945,+919025307251,2024-06-28 14:00:00,341,0,3
CALL0006549,+919788177940,+917202746095,2024-07-23 21:00:00,114,0,3
CALL0006550,+919064272007,+919852692942,2024-07-21 18:00:00,162,0,2
CALL0006551,+917495082507,+918886405457,2024-07-30 18:00:00,35,0,1
CALL0006552,+918022651338,+919661598978,2024-05-03 18:00:00,165,0,1
CALL0006553,+917865708455,+918375780470,2024-05-18 15:00:00,276,0,1
CALL0006554,+918857059606,+919563787200,2024-03-07 04:00:00,201,0,3
CALL0006555,+918816814777,+918548006843,2024-05-15 19:00:00,393,0,3
CALL0006556,+918021056171,+917671242206,2024-10-18 03:00:00,255,0,2
CALL0006557,+918284311701,+919318615913,2024-06-15 08:00:00,201,0,1
CALL0006558,+917084319450,+918922252833,2024-06-22 01:00:00,300,0,2
CALL0006559,+918393295253,+918448242213,2024-04-02 13:00:00,376,0,3
CALL0006560,+919192432089,+919264454361,2024-07-20 07:00:00,362,0,3
CALL0006561,+918533821527,+917383256721,2024-10-27 14:00:00,219,0,3
CALL0006562,+919154696022,+917375523818,2024-01-25 00:00:00,262,0,1
CALL0006563,+917894188675,+917512265114,2024-10-20 20:00:00,268,0,2
CALL0006564,+918974088573,+918375780470,2024-11-13 13:00:00,75,0,3
CALL0006565,+917844083206,+919946451158,2024-10-05 00:00:00,72,0,3
CALL0006566,+917064001479,+917865708455,2024-01-15 04:00:00,75,0,2
CALL0006567,+919189916841,+918631199344,2024-06-07 06:00:00,341,0,1
CALL0006568,+918193461406,+918844212711,2024-11-29 13:00:00,224,0,3
CALL0006569,+919064360196,+918476758920,2024-10-17 11:00:00,78,0,1
CALL0006570,+917661483729,+917258461081,2024-09-16 14:00:00,351,0,2
CALL0006571,+918205708860,+917865040899,2024-05-16 13:00:00,143,0,3
CALL0006572,+917081220053,+918085239224,2024-10-13 08:00:00,56,0,1
CALL0006573,+919324935337,+918927871793,2024-06-18 23:00:00,180,0,1
CALL0006574,+918134524341,+917301117467,2024-06-19 11:00:00,234,0,1
CALL0006575,+917405524918,+918746523435,2024-07-08 22:00:00,236,0,1
CALL0006576,+918561691910,+917469288770,2024-05-30 18:00:00,80,0,3
CALL0006577,+919538348672,+918991990514,2024-11-16 19:00:00,281,0,2
CALL0006578,+919694696700,+919948082093,2024-04-26 17:00:00,189,0,1
CALL0006579,+918347531440,+917288795457,2024-01-05 19:00:00,225,0,1
CALL0006580,+917820467588,+919120960864,2024-03-05 04:00:00,180,0,1
CALL0006581,+918157797343,+917632071898,2024-05-20 06:00:00,294,0,2
CALL0006582,+918844212711,+918926642740,2024-10-28 01:00:00,42,0,2
CALL0006583,+918855613131,+918495412576,2024-10-04 02:00:00,250,0,1
CALL0006584,+918687116294,+917780534826,2024-12-14 21:00:00,189,0,1
CALL0006585,+919534632096,+918797737911,2024-11-06 23:00:00,45,0,3
CALL0006586,+919010559688,+917879604306,2024-09-06 07:00:00,358,0,2
CALL0006587,+917959448125,+917122951080,2024-10-15 07:00:00,288,0,1
CALL0006588,+919847317104,+919004127444,2024-06-02 00:00:00,204,0,1
CALL0006589,+919391030808,+917610990739,2024-07-28 07:00:00,57,0,3
CALL0006590,+918700347193,+918040789300,2024-10-01 14:00:00,223,0,3
CALL0006591,+919538348672,+919626970265,2024-10-01 07:00:00,284,0,1
CALL0006592,+919528889996,+917937687109,2024-11-17 04:00:00,211,0,1
CALL0006593,+919725605792,+918921457694,2024-06-13 17:00:00,320,0,1
CALL0006594,+917050279483,+918521965287,2024-11-19 06:00:00,271,0,3
CALL0006595,+918337617767,+918612071565,2024-01-16 07:00:00,26,0,2
CALL0006596,+917431987068,+918177053694,2024-06-09 19:00:00,221,0,1
CALL0006597,+919874342556,+918842513271,2024-09-10 18:00:00,199,0,2
CALL0006598,+917510409184,+918962739459,2024-07-02 00:00:00,112,0,1
CALL0006599,+918446503774,+917613430607,2024-12-16 07:00:00,233,0,1
CALL0006600,+919463635287,+917997872276,2024-05-05 04:00:00,181,0,2
CALL0006601,+917201458173,+918416261435,2024-08-11 09:00:00,69,0,1
CALL0006602,+918444295335,+917179768928,2024-03-24 21:00:00,316,0,1
CALL0006603,+918717630033,+917299024535,2024-06-10 21:00:00,264,0,3
CALL0006604,+919250503596,+919061437107,2024-01-24 07:00:00,141,0,2
CALL0006605,+919154696022,+919177913336,2024-02-08 15:00:00,144,0,1
CALL0006606,+919021305574,+917962052682,2024-02-27 03:00:00,229,0,1
CALL0006607,+918140499040,+917827135927,2024-04-05 20:00:00,113,0,3
CALL0006608,+918004899172,+917516345495,2024-09-27 05:00:00,352,0,1
CALL0006609,+917727288174,+918776239217,2024-10-06 07:00:00,153,0,1
CALL0006610,+919104186799,+917495082507,2024-09-07 08:00:00,283,0,3
CALL0006611,+918178227400,+919076186128,2024-08-28 06:00:00,223,0,2
CALL0006612,+919946451158,+919152801931,2024-12-27 21:00:00,360,0,3
CALL0006613,+917171797337,+918798203717,2024-04-27 13:00:00,45,0,1
CALL0006614,+917316312658,+919725605792,2024-06-21 17:00:00,258,0,1
CALL0006615,+918306079872,+917572245003,2024-05-24 09:00:00,55,0,2
CALL0006616,+919260285435,+918075357159,2024-12-11 02:00:00,333,0,1
CALL0006617,+918279372522,+917807938042,2024-06-23 20:00:00,117,0,1
CALL0006618,+919844111871,+918737871745,2024-06-24 19:00:00,397,0,2
CALL0006619,+917406048332,+917081244048,2024-02-08 23:00:00,334,0,3
CALL0006620,+918743849191,+918841286305,2024-06-01 07:00:00,358,0,3
CALL0006621,+917760069407,+918480920526,2024-06-20 15:00:00,16,0,1
CALL0006622,+917661483729,+917557954311,2024-12-21 04:00:00,75,0,1
CALL0006623,+917232043873,+919131157500,2024-09-09 06:00:00,90,0,1
CALL0006624,+918399629595,+917544838974,2024-12-24 23:00:00,339,0,2
CALL0006625,+917744487472,+919192295021,2024-08-26 17:00:00,263,0,2
CALL0006626,+918427088025,+919693781332,2024-04-19 00:00:00,126,0,2
CALL0006627,+919852873984,+918074808853,2024-05-09 03:00:00,351,0,1
CALL0006628,+918876557575,+917718035625,2024-07-31 08:00:00,63,0,2
CALL0006629,+917849459515,+917277992326,2024-04-20 16:00:00,266,0,2
CALL0006630,+919256139027,+919151133604,2024-08-31 03:00:00,223,0,3
CALL0006631,+917144757117,+918408123755,2024-10-20 22:00:00,210,0,1
CALL0006632,+917971090562,+918185626834,2024-03-21 06:00:00,167,0,3
CALL0006633,+918238907104,+919356818732,2024-03-30 06:00:00,84,0,2
CALL0006634,+917027560364,+918838359266,2024-07-25 15:00:00,36,0,2
CALL0006635,+917530275761,+919616320830,2024-07-26 06:00:00,322,0,3
CALL0006636,+919362712982,+919586758928,2024-02-05 06:00:00,311,0,2
CALL0006637,+919534632096,+917426507513,2024-07-09 15:00:00,229,0,1
CALL0006638,+918426929880,+917322472349,2024-01-08 06:00:00,78,0,3
CALL0006639,+917474188194,+918722346198,2024-04-03 08:00:00,193,0,2
CALL0006640,+918614680274,+917223975681,2024-03-06 09:00:00,120,0,1
CALL0006641,+918193461406,+919077691922,2024-07-26 06:00:00,299,0,2
CALL0006642,+917684624174,+919092370565,2024-01-06 06:00:00,332,0,3
CALL0006643,+919994878942,+918276948663,2024-05-31 18:00:00,349,0,2
CALL0006644,+919411813710,+917821887532,2024-03-19 20:00:00,41,0,2
CALL0006645,+919816131532,+917703662830,2024-06-08 08:00:00,301,0,2
CALL0006646,+919568591577,+919585754380,2024-07-12 07:00:00,117,0,1
CALL0006647,+918927072324,+919519798742,2024-07-11 01:00:00,349,0,2
CALL0006648,+918229200626,+919372869390,2024-08-03 10:00:00,372,0,2
CALL0006649,+918757434963,+918320506840,2024-10-07 22:00:00,229,0,1
CALL0006650,+919032861295,+919940712089,2024-03-05 18:00:00,261,0,2
CALL0006651,+917418359148,+918351999756,2024-07-08 16:00:00,65,0,1
CALL0006652,+919920970781,+917288795457,2024-03-23 19:00:00,206,0,3
CALL0006653,+919115477510,+917889763398,2024-09-10 12:00:00,152,0,1
CALL0006654,+917288371658,+919547667849,2024-04-11 19:00:00,13,0,3
CALL0006655,+917762230242,+919525548612,2024-09-20 15:00:00,351,0,1
CALL0006656,+919039452715,+917301153830,2024-03-12 12:00:00,292,0,1
CALL0006657,+917146679048,+919192619889,2024-03-27 05:00:00,232,0,2
CALL0006658,+919336884385,+919332667401,2024-10-09 22:00:00,194,0,1
CALL0006659,+918073269433,+917332154257,2024-04-25 16:00:00,27,0,2
CALL0006660,+918313177530,+918169236455,2024-03-15 03:00:00,134,0,3
CALL0006661,+919725355753,+918987928210,2024-01-07 11:00:00,209,0,1
CALL0006662,+918279372522,+917409215332,2024-01-09 03:00:00,44,0,1
CALL0006663,+918329694802,+917202746095,2024-02-01 05:00:00,110,0,2
CALL0006664,+918842513271,+917648259102,2024-04-11 02:00:00,157,0,2
CALL0006665,+919808616609,+918567216108,2024-10-26 16:00:00,87,0,3
CALL0006666,+917509377409,+918748375357,2024-05-16 14:00:00,211,0,1
CALL0006667,+917050868978,+918170245888,2024-12-27 00:00:00,58,0,1
CALL0006668,+919893736727,+917663914405,2024-04-01 19:00:00,143,0,1
CALL0006669,+918083129918,+918848738285,2024-07-28 04:00:00,388,0,3
CALL0006670,+918592540348,+919748144476,2024-03-11 15:00:00,232,0,2
CALL0006671,+919090284251,+917900974151,2024-09-04 18:00:00,113,0,1
CALL0006672,+917626967245,+919413960811,2024-11-23 04:00:00,249,0,2
CALL0006673,+918693675549,+919329707485,2024-04-11 15:00:00,174,0,3
CALL0006674,+917990857771,+918036957707,2024-06-27 02:00:00,232,0,2
CALL0006675,+918995666836,+917549031833,2024-04-13 21:00:00,393,0,3
CALL0006676,+917850555993,+919650200561,2024-03-23 10:00:00,157,0,2
CALL0006677,+919471477686,+918015730890,2024-03-30 14:00:00,37,0,2
CALL0006678,+918297903887,+919177125073,2024-07-04 21:00:00,360,0,1
CALL0006679,+917171797337,+919043958964,2024-04-23 22:00:00,190,0,1
CALL0006680,+918429201311,+918623219916,2024-05-09 21:00:00,34,0,3
CALL0006681,+919893301214,+919518376274,2024-04-10 17:00:00,298,0,1
CALL0006682,+919799541820,+917724320527,2024-02-07 14:00:00,186,0,3
CALL0006683,+919749353331,+917780345604,2024-11-28 19:00:00,67,0,3
CALL0006684,+919895943161,+917759673813,2024-03-06 19:00:00,226,0,2
CALL0006685,+917422934177,+918309589783,2024-04-01 16:00:00,136,0,2
CALL0006686,+919132986265,+919473133916,2024-01-02 09:00:00,274,0,2
CALL0006687,+918184682784,+917557849616,2024-03-17 19:00:00,249,0,2
CALL0006688,+918393295253,+917290254324,2024-02-27 05:00:00,121,0,3
CALL0006689,+919769566876,+919656620273,2024-07-18 19:00:00,320,0,3
CALL0006690,+917602511720,+917191957977,2024-03-11 19:00:00,231,0,3
CALL0006691,+919047656531,+917631731166,2024-07-12 12:00:00,342,0,1
CALL0006692,+918305730830,+919695008362,2024-02-29 00:00:00,109,0,2
CALL0006693,+918550188524,+919740188314,2024-09-20 19:00:00,78,0,1
CALL0006694,+917514066195,+918177053694,2024-07-10 06:00:00,273,0,3
CALL0006695,+917063189763,+917449753937,2024-06-06 02:00:00,154,0,1
CALL0006696,+917294003911,+917325864282,2024-05-05 23:00:00,279,0,1
CALL0006697,+918118809822,+917345661835,2024-03-03 13:00:00,277,0,1
CALL0006698,+918602711453,+919174294766,2024-02-05 16:00:00,13,0,1
CALL0006699,+918128387403,+918439688474,2024-11-20 06:00:00,298,0,3
CALL0006700,+917689307759,+917509377409,2024-05-20 14:00:00,267,0,2
CALL0006701,+917169469638,+917052724678,2024-01-31 12:00:00,169,0,1
CALL0006702,+918697997873,+917685175287,2024-12-11 13:00:00,330,0,3
CALL0006703,+919507775070,+919896173413,2024-09-28 16:00:00,38,0,2
CALL0006704,+919911269469,+917668567963,2024-10-17 10:00:00,21,0,3
CALL0006705,+919830351619,+919682075928,2024-05-31 19:00:00,171,0,3
CALL0006706,+917852755777,+917671242206,2024-07-19 23:00:00,300,0,1
CALL0006707,+918671401806,+918077777688,2024-04-11 22:00:00,82,0,3
CALL0006708,+918914457419,+918386445658,2024-08-15 22:00:00,31,0,2
CALL0006709,+917232043873,+917693664381,2024-05-26 12:00:00,57,0,1
CALL0006710,+918165916929,+917553722548,2024-07-14 22:00:00,165,0,3
CALL0006711,+918182231436,+918492143450,2024-08-02 22:00:00,126,0,2
CALL0006712,+917187594112,+918671401806,2024-08-28 07:00:00,243,0,1
CALL0006713,+917281252691,+919244711953,2024-09-19 21:00:00,174,0,3
CALL0006714,+917440843411,+918848738285,2024-12-25 21:00:00,70,0,1
CALL0006715,+917567099125,+917909477987,2024-03-27 19:00:00,313,0,3
CALL0006716,+919427952805,+919693781332,2024-04-22 04:00:00,348,0,3
CALL0006717,+919473112773,+917037509235,2024-11-13 08:00:00,170,0,1
CALL0006718,+919149779477,+918946650976,2024-01-28 01:00:00,390,0,2
CALL0006719,+919295404253,+919846672227,2024-11-21 09:00:00,245,0,1
CALL0006720,+919870848053,+917387052677,2024-08-04 07:00:00,295,0,3
CALL0006721,+917797692705,+918146020883,2024-01-27 21:00:00,372,0,1
CALL0006722,+917699423070,+919057417512,2024-11-16 13:00:00,55,0,3
CALL0006723,+918703984375,+918545254283,2024-05-15 19:00:00,137,0,3
CALL0006724,+918804430315,+919954243502,2024-01-24 06:00:00,340,0,1
CALL0006725,+919589919058,+918329366992,2024-09-04 08:00:00,176,0,1
CALL0006726,+919406899624,+919150792594,2024-07-29 09:00:00,300,0,2
CALL0006727,+917917443974,+919683661777,2024-07-27 03:00:00,158,0,2
CALL0006728,+918399624164,+917425835338,2024-08-29 23:00:00,271,0,3
CALL0006729,+919673510591,+919055166882,2024-09-18 03:00:00,142,0,2
CALL0006730,+917342999385,+917593459607,2024-04-20 20:00:00,160,0,3
CALL0006731,+919682939965,+918426929880,2024-10-04 11:00:00,287,0,2
CALL0006732,+919124125787,+918782726892,2024-09-20 02:00:00,59,0,1
CALL0006733,+917143327922,+919764628821,2024-09-18 01:00:00,347,0,3
CALL0006734,+918545137989,+919559331845,2024-01-02 06:00:00,230,0,1
CALL0006735,+919214094964,+917949497559,2024-09-02 20:00:00,258,0,1
CALL0006736,+919592793807,+918631199344,2024-01-30 15:00:00,362,0,2
CALL0006737,+917014855305,+918921457694,2024-04-11 02:00:00,187,0,1
CALL0006738,+917648259102,+918269240566,2024-06-18 18:00:00,317,0,1
CALL0006739,+918245012958,+919095188708,2024-03-27 13:00:00,108,0,2
CALL0006740,+918901969306,+918257072259,2024-07-09 13:00:00,104,0,1
CALL0006741,+919486810853,+918922252833,2024-03-19 10:00:00,196,0,1
CALL0006742,+919599966521,+919865029131,2024-12-16 04:00:00,162,0,2
CALL0006743,+918265935630,+918943774402,2024-11-14 16:00:00,233,0,3
CALL0006744,+918697997873,+919697009565,2024-11-16 02:00:00,92,0,2
CALL0006745,+919292717902,+918727010876,2024-03-23 22:00:00,368,0,2
CALL0006746,+919987011328,+917414373178,2024-07-29 12:00:00,57,0,2
CALL0006747,+917602518759,+917926089872,2024-07-12 18:00:00,400,0,2
CALL0006748,+919618484696,+917711064491,2024-07-11 14:00:00,68,0,1
CALL0006749,+918761572140,+919863433035,2024-12-29 06:00:00,127,0,2
CALL0006750,+917612146496,+919365212508,2024-05-05 18:00:00,178,0,3
CALL0006751,+918505323238,+919839183551,2024-01-26 01:00:00,325,0,2
CALL0006752,+917558859560,+919674416122,2024-09-26 06:00:00,270,0,2
CALL0006753,+919842999555,+917522096614,2024-09-21 04:00:00,36,0,1
CALL0006754,+918058363956,+917171797337,2024-12-19 22:00:00,301,0,2
CALL0006755,+917141389755,+919172263415,2024-08-27 00:00:00,396,0,1
CALL0006756,+918221283771,+919154360994,2024-03-18 12:00:00,120,0,2
CALL0006757,+919118576763,+917445139353,2024-02-21 08:00:00,57,0,3
CALL0006758,+917990857771,+918336443116,2024-02-05 07:00:00,64,0,2
CALL0006759,+917426507513,+918595493340,2024-10-30 04:00:00,218,0,1
CALL0006760,+918594011837,+919638171573,2024-05-31 05:00:00,376,0,2
CALL0006761,+917558586046,+919350721104,2024-02-06 20:00:00,80,0,3
CALL0006762,+917747076388,+919192295021,2024-03-17 02:00:00,80,0,2
CALL0006763,+919234661867,+918716740215,2024-06-30 23:00:00,220,0,1
CALL0006764,+919211448353,+918393797729,2024-02-01 22:00:00,381,0,3
CALL0006765,+918529469057,+917345215610,2024-06-30 10:00:00,148,0,1
CALL0006766,+917091479125,+918212796857,2024-05-31 22:00:00,268,0,1
CALL0006767,+919954243502,+919232090139,2024-07-10 21:00:00,44,0,1
CALL0006768,+919522792468,+919528889996,2024-12-02 14:00:00,264,0,1
CALL0006769,+918015607775,+917622119528,2024-04-11 20:00:00,22,0,3
CALL0006770,+917520831080,+918822690904,2024-02-25 06:00:00,136,0,3
CALL0006771,+919327110972,+917896070072,2024-10-02 19:00:00,114,0,2
CALL0006772,+919958386134,+918429363223,2024-01-02 23:00:00,52,0,1
CALL0006773,+919748144476,+919844111871,2024-01-14 15:00:00,216,0,2
CALL0006774,+917180672668,+918927829226,2024-06-21 21:00:00,313,0,1
CALL0006775,+919484869123,+919874611576,2024-12-27 11:00:00,73,0,3
CALL0006776,+918270296369,+918170168473,2024-03-17 01:00:00,376,0,1
CALL0006777,+917167963175,+917691462597,2024-06-08 22:00:00,26,0,1
CALL0006778,+918412044908,+919875235488,2024-09-20 02:00:00,15,0,2
CALL0006779,+919259223479,+918282325732,2024-04-28 08:00:00,336,0,3
CALL0006780,+918177959505,+918416261435,2024-08-08 15:00:00,140,0,2
CALL0006781,+918063299174,+917593858817,2024-10-12 14:00:00,230,0,3
CALL0006782,+918219477886,+917865040899,2024-02-03 23:00:00,384,0,2
CALL0006783,+918827039439,+917108804793,2024-04-02 13:00:00,297,0,1
CALL0006784,+917868870387,+917358295170,2024-11-07 04:00:00,60,0,2
CALL0006785,+919723061326,+919933570982,2024-03-01 22:00:00,209,0,1
CALL0006786,+918176411041,+919090676323,2024-03-16 06:00:00,154,0,3
CALL0006787,+918952971098,+919923213757,2024-09-10 02:00:00,111,0,1
CALL0006788,+919858679783,+919024316291,2024-07-17 20:00:00,163,0,1
CALL0006789,+919704430230,+917125915878,2024-07-31 19:00:00,67,0,1
CALL0006790,+918233696949,+917827979808,2024-08-23 19:00:00,105,0,1
CALL0006791,+918080986148,+917585981378,2024-09-10 17:00:00,196,0,3
CALL0006792,+917198893803,+917943091247,2024-12-04 22:00:00,51,0,3
CALL0006793,+919810231533,+917997872276,2024-02-11 11:00:00,83,0,3
CALL0006794,+919093704941,+918195396697,2024-11-16 21:00:00,232,0,1
CALL0006795,+918886107605,+919343140526,2024-11-18 22:00:00,349,0,2
CALL0006796,+917253136414,+919597971136,2024-08-21 12:00:00,286,0,2
CALL0006797,+919090284251,+917685175287,2024-09-28 08:00:00,232,0,1
CALL0006798,+917768414397,+918313718687,2024-06-21 15:00:00,228,0,1
CALL0006799,+917604793424,+918201048265,2024-02-19 16:00:00,254,0,3
CALL0006800,+918157693483,+917305981824,2024-03-23 22:00:00,65,0,3
CALL0006801,+917703432304,+919748144476,2024-05-07 14:00:00,166,0,1
CALL0006802,+917956680557,+918903150664,2024-11-12 11:00:00,222,0,1
CALL0006803,+919182379924,+919532710888,2024-03-07 04:00:00,372,0,2
CALL0006804,+917868190327,+919583499100,2024-06-21 06:00:00,26,0,2
CALL0006805,+918966667312,+919464702876,2024-03-18 02:00:00,398,0,2
CALL0006806,+919009274208,+917831915271,2024-01-30 17:00:00,308,0,2
CALL0006807,+919327150532,+918984556930,2024-07-05 05:00:00,58,0,3
CALL0006808,+918477921421,+918623085212,2024-04-28 12:00:00,299,0,2
CALL0006809,+919413960811,+919168948553,2024-06-02 23:00:00,388,0,2
CALL0006810,+917762230242,+917612615236,2024-03-17 00:00:00,360,0,3
CALL0006811,+919250503596,+917653672025,2024-04-01 01:00:00,20,0,2
CALL0006812,+917426507513,+919327150532,2024-12-30 10:00:00,353,0,3
CALL0006813,+917868190327,+917604740465,2024-12-10 03:00:00,308,0,2
CALL0006814,+917504017228,+919090676323,2024-09-14 12:00:00,253,0,2
CALL0006815,+918499115240,+917514427563,2024-09-09 12:00:00,42,0,2
CALL0006816,+919215022544,+919232880889,2024-03-24 10:00:00,280,0,1
CALL0006817,+918634058599,+918722346198,2024-04-17 08:00:00,247,0,3
CALL0006818,+917866233156,+917302268915,2024-02-09 14:00:00,366,0,1
CALL0006819,+919047656531,+919115477510,2024-06-05 12:00:00,121,0,2
CALL0006820,+918238024990,+919629319238,2024-03-02 21:00:00,214,0,3
CALL0006821,+917306576833,+918439855928,2024-08-19 19:00:00,106,0,1
CALL0006822,+919089698010,+917470553031,2024-08-08 12:00:00,271,0,1
CALL0006823,+918771837244,+917951915857,2024-04-15 07:00:00,208,0,2
CALL0006824,+918744138529,+918664524105,2024-05-17 17:00:00,151,0,1
CALL0006825,+917504017228,+918481114841,2024-01-26 15:00:00,38,0,2
CALL0006826,+919471365252,+918614157011,2024-06-23 15:00:00,216,0,1
CALL0006827,+918509256462,+919115036867,2024-05-02 14:00:00,286,0,2
CALL0006828,+919697050074,+919879157250,2024-01-04 03:00:00,312,0,3
CALL0006829,+919072986965,+919800580030,2024-02-28 22:00:00,196,0,3
CALL0006830,+918616913847,+918914803524,2024-06-21 04:00:00,207,0,2
CALL0006831,+919979010392,+917122951080,2024-12-15 11:00:00,253,0,2
CALL0006832,+918545254283,+919154696022,2024-05-30 16:00:00,303,0,3
CALL0006833,+917495925942,+918122153064,2024-06-30 20:00:00,301,0,1
CALL0006834,+918784428350,+917527660066,2024-12-30 08:00:00,290,0,1
CALL0006835,+917458165381,+919093704941,2024-01-16 04:00:00,378,0,2
CALL0006836,+919461498904,+919650200561,2024-02-25 04:00:00,368,0,2
CALL0006837,+917539790877,+917612863973,2024-04-17 09:00:00,168,0,2
CALL0006838,+917287984019,+918804175205,2024-01-28 11:00:00,198,0,3
CALL0006839,+917896634508,+919201932070,2024-09-28 11:00:00,162,0,3
CALL0006840,+917962052682,+917642032345,2024-04-10 21:00:00,354,0,2
CALL0006841,+919845901854,+918753973094,2024-09-21 00:00:00,313,0,1
CALL0006842,+917608372421,+918328519758,2024-02-17 11:00:00,52,0,3
CALL0006843,+919092069083,+918426952486,2024-01-07 15:00:00,247,0,3
CALL0006844,+919330478248,+918842513271,2024-03-18 04:00:00,102,0,3
CALL0006845,+917759673813,+919165403614,2024-06-15 08:00:00,183,0,1
CALL0006846,+918017228296,+917685175287,2024-05-24 02:00:00,359,0,2
CALL0006847,+919586758928,+917702287751,2024-06-15 20:00:00,148,0,1
CALL0006848,+918481140641,+917992369643,2024-03-27 19:00:00,110,0,1
CALL0006849,+917325864282,+917738109932,2024-09-09 04:00:00,99,0,3
CALL0006850,+917901139125,+919856512035,2024-02-09 14:00:00,251,0,2
CALL0006851,+919067910041,+918238878181,2024-07-17 06:00:00,104,0,2
CALL0006852,+919845901854,+918094229619,2024-04-21 12:00:00,288,0,1
CALL0006853,+917867657141,+918337617767,2024-09-23 22:00:00,123,0,2
CALL0006854,+917253858407,+917368598673,2024-05-13 08:00:00,16,0,1
CALL0006855,+917082752360,+918768506530,2024-08-11 12:00:00,379,0,1
CALL0006856,+919635408966,+919897834780,2024-04-04 03:00:00,93,0,2
CALL0006857,+917339009628,+918919444695,2024-05-18 07:00:00,242,0,3
CALL0006858,+918588274904,+919466007364,2024-08-24 16:00:00,320,0,1
CALL0006859,+918213051178,+918749591122,2024-08-22 17:00:00,84,0,2
CALL0006860,+919922721319,+918757434963,2024-12-06 15:00:00,186,0,1
CALL0006861,+919656620273,+917482142641,2024-05-20 18:00:00,396,0,3
CALL0006862,+918974741049,+919191607869,2024-07-22 10:00:00,365,0,3
CALL0006863,+919473133916,+919467007063,2024-07-12 08:00:00,328,0,2
CALL0006864,+918025020924,+917003794208,2024-08-27 19:00:00,327,0,1
CALL0006865,+919576797908,+918456091677,2024-01-27 09:00:00,222,0,1
CALL0006866,+917125915878,+919189916841,2024-07-06 21:00:00,143,0,2
CALL0006867,+919266140163,+919343140526,2024-10-16 21:00:00,76,0,3
CALL0006868,+919296910342,+919531741517,2024-01-17 20:00:00,289,0,3
CALL0006869,+919156996349,+918457426179,2024-08-19 22:00:00,286,0,1
CALL0006870,+917737263640,+919958386134,2024-09-23 02:00:00,242,0,2
CALL0006871,+919749353331,+917397019796,2024-09-15 06:00:00,366,0,3
CALL0006872,+919544573226,+917161199402,2024-10-16 23:00:00,87,0,2
CALL0006873,+919674416122,+919878280142,2024-07-23 23:00:00,340,0,1
CALL0006874,+917107434698,+919666114780,2024-10-10 02:00:00,309,0,1
CALL0006875,+918598684591,+918381592162,2024-10-10 08:00:00,116,0,2
CALL0006876,+919479668638,+917711064491,2024-10-28 09:00:00,95,0,1
CALL0006877,+919451196537,+919962514927,2024-03-30 08:00:00,68,0,1
CALL0006878,+919618484696,+918905147640,2024-10-20 04:00:00,303,0,2
CALL0006879,+917790439744,+919769914452,2024-05-28 16:00:00,393,0,2
CALL0006880,+918721465581,+918534929276,2024-08-25 09:00:00,362,0,1
CALL0006881,+917154549660,+918845769418,2024-05-24 08:00:00,379,0,3
CALL0006882,+917557715617,+917599555256,2024-10-02 22:00:00,285,0,3
CALL0006883,+919991026525,+919019323438,2024-02-21 07:00:00,352,0,1
CALL0006884,+919032861295,+917001003684,2024-06-01 13:00:00,264,0,1
CALL0006885,+918442892727,+918736440699,2024-01-14 17:00:00,176,0,3
CALL0006886,+917481814166,+917379547237,2024-06-23 13:00:00,314,0,1
CALL0006887,+919949355978,+919055196309,2024-03-12 14:00:00,188,0,2
CALL0006888,+919693783452,+917443857590,2024-03-26 00:00:00,17,0,3
CALL0006889,+918318256925,+919281111605,2024-06-13 20:00:00,222,0,1
CALL0006890,+917585029871,+917345661835,2024-02-18 10:00:00,289,0,1
CALL0006891,+917833150440,+917290991551,2024-10-19 12:00:00,117,0,3
CALL0006892,+917919908192,+918426952486,2024-02-12 04:00:00,28,0,3
CALL0006893,+917804889161,+918348414167,2024-10-29 23:00:00,144,0,3
CALL0006894,+918058268012,+918666218038,2024-01-06 12:00:00,399,0,2
CALL0006895,+919067910041,+917856934071,2024-01-11 05:00:00,212,0,1
CALL0006896,+918857703808,+917551085324,2024-03-14 04:00:00,313,0,3
CALL0006897,+917431987068,+918614680274,2024-12-13 12:00:00,293,0,2
CALL0006898,+917226182940,+918450800726,2024-09-03 18:00:00,371,0,3
CALL0006899,+918500047034,+919795779449,2024-09-01 15:00:00,135,0,2
CALL0006900,+918997704977,+919090758045,2024-12-07 09:00:00,14,0,3
CALL0006901,+918179457611,+917887272176,2024-11-08 08:00:00,108,0,2
CALL0006902,+918607802699,+918360887094,2024-03-23 11:00:00,199,0,3
CALL0006903,+918183871576,+918985622483,2024-08-21 10:00:00,272,0,1
CALL0006904,+917516295029,+919820654340,2024-08-28 07:00:00,75,0,3
CALL0006905,+917856935319,+918058363956,2024-04-01 23:00:00,273,0,3
CALL0006906,+917108804793,+919690675184,2024-10-13 06:00:00,289,0,2
CALL0006907,+917585981378,+919852692942,2024-10-20 07:00:00,249,0,1
CALL0006908,+918999842897,+917534776852,2024-08-02 06:00:00,67,0,1
CALL0006909,+919707635730,+918448669042,2024-03-05 20:00:00,354,0,1
CALL0006910,+919039452715,+917363993338,2024-02-14 15:00:00,98,0,3
CALL0006911,+917590835096,+917832568843,2024-09-27 07:00:00,13,0,3
CALL0006912,+918991599416,+917115993340,2024-12-10 05:00:00,357,0,3
CALL0006913,+919795779449,+918828799324,2024-09-30 21:00:00,376,0,3
CALL0006914,+918513804828,+919065300289,2024-01-07 16:00:00,35,0,2
CALL0006915,+918247073472,+919985658287,2024-10-12 03:00:00,123,0,1
CALL0006916,+918481140641,+917557849616,2024-01-02 18:00:00,44,0,3
CALL0006917,+917087471019,+918067915626,2024-09-20 22:00:00,126,0,1
CALL0006918,+918025292022,+918686888206,2024-01-02 20:00:00,289,0,2
CALL0006919,+919398904447,+919110095466,2024-03-27 07:00:00,266,0,1
CALL0006920,+918100825517,+919573202774,2024-05-14 19:00:00,226,0,3
CALL0006921,+918060998960,+918028819455,2024-07-18 16:00:00,397,0,1
CALL0006922,+918094229619,+917684106557,2024-07-19 12:00:00,226,0,2
CALL0006923,+919077787360,+917003706809,2024-05-05 01:00:00,286,0,3
CALL0006924,+919372926887,+919055196309,2024-06-20 00:00:00,44,0,2
CALL0006925,+918634058599,+918641309430,2024-09-04 09:00:00,231,0,3
CALL0006926,+917662144087,+917275836234,2024-10-11 19:00:00,178,0,3
CALL0006927,+918920911580,+918921457694,2024-03-06 07:00:00,212,0,2
CALL0006928,+919111020757,+919604117741,2024-12-29 14:00:00,41,0,1
CALL0006929,+919168648210,+917542852669,2024-10-22 17:00:00,108,0,2
CALL0006930,+917051363543,+918703151880,2024-12-22 01:00:00,391,0,3
CALL0006931,+919065144201,+917867657141,2024-01-25 12:00:00,224,0,1
CALL0006932,+918952971098,+919068314665,2024-05-13 21:00:00,346,0,1
CALL0006933,+918381592162,+917276856348,2024-04-05 08:00:00,246,0,3
CALL0006934,+919042166778,+917949444336,2024-09-15 07:00:00,379,0,3
CALL0006935,+919215789463,+917567099125,2024-04-17 05:00:00,234,0,1
CALL0006936,+919696158895,+917015770674,2024-11-21 09:00:00,39,0,2
CALL0006937,+919705445996,+917787117078,2024-03-08 08:00:00,341,0,1
CALL0006938,+917759673813,+919612206601,2024-11-06 11:00:00,73,0,3
CALL0006939,+919593063943,+918264843503,2024-02-10 02:00:00,297,0,2
CALL0006940,+917111705294,+917122951080,2024-09-19 04:00:00,317,0,1
CALL0006941,+917807938042,+918696296750,2024-12-08 17:00:00,120,0,3
CALL0006942,+919787363358,+919076186128,2024-12-24 15:00:00,162,0,2
CALL0006943,+919720712378,+919211448353,2024-03-30 07:00:00,36,0,2
CALL0006944,+919865029131,+919984662402,2024-03-26 02:00:00,153,0,1
CALL0006945,+919330478248,+917122540546,2024-11-13 15:00:00,213,0,3
CALL0006946,+917414373178,+919177913336,2024-08-30 14:00:00,154,0,3
CALL0006947,+918549813506,+918318531111,2024-01-13 03:00:00,81,0,3
CALL0006948,+917209253596,+919028199489,2024-06-07 12:00:00,172,0,1
CALL0006949,+917724424513,+917557278826,2024-03-31 11:00:00,114,0,2
CALL0006950,+919006306623,+918635318163,2024-02-08 21:00:00,182,0,3
CALL0006951,+917109465930,+918784201864,2024-07-30 10:00:00,71,0,2
CALL0006952,+919482675634,+919723061326,2024-09-07 17:00:00,10,0,2
CALL0006953,+919852251240,+917275562282,2024-11-22 07:00:00,207,0,1
CALL0006954,+919110264770,+917122951080,2024-06-21 07:00:00,80,0,3
CALL0006955,+919092069083,+918443684495,2024-07-30 23:00:00,317,0,2
CALL0006956,+919517908889,+919978157995,2024-07-21 12:00:00,280,0,2
CALL0006957,+919886106863,+919863433035,2024-10-09 02:00:00,350,0,3
CALL0006958,+917492952501,+918245937128,2024-02-14 23:00:00,369,0,1
CALL0006959,+918950583211,+919352526372,2024-05-21 19:00:00,72,0,3
CALL0006960,+917076949445,+918133777627,2024-04-23 09:00:00,76,0,1
CALL0006961,+919219480210,+917695614642,2024-10-21 05:00:00,110,0,3
CALL0006962,+918250156307,+919556565597,2024-01-27 17:00:00,145,0,2
CALL0006963,+918205708860,+917724320527,2024-01-19 12:00:00,338,0,2
CALL0006964,+917431318752,+917027641586,2024-05-18 23:00:00,274,0,2
CALL0006965,+917895888714,+918986714029,2024-05-15 08:00:00,327,0,2
CALL0006966,+918346733907,+918529420824,2024-01-09 20:00:00,181,0,1
CALL0006967,+917678237928,+917141823197,2024-07-03 19:00:00,353,0,2
CALL0006968,+918952971098,+919221311303,2024-03-17 17:00:00,56,0,1
CALL0006969,+918737871745,+917089668615,2024-07-16 17:00:00,212,0,1
CALL0006970,+917018600608,+918025020924,2024-10-19 22:00:00,258,0,3
CALL0006971,+917833845812,+917443857590,2024-05-22 06:00:00,266,0,1
CALL0006972,+917204927991,+919364710916,2024-02-13 09:00:00,322,0,1
CALL0006973,+919256139027,+917889763398,2024-12-18 11:00:00,104,0,1
CALL0006974,+919642963868,+917396488272,2024-12-07 23:00:00,176,0,2
CALL0006975,+919777081500,+919149779477,2024-01-27 15:00:00,45,0,2
CALL0006976,+917737263640,+918974088573,2024-01-29 04:00:00,35,0,3
CALL0006977,+917005045126,+918351999756,2024-07-17 01:00:00,238,0,1
CALL0006978,+917836334274,+918146418439,2024-07-23 17:00:00,22,0,3
CALL0006979,+919614580084,+919579886889,2024-11-07 09:00:00,254,0,1
CALL0006980,+917612863973,+918875711212,2024-02-13 18:00:00,116,0,1
CALL0006981,+918326797145,+917107434698,2024-01-24 08:00:00,150,0,3
CALL0006982,+917887272176,+919586603876,2024-08-10 00:00:00,63,0,3
CALL0006983,+918058363956,+919320361175,2024-05-20 00:00:00,28,0,2
CALL0006984,+918178227400,+919564157340,2024-11-12 22:00:00,87,0,2
CALL0006985,+918674823413,+918206851032,2024-05-29 01:00:00,226,0,3
CALL0006986,+919471017509,+917375482968,2024-12-19 04:00:00,215,0,2
CALL0006987,+919368517256,+917026898108,2024-02-24 02:00:00,180,0,3
CALL0006988,+917796949552,+917909477987,2024-03-09 21:00:00,43,0,3
CALL0006989,+919212697955,+919503235190,2024-08-15 20:00:00,185,0,1
CALL0006990,+918456091677,+919129981964,2024-03-20 05:00:00,131,0,1
CALL0006991,+917820467588,+917495925942,2024-03-23 05:00:00,316,0,3
CALL0006992,+918931791481,+919178059281,2024-06-30 16:00:00,31,0,2
CALL0006993,+919203600723,+918665943211,2024-07-27 05:00:00,220,0,1
CALL0006994,+919661608957,+917737263640,2024-12-18 07:00:00,154,0,1
CALL0006995,+917526779116,+918260982459,2024-04-04 02:00:00,259,0,3
CALL0006996,+917856934071,+917620811264,2024-06-09 20:00:00,239,0,2
CALL0006997,+917216376362,+918041317186,2024-12-11 21:00:00,293,0,2
CALL0006998,+919850994836,+918599199184,2024-04-16 19:00:00,77,0,3
CALL0006999,+919912903878,+917141389755,2024-01-27 05:00:00,23,0,1
CALL0007000,+917743006007,+918532172781,2024-04-20 17:00:00,390,0,2
CALL0007001,+919549597685,+918372367640,2024-08-09 17:00:00,172,0,3
CALL0007002,+919449436330,+919232090139,2024-01-03 14:00:00,201,0,3
CALL0007003,+918340511431,+918748375357,2024-05-17 18:00:00,54,0,3
CALL0007004,+919845215049,+919614529791,2024-11-23 22:00:00,394,0,3
CALL0007005,+918761572140,+917050279483,2024-12-13 21:00:00,153,0,2
CALL0007006,+919097364439,+917895888714,2024-02-02 23:00:00,373,0,2
CALL0007007,+919105672421,+917581672152,2024-07-16 11:00:00,151,0,2
CALL0007008,+919253297763,+917774042075,2024-02-11 12:00:00,297,0,1
CALL0007009,+917595585419,+917505265727,2024-01-19 10:00:00,163,0,3
CALL0007010,+917462010186,+917078561580,2024-05-10 23:00:00,256,0,3
CALL0007011,+919674416122,+918326797145,2024-06-13 17:00:00,76,0,1
CALL0007012,+917712832737,+917209253596,2024-09-23 03:00:00,205,0,2
CALL0007013,+918687116294,+917375482968,2024-10-14 00:00:00,321,0,2
CALL0007014,+919855464592,+917544838974,2024-01-20 04:00:00,378,0,3
CALL0007015,+917812067518,+919705843910,2024-12-08 03:00:00,87,0,2
CALL0007016,+919240697517,+917509377409,2024-10-21 23:00:00,201,0,1
CALL0007017,+917881369117,+919087303972,2024-04-15 19:00:00,308,0,2
CALL0007018,+919615018376,+918508841480,2024-10-25 08:00:00,127,0,3
CALL0007019,+918796678209,+919515458362,2024-01-14 20:00:00,379,0,2
CALL0007020,+917854929912,+918800465899,2024-12-07 08:00:00,10,0,1
CALL0007021,+917830247811,+918743849191,2024-10-28 14:00:00,337,0,3
CALL0007022,+918736440699,+917785332384,2024-02-14 19:00:00,291,0,2
CALL0007023,+917042525368,+918220651115,2024-11-05 18:00:00,271,0,2
CALL0007024,+919952773540,+917653290380,2024-04-28 12:00:00,338,0,3
CALL0007025,+918264843503,+919219319998,2024-03-25 04:00:00,11,0,2
CALL0007026,+919859670958,+919056477120,2024-01-02 22:00:00,80,0,2
CALL0007027,+917744487472,+918561691910,2024-11-07 12:00:00,394,0,3
CALL0007028,+917896006897,+917818101156,2024-03-04 19:00:00,335,0,2
CALL0007029,+918495311564,+917188404739,2024-08-15 21:00:00,357,0,1
CALL0007030,+917151685013,+919859670958,2024-02-13 18:00:00,99,0,3
CALL0007031,+918150290590,+919853239746,2024-01-15 22:00:00,320,0,1
CALL0007032,+919147457134,+918187847190,2024-08-29 06:00:00,300,0,2
CALL0007033,+918132577341,+918707171904,2024-11-08 22:00:00,114,0,1
CALL0007034,+919886106863,+918771837244,2024-02-29 23:00:00,266,0,1
CALL0007035,+919292744661,+917112345345,2024-03-17 00:00:00,225,0,1
CALL0007036,+917116965851,+917317858773,2024-05-29 02:00:00,252,0,2
CALL0007037,+918697147809,+918270296369,2024-10-10 23:00:00,36,0,2
CALL0007038,+918005322838,+918771837244,2024-09-22 08:00:00,140,0,2
CALL0007039,+917375482968,+917168839245,2024-05-11 22:00:00,230,0,3
CALL0007040,+918430881585,+918870550237,2024-03-01 14:00:00,322,0,2
CALL0007041,+918073915642,+917493046254,2024-08-18 23:00:00,100,0,3
CALL0007042,+918279372522,+917226881722,2024-03-22 13:00:00,258,0,1
CALL0007043,+918186919540,+919379535581,2024-08-26 09:00:00,141,0,3
CALL0007044,+919899361134,+918702129742,2024-06-12 01:00:00,81,0,1
CALL0007045,+919985897280,+917196300729,2024-05-06 01:00:00,129,0,2
CALL0007046,+917146910163,+917003794208,2024-03-16 22:00:00,394,0,3
CALL0007047,+917007483075,+917519787028,2024-06-08 10:00:00,342,0,2
CALL0007048,+919065144201,+918817786443,2024-10-05 03:00:00,173,0,2
CALL0007049,+918919835759,+917580761090,2024-07-04 07:00:00,398,0,1
CALL0007050,+917395419983,+919716910794,2024-07-23 16:00:00,368,0,3
CALL0007051,+917887272176,+919276584210,2024-05-13 22:00:00,318,0,2
CALL0007052,+917555170329,+918193461406,2024-01-03 07:00:00,28,0,3
CALL0007053,+917310736099,+917045044072,2024-04-08 05:00:00,369,0,1
CALL0007054,+919000160567,+918825815292,2024-07-22 19:00:00,339,0,1
CALL0007055,+919695543890,+919458360702,2024-09-14 07:00:00,28,0,3
CALL0007056,+919912903878,+917306084280,2024-12-29 10:00:00,38,0,2
CALL0007057,+918977018447,+918178462157,2024-07-16 14:00:00,176,0,3
CALL0007058,+917191957977,+918966667312,2024-03-13 18:00:00,266,0,1
CALL0007059,+918244065667,+919583499100,2024-09-20 06:00:00,14,0,3
CALL0007060,+917341040475,+918991990514,2024-01-03 04:00:00,205,0,2
CALL0007061,+917867657141,+919119303263,2024-11-26 22:00:00,231,0,3
CALL0007062,+919665033783,+918771246889,2024-10-10 06:00:00,385,0,3
CALL0007063,+919244278248,+919314998544,2024-11-01 12:00:00,132,0,2
CALL0007064,+919201050822,+919648705176,2024-01-07 02:00:00,129,0,3
CALL0007065,+918224546017,+918717630033,2024-11-04 21:00:00,147,0,3
CALL0007066,+918860090864,+917796949552,2024-11-16 23:00:00,120,0,3
CALL0007067,+917264667818,+918074808853,2024-12-12 03:00:00,226,0,2
CALL0007068,+918991990514,+917678535873,2024-10-23 21:00:00,242,0,3
CALL0007069,+917113890679,+918469611128,2024-02-09 02:00:00,13,0,2
CALL0007070,+918043123178,+919626970265,2024-02-03 04:00:00,213,0,1
CALL0007071,+918036957707,+917522991878,2024-12-15 12:00:00,354,0,2
CALL0007072,+917154538498,+917580053271,2024-10-16 00:00:00,111,0,2
CALL0007073,+919163596173,+919039452715,2024-12-25 09:00:00,391,0,3
CALL0007074,+917554747107,+919342697072,2024-08-14 14:00:00,102,0,1
CALL0007075,+919570141243,+917160964875,2024-12-04 14:00:00,268,0,2
CALL0007076,+918015730890,+919522065948,2024-05-08 06:00:00,373,0,2
CALL0007077,+917161199402,+917728812234,2024-07-15 20:00:00,350,0,3
CALL0007078,+918426929880,+918607740069,2024-05-09 21:00:00,275,0,2
CALL0007079,+919203209117,+918001974631,2024-03-30 15:00:00,344,0,2
CALL0007080,+918733132462,+919936479343,2024-01-04 01:00:00,114,0,3
CALL0007081,+918999842897,+919744719600,2024-11-24 11:00:00,275,0,1
CALL0007082,+917856934071,+918313718687,2024-03-17 01:00:00,225,0,3
CALL0007083,+917804479213,+919318615913,2024-04-07 16:00:00,71,0,2
CALL0007084,+918710595196,+917507442136,2024-08-01 13:00:00,194,0,3
CALL0007085,+919612206601,+917705595636,2024-08-06 23:00:00,203,0,2
CALL0007086,+917105154802,+919212697955,2024-10-17 12:00:00,193,0,2
CALL0007087,+918995666836,+917192893259,2024-07-09 09:00:00,304,0,1
CALL0007088,+918717630033,+918985622483,2024-10-14 00:00:00,392,0,2
CALL0007089,+917168839245,+918959855119,2024-01-21 12:00:00,310,0,1
CALL0007090,+917545554488,+919573029757,2024-06-25 13:00:00,258,0,2
CALL0007091,+918768700167,+917243292248,2024-05-08 14:00:00,56,0,3
CALL0007092,+919610309272,+919149357037,2024-06-15 23:00:00,102,0,1
CALL0007093,+917303335689,+917098637060,2024-07-16 23:00:00,232,0,1
CALL0007094,+917255979653,+919149779477,2024-05-19 07:00:00,364,0,3
CALL0007095,+917232043873,+918798273894,2024-04-03 19:00:00,363,0,3
CALL0007096,+918660137380,+919690675184,2024-07-20 10:00:00,289,0,1
CALL0007097,+919276399620,+917530012452,2024-07-19 22:00:00,171,0,3
CALL0007098,+919749991143,+919612206601,2024-06-20 00:00:00,233,0,3
CALL0007099,+918001775645,+918171446167,2024-12-20 10:00:00,315,0,3
CALL0007100,+918161449838,+919221852034,2024-01-15 22:00:00,58,0,2
CALL0007101,+919492258399,+918609746042,2024-05-26 01:00:00,283,0,1
CALL0007102,+919559333068,+917831306520,2024-09-26 14:00:00,215,0,3
CALL0007103,+918402427685,+919749991143,2024-01-03 09:00:00,20,0,2
CALL0007104,+919019367406,+919515249407,2024-01-17 15:00:00,60,0,1
CALL0007105,+918841286305,+918985622483,2024-02-27 05:00:00,291,0,1
CALL0007106,+917213750572,+918155803806,2024-02-20 07:00:00,189,0,3
CALL0007107,+918647504319,+918043123178,2024-08-04 02:00:00,255,0,3
CALL0007108,+918503041567,+918276479631,2024-03-07 21:00:00,390,0,3
CALL0007109,+919696704364,+919280359296,2024-02-06 09:00:00,83,0,3
CALL0007110,+917414373178,+918535058762,2024-10-13 19:00:00,267,0,2
CALL0007111,+919618023243,+917686774953,2024-11-04 11:00:00,364,0,3
CALL0007112,+918711709683,+917104282445,2024-04-10 19:00:00,237,0,2
CALL0007113,+919391021299,+918710595196,2024-05-20 06:00:00,305,0,2
CALL0007114,+918529469057,+919962514927,2024-09-22 04:00:00,372,0,3
CALL0007115,+919152801931,+918857446088,2024-01-30 01:00:00,106,0,1
CALL0007116,+919151968722,+918876557575,2024-02-11 22:00:00,311,0,2
CALL0007117,+917742541990,+919806042502,2024-06-04 18:00:00,118,0,3
CALL0007118,+918775240975,+918079621608,2024-11-06 09:00:00,23,0,3
CALL0007119,+919336884385,+919333567661,2024-02-28 11:00:00,224,0,1
CALL0007120,+919025307251,+917534776852,2024-03-20 08:00:00,305,0,1
CALL0007121,+917328940794,+917706942843,2024-11-08 13:00:00,363,0,2
CALL0007122,+918566536779,+918826510670,2024-11-25 03:00:00,319,0,3
CALL0007123,+918700347193,+918687048258,2024-08-25 17:00:00,108,0,1
CALL0007124,+918448242213,+918535058762,2024-04-11 22:00:00,86,0,3
CALL0007125,+919249712281,+919522065948,2024-05-29 11:00:00,93,0,2
CALL0007126,+919838569406,+917226881722,2024-07-27 19:00:00,350,0,3
CALL0007127,+917287984019,+919527812388,2024-06-08 13:00:00,124,0,3
CALL0007128,+918046846457,+919813875155,2024-03-12 17:00:00,293,0,2
CALL0007129,+917958929781,+918067915626,2024-05-27 19:00:00,118,0,2
CALL0007130,+918433474717,+918703984375,2024-03-27 23:00:00,40,0,2
CALL0007131,+919090676323,+919324609571,2024-08-26 16:00:00,215,0,1
CALL0007132,+919445064208,+918378208696,2024-06-28 23:00:00,245,0,2
CALL0007133,+918381318300,+919942555127,2024-07-25 20:00:00,375,0,2
CALL0007134,+918033777481,+919880573897,2024-12-04 23:00:00,232,0,1
CALL0007135,+919258814219,+918496458252,2024-07-26 03:00:00,172,0,1
CALL0007136,+918049017268,+919602471790,2024-10-02 20:00:00,358,0,3
CALL0007137,+919057417512,+918716965355,2024-10-21 20:00:00,72,0,1
CALL0007138,+917267778291,+919531470689,2024-04-16 14:00:00,381,0,1
CALL0007139,+917377922537,+918800798461,2024-09-18 12:00:00,161,0,2
CALL0007140,+917643241257,+918433474717,2024-11-03 13:00:00,19,0,1
CALL0007141,+917334504537,+918269198099,2024-07-22 02:00:00,282,0,3
CALL0007142,+918733132462,+918448242213,2024-12-18 04:00:00,187,0,3
CALL0007143,+917689307759,+917409215332,2024-03-17 20:00:00,379,0,1
CALL0007144,+918079621608,+919749226497,2024-02-06 07:00:00,208,0,2
CALL0007145,+918652865243,+919522792468,2024-04-25 03:00:00,299,0,3
CALL0007146,+919808518220,+919055166882,2024-07-21 21:00:00,192,0,2
CALL0007147,+919767511206,+918537710608,2024-03-26 20:00:00,373,0,3
CALL0007148,+917172695722,+918500270403,2024-08-17 02:00:00,248,0,2
CALL0007149,+919573202774,+918498045861,2024-02-14 03:00:00,217,0,3
CALL0007150,+918451123844,+919360110292,2024-05-20 11:00:00,60,0,2
CALL0007151,+919532710888,+918269198099,2024-01-11 02:00:00,110,0,2
CALL0007152,+919935166386,+918286649770,2024-11-09 17:00:00,17,0,2
CALL0007153,+917625826465,+918850829946,2024-03-23 15:00:00,126,0,2
CALL0007154,+919073189424,+918529420824,2024-10-23 12:00:00,69,0,2
CALL0007155,+918541641268,+919440761698,2024-07-06 09:00:00,320,0,2
CALL0007156,+919977415437,+918748375357,2024-04-11 06:00:00,111,0,1
CALL0007157,+918870942080,+918692214668,2024-09-08 17:00:00,139,0,1
CALL0007158,+917852755777,+918529469057,2024-01-28 23:00:00,62,0,2
CALL0007159,+917380086609,+917612863973,2024-04-03 11:00:00,86,0,1
CALL0007160,+919639289714,+917704764050,2024-02-03 05:00:00,244,0,2
CALL0007161,+919085457189,+917774197649,2024-05-30 01:00:00,294,0,1
CALL0007162,+919222366300,+918269198099,2024-10-29 19:00:00,390,0,2
CALL0007163,+918537710608,+918832964188,2024-02-01 03:00:00,227,0,1
CALL0007164,+917493335101,+917570500746,2024-12-08 08:00:00,144,0,3
CALL0007165,+918805175282,+917663728215,2024-10-31 02:00:00,232,0,1
CALL0007166,+917174972955,+918548006843,2024-04-25 13:00:00,231,0,2
CALL0007167,+917884636688,+918855361179,2024-02-27 20:00:00,368,0,1
CALL0007168,+919096295384,+919032030917,2024-08-08 06:00:00,346,0,3
CALL0007169,+919422687753,+918957611094,2024-10-04 19:00:00,287,0,3
CALL0007170,+917363993338,+917862395671,2024-01-20 05:00:00,374,0,1
CALL0007171,+919013033704,+918928002517,2024-06-24 14:00:00,62,0,1
CALL0007172,+917480313586,+919471017509,2024-07-26 19:00:00,179,0,3
CALL0007173,+919120960864,+918349641045,2024-03-07 21:00:00,237,0,2
CALL0007174,+917569166778,+918495834016,2024-07-15 01:00:00,265,0,1
CALL0007175,+917787870467,+917406048332,2024-11-27 04:00:00,51,0,2
CALL0007176,+918500270403,+918784151096,2024-04-25 04:00:00,44,0,1
CALL0007177,+917858937230,+918502472662,2024-12-16 11:00:00,68,0,1
CALL0007178,+917667604283,+917333791889,2024-05-10 03:00:00,345,0,2
CALL0007179,+918616913847,+917585029871,2024-08-31 13:00:00,85,0,3
CALL0007180,+919240697517,+917724320527,2024-05-22 09:00:00,91,0,1
CALL0007181,+919327150532,+917255879677,2024-04-23 04:00:00,394,0,2
CALL0007182,+917266928204,+917483341675,2024-08-15 07:00:00,113,0,2
CALL0007183,+917147934211,+919093704941,2024-09-21 18:00:00,189,0,1
CALL0007184,+919215789463,+918018880406,2024-08-22 19:00:00,299,0,3
CALL0007185,+917671297427,+917115993340,2024-03-30 15:00:00,159,0,3
CALL0007186,+918044853212,+918650655442,2024-05-07 00:00:00,273,0,1
CALL0007187,+917240678791,+919958386134,2024-04-03 07:00:00,66,0,2
CALL0007188,+917810473300,+919021305574,2024-09-28 18:00:00,233,0,2
CALL0007189,+917110719810,+917878753596,2024-04-16 23:00:00,327,0,3
CALL0007190,+918018304146,+919083949141,2024-05-05 06:00:00,60,0,1
CALL0007191,+917528567289,+918067915626,2024-11-30 08:00:00,299,0,1
CALL0007192,+918538661170,+918595493340,2024-07-13 21:00:00,220,0,2
CALL0007193,+919691291790,+919016952194,2024-06-10 18:00:00,339,0,3
CALL0007194,+918664524105,+919110100946,2024-08-07 07:00:00,176,0,3
CALL0007195,+917821887532,+917048260243,2024-12-18 10:00:00,127,0,3
CALL0007196,+919723149525,+917076949445,2024-07-16 05:00:00,17,0,3
CALL0007197,+919615778959,+918182231436,2024-12-13 16:00:00,327,0,1
CALL0007198,+917116965851,+917353651919,2024-11-07 12:00:00,39,0,2
CALL0007199,+917364136945,+918122153064,2024-09-15 00:00:00,234,0,1
CALL0007200,+919092370565,+919816131532,2024-09-11 11:00:00,22,0,2
CALL0007201,+918370307319,+917189796542,2024-06-03 10:00:00,71,0,2
CALL0007202,+919323448986,+919478791812,2024-10-17 22:00:00,76,0,2
CALL0007203,+917041484255,+919466343231,2024-05-29 06:00:00,68,0,2
CALL0007204,+917168825959,+919847175277,2024-07-15 01:00:00,143,0,1
CALL0007205,+917114615544,+917890590504,2024-04-29 16:00:00,219,0,1
CALL0007206,+917943739567,+919235653052,2024-02-23 12:00:00,172,0,3
CALL0007207,+917684403984,+917540967814,2024-05-04 06:00:00,358,0,2
CALL0007208,+918722346198,+919154696022,2024-12-26 07:00:00,42,0,1
CALL0007209,+919599695935,+918932683472,2024-07-20 15:00:00,79,0,3
CALL0007210,+917528567289,+919395598158,2024-12-22 11:00:00,200,0,1
CALL0007211,+917585981378,+918549813506,2024-03-10 00:00:00,64,0,1
CALL0007212,+919845961380,+917862395671,2024-12-22 10:00:00,297,0,3
CALL0007213,+917788032752,+918149035259,2024-11-19 09:00:00,288,0,3
CALL0007214,+918584035749,+917793896303,2024-10-03 09:00:00,344,0,3
CALL0007215,+917373354510,+917180672668,2024-12-29 19:00:00,262,0,1
CALL0007216,+918389289932,+917750505276,2024-01-24 20:00:00,66,0,3
CALL0007217,+918309345969,+919978157995,2024-06-28 10:00:00,173,0,1
CALL0007218,+917619923257,+918591449910,2024-12-20 18:00:00,219,0,1
CALL0007219,+918768506530,+917887513807,2024-08-18 19:00:00,311,0,2
CALL0007220,+919870273318,+918943774402,2024-08-15 05:00:00,333,0,1
CALL0007221,+919994878942,+918429201311,2024-10-13 05:00:00,68,0,3
CALL0007222,+919757068118,+918842685663,2024-11-25 03:00:00,85,0,1
CALL0007223,+919808518220,+919360343087,2024-03-14 19:00:00,62,0,1
CALL0007224,+919009274208,+917433517524,2024-01-23 17:00:00,179,0,2
CALL0007225,+918282222847,+917626148452,2024-09-04 20:00:00,178,0,2
CALL0007226,+918549813506,+919277217660,2024-02-13 15:00:00,252,0,3
CALL0007227,+917830046487,+918299545013,2024-12-26 13:00:00,79,0,3
CALL0007228,+919381760480,+919150792594,2024-03-10 08:00:00,152,0,3
CALL0007229,+919958828290,+919639289714,2024-06-12 06:00:00,193,0,2
CALL0007230,+919800580030,+918967548495,2024-07-24 05:00:00,190,0,1
CALL0007231,+917667137477,+918616913847,2024-03-04 16:00:00,329,0,2
CALL0007232,+917605849616,+917115993340,2024-01-21 06:00:00,185,0,1
CALL0007233,+919313926949,+918297903887,2024-09-08 01:00:00,316,0,2
CALL0007234,+919095188708,+919645261118,2024-06-30 19:00:00,110,0,1
CALL0007235,+918717630033,+917345215610,2024-11-03 02:00:00,229,0,1
CALL0007236,+917451760317,+918400307759,2024-07-15 23:00:00,89,0,2
CALL0007237,+919696704364,+918997635773,2024-02-11 21:00:00,273,0,2
CALL0007238,+919729023645,+917005450682,2024-08-07 10:00:00,305,0,2
CALL0007239,+917632071898,+918123498938,2024-02-21 14:00:00,27,0,3
CALL0007240,+918331806128,+919844111871,2024-03-20 11:00:00,44,0,1
CALL0007241,+918205708860,+918707171904,2024-07-15 05:00:00,320,0,3
CALL0007242,+918805175282,+917794749625,2024-12-09 03:00:00,363,0,2
CALL0007243,+918000408557,+918116451037,2024-07-22 20:00:00,17,0,1
CALL0007244,+917557954311,+918495730491,2024-12-28 08:00:00,153,0,2
CALL0007245,+917883143945,+918880461950,2024-03-06 18:00:00,221,0,1
CALL0007246,+918401309519,+919951852803,2024-02-19 20:00:00,164,0,3
CALL0007247,+918573927315,+917381629395,2024-01-18 04:00:00,381,0,3
CALL0007248,+919062489967,+918903150664,2024-08-31 22:00:00,349,0,2
CALL0007249,+918141329092,+917125902202,2024-02-10 16:00:00,373,0,1
CALL0007250,+919962514927,+918983982686,2024-08-13 21:00:00,119,0,3
CALL0007251,+918484093540,+918218792081,2024-08-28 23:00:00,391,0,1
CALL0007252,+917117055798,+918342035323,2024-08-02 00:00:00,75,0,1
CALL0007253,+918001974631,+918046846457,2024-09-14 19:00:00,208,0,3
CALL0007254,+919177600847,+917715366976,2024-12-19 14:00:00,345,0,2
CALL0007255,+918598684591,+919150348234,2024-09-03 16:00:00,152,0,3
CALL0007256,+917530275761,+919489110789,2024-04-02 19:00:00,260,0,1
CALL0007257,+917872937918,+919595858802,2024-08-12 08:00:00,313,0,2
CALL0007258,+917669368276,+919268174299,2024-12-29 21:00:00,74,0,3
CALL0007259,+917290991551,+918295500185,2024-09-23 13:00:00,182,0,3
CALL0007260,+917699615167,+919835333333,2024-01-08 21:00:00,81,0,3
CALL0007261,+919777081500,+918461566398,2024-04-14 23:00:00,216,0,3
CALL0007262,+919318615913,+919711008652,2024-10-24 13:00:00,313,0,1
CALL0007263,+919172263415,+918186919540,2024-11-06 19:00:00,148,0,1
CALL0007264,+919544148758,+919746401032,2024-07-06 11:00:00,49,0,3
CALL0007265,+918535058762,+919151968722,2024-01-26 20:00:00,378,0,2
CALL0007266,+918278498301,+919583499100,2024-04-30 11:00:00,256,0,2
CALL0007267,+919753566765,+917653672025,2024-09-17 20:00:00,237,0,1
CALL0007268,+918513804828,+917679808425,2024-01-18 17:00:00,72,0,1
CALL0007269,+918523199940,+918736440699,2024-08-08 20:00:00,218,0,1
CALL0007270,+918077777688,+919445064208,2024-11-03 19:00:00,245,0,2
CALL0007271,+917686774953,+918259121916,2024-08-25 07:00:00,234,0,2
CALL0007272,+919148209535,+917137431729,2024-01-24 16:00:00,269,0,3
CALL0007273,+917161892993,+919588285723,2024-04-29 11:00:00,91,0,3
CALL0007274,+919731965368,+917602518759,2024-01-09 07:00:00,15,0,1
CALL0007275,+917116965851,+919900377617,2024-10-10 05:00:00,153,0,1
CALL0007276,+919799541820,+917048260243,2024-04-24 20:00:00,181,0,2
CALL0007277,+919472711813,+918057869048,2024-06-21 11:00:00,74,0,1
CALL0007278,+919908817044,+918505235523,2024-10-03 01:00:00,83,0,2
CALL0007279,+917318255483,+919737363138,2024-01-17 07:00:00,79,0,1
CALL0007280,+917385380459,+918282222847,2024-06-26 14:00:00,390,0,2
CALL0007281,+919899361134,+918727010876,2024-06-01 17:00:00,185,0,3
CALL0007282,+918145445545,+917259710095,2024-01-02 05:00:00,372,0,3
CALL0007283,+917116732917,+917602511720,2024-03-30 07:00:00,28,0,1
CALL0007284,+917793896303,+917683783961,2024-12-24 11:00:00,393,0,1
CALL0007285,+917519787028,+919527812388,2024-12-12 08:00:00,121,0,2
CALL0007286,+919722270188,+917380086609,2024-10-21 16:00:00,276,0,2
CALL0007287,+917549140189,+918870942080,2024-07-09 22:00:00,173,0,3
CALL0007288,+917050506921,+917036231729,2024-08-16 18:00:00,16,0,3
CALL0007289,+919457791428,+917949444336,2024-03-19 12:00:00,362,0,1
CALL0007290,+917436637851,+919379645632,2024-09-14 15:00:00,261,0,2
CALL0007291,+917363257103,+917685175287,2024-10-28 01:00:00,132,0,1
CALL0007292,+919892607629,+918413636027,2024-01-03 14:00:00,361,0,3
CALL0007293,+919134427829,+917779325195,2024-06-12 10:00:00,258,0,1
CALL0007294,+919052508334,+918618177647,2024-10-23 07:00:00,378,0,2
CALL0007295,+919327150532,+917712832737,2024-11-15 05:00:00,132,0,3
CALL0007296,+917363993338,+918828095292,2024-11-09 05:00:00,276,0,1
CALL0007297,+918687801264,+917526779116,2024-12-11 13:00:00,237,0,2
CALL0007298,+919280359296,+919912903878,2024-05-22 12:00:00,367,0,1
CALL0007299,+919998396853,+917978635200,2024-07-14 12:00:00,12,0,2
CALL0007300,+917836334274,+919257892529,2024-11-24 10:00:00,286,0,1
CALL0007301,+917844387254,+917201458173,2024-10-28 16:00:00,355,0,3
CALL0007302,+917406048332,+919204943484,2024-04-15 07:00:00,228,0,1
CALL0007303,+919192619889,+919734500374,2024-04-16 09:00:00,295,0,1
CALL0007304,+918850500290,+917571601697,2024-07-17 13:00:00,355,0,3
CALL0007305,+917854929912,+919856512035,2024-02-13 17:00:00,71,0,2
CALL0007306,+917451760317,+919381760480,2024-08-18 13:00:00,141,0,3
CALL0007307,+917562059579,+917527660066,2024-08-30 17:00:00,291,0,2
CALL0007308,+917612146496,+919863433035,2024-06-12 10:00:00,368,0,2
CALL0007309,+919813875155,+918344174730,2024-06-26 19:00:00,107,0,2
CALL0007310,+919911269469,+918356204660,2024-07-09 20:00:00,126,0,1
CALL0007311,+917268471564,+919488391853,2024-08-14 11:00:00,284,0,2
CALL0007312,+918391713000,+919506125236,2024-06-23 07:00:00,207,0,1
CALL0007313,+918690272481,+919618484696,2024-09-15 20:00:00,287,0,2
CALL0007314,+919694696700,+919168246506,2024-03-11 07:00:00,216,0,1
CALL0007315,+917713049549,+918388665954,2024-06-16 01:00:00,323,0,1
CALL0007316,+919639404165,+918580267500,2024-10-09 17:00:00,233,0,1
CALL0007317,+918977018447,+917617418507,2024-01-11 20:00:00,369,0,2
CALL0007318,+918991990514,+917224168658,2024-05-24 06:00:00,59,0,2
CALL0007319,+918227142684,+919102395483,2024-03-11 10:00:00,93,0,3
CALL0007320,+917768414397,+918489478329,2024-06-25 15:00:00,44,0,2
CALL0007321,+917051741026,+919969808752,2024-06-11 11:00:00,364,0,1
CALL0007322,+919900377617,+918343020583,2024-11-05 06:00:00,287,0,1
CALL0007323,+918445336891,+919686003911,2024-12-28 17:00:00,333,0,2
CALL0007324,+917274399635,+918784428350,2024-11-30 02:00:00,70,0,1
CALL0007325,+918435999242,+919260285435,2024-12-24 00:00:00,398,0,3
CALL0007326,+917796949552,+918186913862,2024-05-19 19:00:00,335,0,1
CALL0007327,+919427465438,+919131157500,2024-07-12 15:00:00,261,0,3
CALL0007328,+918058363956,+917787870467,2024-09-30 23:00:00,365,0,2
CALL0007329,+917552603099,+919138941477,2024-04-08 11:00:00,354,0,1
CALL0007330,+918627325118,+918361072848,2024-07-26 00:00:00,217,0,3
CALL0007331,+917514427563,+919055196309,2024-06-28 18:00:00,374,0,2
CALL0007332,+917310397764,+918962739459,2024-01-27 18:00:00,121,0,3
CALL0007333,+918192541353,+917856111569,2024-06-18 19:00:00,271,0,3
CALL0007334,+918633560563,+918146418439,2024-04-14 00:00:00,98,0,2
CALL0007335,+917510409184,+919259223479,2024-01-31 02:00:00,28,0,1
CALL0007336,+917743247900,+918561691910,2024-08-26 10:00:00,231,0,1
CALL0007337,+918491977613,+919065309007,2024-11-19 00:00:00,385,0,1
CALL0007338,+918641309430,+917816200289,2024-06-30 10:00:00,58,0,3
CALL0007339,+919473324554,+919896109964,2024-08-23 11:00:00,284,0,3
CALL0007340,+919949355978,+917245740146,2024-03-24 04:00:00,261,0,3
CALL0007341,+918962739459,+917747994950,2024-06-25 09:00:00,106,0,3
CALL0007342,+919593063943,+919411813710,2024-08-13 22:00:00,313,0,1
CALL0007343,+917500174727,+917454600960,2024-01-31 07:00:00,22,0,2
CALL0007344,+919597036525,+918183294846,2024-06-17 22:00:00,340,0,2
CALL0007345,+917997872276,+917064254926,2024-02-29 21:00:00,179,0,1
CALL0007346,+917830939979,+917786104956,2024-04-07 19:00:00,60,0,2
CALL0007347,+917310736099,+919372869390,2024-08-18 00:00:00,29,0,2
CALL0007348,+918513804828,+919666114780,2024-01-24 07:00:00,224,0,2
CALL0007349,+917435326535,+917507903267,2024-03-20 08:00:00,341,0,3
CALL0007350,+919473133916,+917619923257,2024-12-29 09:00:00,216,0,1
CALL0007351,+918838367647,+919263971608,2024-01-11 14:00:00,264,0,3
CALL0007352,+918206177152,+919618023243,2024-10-07 15:00:00,311,0,2
CALL0007353,+917495918575,+917406911120,2024-05-05 10:00:00,140,0,1
CALL0007354,+918344174730,+918736666682,2024-02-28 15:00:00,267,0,2
CALL0007355,+918500047034,+919759793457,2024-05-22 23:00:00,45,0,2
CALL0007356,+919429503757,+918095044251,2024-01-16 15:00:00,96,0,3
CALL0007357,+919336884385,+917107434698,2024-04-02 23:00:00,247,0,3
CALL0007358,+919592028900,+919150792594,2024-08-19 10:00:00,272,0,2
CALL0007359,+918279560537,+918123498938,2024-10-31 22:00:00,229,0,3
CALL0007360,+918000752547,+917960366784,2024-11-10 02:00:00,236,0,3
CALL0007361,+917919908192,+918746523435,2024-01-25 23:00:00,325,0,2
CALL0007362,+917371620980,+919544592258,2024-01-24 15:00:00,68,0,1
CALL0007363,+918928517156,+917470553031,2024-06-27 22:00:00,125,0,3
CALL0007364,+917896070072,+917740445046,2024-06-30 19:00:00,76,0,2
CALL0007365,+919268174299,+917528567289,2024-04-03 09:00:00,158,0,2
CALL0007366,+917661483729,+917387052677,2024-10-18 19:00:00,157,0,3
CALL0007367,+918599884257,+919595498172,2024-08-16 06:00:00,228,0,1
CALL0007368,+919160273529,+917153480644,2024-05-19 02:00:00,324,0,3
CALL0007369,+917422934177,+917949497559,2024-08-16 04:00:00,308,0,1
CALL0007370,+918914803524,+917000649791,2024-12-12 11:00:00,245,0,2
CALL0007371,+919570141243,+919491110236,2024-11-23 02:00:00,55,0,1
CALL0007372,+918299545013,+917830046487,2024-05-23 02:00:00,273,0,1
CALL0007373,+918693675549,+918703984375,2024-12-15 19:00:00,247,0,3
CALL0007374,+918446503774,+917345497247,2024-06-27 06:00:00,183,0,2
CALL0007375,+917089533764,+918886107605,2024-12-08 12:00:00,54,0,1
CALL0007376,+919670531581,+918269240566,2024-06-29 04:00:00,139,0,1
CALL0007377,+918987928210,+919203791419,2024-10-28 14:00:00,358,0,2
CALL0007378,+917029251922,+917143327922,2024-08-12 12:00:00,222,0,3
CALL0007379,+917134465398,+917174370256,2024-08-24 09:00:00,160,0,2
CALL0007380,+917703432304,+919626970265,2024-06-12 09:00:00,222,0,1
CALL0007381,+917092357358,+917098637060,2024-03-26 16:00:00,173,0,2
CALL0007382,+918517546787,+919457791428,2024-01-17 14:00:00,78,0,3
CALL0007383,+919695832159,+918250156307,2024-06-26 03:00:00,328,0,2
CALL0007384,+918571307308,+917602511720,2024-06-12 07:00:00,149,0,1
CALL0007385,+917445360633,+918936808239,2024-05-20 05:00:00,153,0,2
CALL0007386,+917795111948,+919739227285,2024-07-08 06:00:00,88,0,1
CALL0007387,+917060600062,+919941833557,2024-05-16 07:00:00,386,0,1
CALL0007388,+917620665998,+918828799324,2024-02-28 06:00:00,19,0,2
CALL0007389,+919204943484,+919339746965,2024-01-08 16:00:00,277,0,3
CALL0007390,+919247971071,+917716776077,2024-08-19 04:00:00,289,0,3
CALL0007391,+917728634597,+919488391853,2024-03-01 22:00:00,188,0,3
CALL0007392,+918302903318,+919870848053,2024-10-11 07:00:00,278,0,1
CALL0007393,+918525918549,+919189916841,2024-04-28 12:00:00,289,0,1
CALL0007394,+918983639944,+917253136414,2024-10-21 23:00:00,145,0,3
CALL0007395,+918035504455,+917453668676,2024-10-04 04:00:00,10,0,1
CALL0007396,+917824682016,+919057417512,2024-08-24 20:00:00,325,0,2
CALL0007397,+917712832737,+919267091010,2024-07-13 03:00:00,136,0,1
CALL0007398,+917310397764,+919552020125,2024-07-19 01:00:00,18,0,2
CALL0007399,+918833219947,+917780534826,2024-12-02 05:00:00,343,0,3
CALL0007400,+918179457611,+918578338536,2024-11-14 21:00:00,109,0,1
CALL0007401,+918005322838,+918612071565,2024-03-04 23:00:00,372,0,2
CALL0007402,+917425835338,+917103235302,2024-03-08 13:00:00,158,0,2
CALL0007403,+919906247153,+917879046615,2024-08-08 10:00:00,253,0,3
CALL0007404,+919427664069,+918919817702,2024-01-12 14:00:00,173,0,1
CALL0007405,+917364136945,+919211965193,2024-06-06 13:00:00,27,0,3
CALL0007406,+918646862977,+917626148452,2024-10-07 19:00:00,192,0,1
CALL0007407,+917055410204,+917258461081,2024-05-15 10:00:00,114,0,3
CALL0007408,+917600939642,+918857446088,2024-08-31 21:00:00,315,0,1
CALL0007409,+917295875993,+919984662402,2024-03-04 01:00:00,126,0,3
CALL0007410,+917889763398,+917868829250,2024-07-03 04:00:00,57,0,3
CALL0007411,+917544838974,+918997704977,2024-04-16 05:00:00,348,0,2
CALL0007412,+917417184253,+919362651081,2024-06-09 07:00:00,43,0,2
CALL0007413,+919490331185,+917927063024,2024-01-07 11:00:00,295,0,1
CALL0007414,+917373697530,+919324609571,2024-08-01 11:00:00,315,0,2
CALL0007415,+918229752152,+917834096374,2024-12-12 21:00:00,66,0,2
CALL0007416,+917684032163,+917216650301,2024-11-05 21:00:00,161,0,2
CALL0007417,+918863965206,+918699423158,2024-09-29 12:00:00,103,0,3
CALL0007418,+917240457992,+918426952486,2024-03-07 11:00:00,41,0,2
CALL0007419,+917961346895,+918598707452,2024-10-22 13:00:00,136,0,3
CALL0007420,+917503230293,+918746523435,2024-12-26 05:00:00,179,0,1
CALL0007421,+918170168473,+917443123569,2024-05-15 16:00:00,202,0,1
CALL0007422,+917406911120,+917961179612,2024-07-17 21:00:00,159,0,3
CALL0007423,+917491410027,+917418834391,2024-08-04 05:00:00,188,0,2
CALL0007424,+918264843503,+919161767872,2024-02-17 21:00:00,136,0,2
CALL0007425,+918592540348,+919989214090,2024-03-25 05:00:00,17,0,2
CALL0007426,+918692543103,+917896634508,2024-12-11 11:00:00,245,0,2
CALL0007427,+918481324152,+919039839872,2024-08-01 04:00:00,163,0,1
CALL0007428,+919879157250,+918471731248,2024-06-30 11:00:00,393,0,1
CALL0007429,+918305730830,+917203406258,2024-05-15 23:00:00,313,0,1
CALL0007430,+917023537128,+918962739459,2024-11-07 07:00:00,51,0,1
CALL0007431,+917589844309,+918933459277,2024-06-03 18:00:00,215,0,2
CALL0007432,+918827509427,+917188404739,2024-05-27 00:00:00,161,0,2
CALL0007433,+918623219916,+919513516940,2024-10-22 21:00:00,100,0,2
CALL0007434,+919212014793,+919226995002,2024-07-04 13:00:00,34,0,3
CALL0007435,+917037509235,+919985326418,2024-06-19 05:00:00,75,0,1
CALL0007436,+918496458252,+918922252833,2024-09-19 19:00:00,336,0,3
CALL0007437,+917641353044,+917407248938,2024-08-16 17:00:00,144,0,2
CALL0007438,+917743508917,+917779325195,2024-03-14 00:00:00,313,0,1
CALL0007439,+919592028900,+917103235302,2024-04-25 12:00:00,86,0,1
CALL0007440,+919567167103,+917941461821,2024-01-17 05:00:00,311,0,1
CALL0007441,+917820467588,+917027560364,2024-10-08 07:00:00,120,0,1
CALL0007442,+919729023645,+917401377951,2024-11-21 12:00:00,82,0,1
CALL0007443,+918987928210,+917806298324,2024-07-03 14:00:00,198,0,3
CALL0007444,+917732929846,+918185278336,2024-10-30 12:00:00,149,0,2
CALL0007445,+918551040717,+918793610142,2024-01-25 17:00:00,97,0,2
CALL0007446,+919748144476,+918028336736,2024-10-03 20:00:00,379,0,1
CALL0007447,+919248684979,+918178462157,2024-01-14 00:00:00,144,0,2
CALL0007448,+919618484696,+919924213347,2024-10-27 00:00:00,53,0,3
CALL0007449,+917883143945,+917540967814,2024-04-03 21:00:00,245,0,1
CALL0007450,+917557278826,+919884049458,2024-11-29 14:00:00,385,0,2
CALL0007451,+917887513807,+917325864282,2024-11-27 21:00:00,305,0,2
CALL0007452,+919954243502,+917451760317,2024-08-11 05:00:00,362,0,2
CALL0007453,+917669368276,+917305091532,2024-06-05 05:00:00,261,0,3
CALL0007454,+918044853212,+918828104597,2024-01-03 09:00:00,191,0,2
CALL0007455,+917529216552,+917014855305,2024-08-27 15:00:00,104,0,1
CALL0007456,+918812335975,+918471452246,2024-10-10 16:00:00,399,0,1
CALL0007457,+917375482968,+919150792594,2024-09-12 19:00:00,39,0,1
CALL0007458,+919816131532,+918749591122,2024-05-25 06:00:00,306,0,2
CALL0007459,+919949266792,+918735879085,2024-04-09 18:00:00,159,0,3
CALL0007460,+917972692529,+917562059579,2024-09-09 21:00:00,250,0,1
CALL0007461,+919536218878,+919552640413,2024-11-27 19:00:00,382,0,1
CALL0007462,+918599884257,+917140421992,2024-03-23 23:00:00,385,0,1
CALL0007463,+918943066660,+919131630170,2024-08-12 12:00:00,215,0,2
CALL0007464,+917868870387,+918360887094,2024-02-27 17:00:00,26,0,2
CALL0007465,+917866233156,+918478961551,2024-12-19 20:00:00,395,0,3
CALL0007466,+917622119528,+917746744900,2024-08-11 14:00:00,260,0,1
CALL0007467,+917616618708,+918957611094,2024-05-17 04:00:00,75,0,1
CALL0007468,+919599966521,+919853239746,2024-11-22 03:00:00,323,0,2
CALL0007469,+917620665998,+919215789463,2024-01-24 15:00:00,367,0,3
CALL0007470,+918477921421,+919129981964,2024-03-19 19:00:00,288,0,2
CALL0007471,+917373697530,+919055166882,2024-06-04 22:00:00,206,0,3
CALL0007472,+917868829250,+919731965368,2024-01-17 07:00:00,62,0,3
CALL0007473,+919615018376,+919576797908,2024-04-11 08:00:00,212,0,3
CALL0007474,+917883143945,+917215143730,2024-01-06 11:00:00,341,0,1
CALL0007475,+917482142641,+917705487456,2024-04-23 06:00:00,224,0,3
CALL0007476,+919182533560,+919632277227,2024-10-21 23:00:00,215,0,3
CALL0007477,+919842999555,+918928002517,2024-03-13 17:00:00,92,0,1
CALL0007478,+919247971071,+918482153830,2024-01-17 18:00:00,130,0,2
CALL0007479,+917768414397,+917875036411,2024-08-06 01:00:00,12,0,3
CALL0007480,+917167111416,+917784106590,2024-04-03 21:00:00,165,0,1
CALL0007481,+918650990292,+919933570982,2024-10-09 06:00:00,121,0,1
CALL0007482,+918621618529,+919600804595,2024-09-29 08:00:00,315,0,2
CALL0007483,+919422470309,+919151968722,2024-12-19 08:00:00,275,0,2
CALL0007484,+918746523435,+918641309430,2024-03-07 08:00:00,100,0,1
CALL0007485,+919077691922,+917940046199,2024-05-16 19:00:00,295,0,1
CALL0007486,+917843448287,+918023849794,2024-10-14 14:00:00,385,0,3
CALL0007487,+918583497076,+918529469057,2024-01-28 00:00:00,304,0,2
CALL0007488,+919156996349,+917557954311,2024-09-18 15:00:00,317,0,1
CALL0007489,+917270653164,+918866016333,2024-12-27 11:00:00,367,0,2
CALL0007490,+919968359829,+918505516374,2024-04-21 19:00:00,271,0,3
CALL0007491,+918216489559,+918018304146,2024-12-11 22:00:00,164,0,1
CALL0007492,+918635318163,+917539790877,2024-09-25 01:00:00,293,0,3
CALL0007493,+917386532853,+917005405321,2024-03-27 04:00:00,27,0,1
CALL0007494,+919526161894,+919215022544,2024-09-24 13:00:00,314,0,2
CALL0007495,+918793610142,+919943943873,2024-01-02 04:00:00,368,0,2
CALL0007496,+919820654340,+918165916929,2024-03-15 16:00:00,155,0,3
CALL0007497,+919921089211,+919499884424,2024-01-22 01:00:00,210,0,2
CALL0007498,+919305812668,+919006120075,2024-01-17 02:00:00,205,0,1
CALL0007499,+919969752621,+918309345969,2024-09-05 04:00:00,123,0,3
CALL0007500,+919948864088,+918190211846,2024-09-07 00:00:00,26,0,1
CALL0007501,+919145293815,+917118874784,2024-12-11 01:00:00,202,0,2
CALL0007502,+917435952956,+917953829913,2024-12-23 20:00:00,17,0,1
CALL0007503,+917976825359,+918953603729,2024-05-12 11:00:00,334,0,2
CALL0007504,+919292717902,+919352915703,2024-04-22 23:00:00,200,0,1
CALL0007505,+919419821570,+918687048258,2024-03-20 23:00:00,238,0,2
CALL0007506,+917631856882,+917668567963,2024-08-16 10:00:00,366,0,1
CALL0007507,+917266822077,+919847175277,2024-09-08 12:00:00,44,0,3
CALL0007508,+919041647183,+919053994990,2024-01-16 06:00:00,318,0,1
CALL0007509,+918523199940,+917854929912,2024-01-14 11:00:00,39,0,1
CALL0007510,+919674416122,+918416261435,2024-04-27 20:00:00,112,0,3
CALL0007511,+918914803524,+917363993338,2024-06-04 14:00:00,314,0,1
CALL0007512,+919730170312,+917545791180,2024-02-16 02:00:00,370,0,2
CALL0007513,+919281111605,+919633795198,2024-07-18 01:00:00,157,0,1
CALL0007514,+917626148452,+917602511720,2024-05-10 11:00:00,331,0,3
CALL0007515,+919643365243,+918446537329,2024-06-23 15:00:00,197,0,3
CALL0007516,+919734281161,+917881369117,2024-05-14 06:00:00,303,0,3
CALL0007517,+917754699966,+918270861231,2024-04-26 16:00:00,251,0,1
CALL0007518,+918228611517,+918855613131,2024-11-28 05:00:00,240,0,1
CALL0007519,+919852056543,+918692543103,2024-02-10 20:00:00,398,0,1
CALL0007520,+917759673813,+918345654661,2024-09-18 11:00:00,10,0,1
CALL0007521,+918172732403,+918118809822,2024-09-13 17:00:00,207,0,3
CALL0007522,+918546949908,+917796949552,2024-10-31 14:00:00,202,0,1
CALL0007523,+917399930661,+917405031666,2024-11-13 13:00:00,217,0,3
CALL0007524,+917566429166,+917302268915,2024-04-08 13:00:00,311,0,3
CALL0007525,+919652300575,+919755279204,2024-12-05 21:00:00,364,0,3
CALL0007526,+917170411705,+919629947607,2024-08-17 10:00:00,47,0,1
CALL0007527,+919531470689,+917384077099,2024-06-20 09:00:00,80,0,1
CALL0007528,+917085970362,+917468120599,2024-07-06 19:00:00,245,0,3
CALL0007529,+918573927315,+919744359936,2024-08-19 12:00:00,331,0,2
CALL0007530,+917809494197,+919379535581,2024-10-13 04:00:00,336,0,1
CALL0007531,+918474241191,+917387052677,2024-05-04 07:00:00,99,0,3
CALL0007532,+918693675549,+917818101156,2024-11-13 12:00:00,294,0,2
CALL0007533,+918565259028,+919134141876,2024-10-05 22:00:00,147,0,2
CALL0007534,+919528889996,+917711064491,2024-06-03 15:00:00,142,0,1
CALL0007535,+918609746042,+917747076388,2024-01-31 20:00:00,347,0,2
CALL0007536,+919168648210,+918980009139,2024-12-30 11:00:00,211,0,2
CALL0007537,+918045406339,+919083949141,2024-07-01 08:00:00,45,0,2
CALL0007538,+919808616609,+918105657328,2024-02-12 02:00:00,40,0,3
CALL0007539,+919836415243,+917830939979,2024-08-12 19:00:00,133,0,2
CALL0007540,+917355436184,+919203209117,2024-12-19 00:00:00,144,0,3
CALL0007541,+918233696949,+918943066660,2024-12-17 23:00:00,373,0,3
CALL0007542,+919393465231,+917216650301,2024-06-03 20:00:00,259,0,2
CALL0007543,+917309288988,+919533349799,2024-06-25 12:00:00,393,0,3
CALL0007544,+919558635423,+919324609571,2024-07-27 18:00:00,215,0,1
CALL0007545,+917426335822,+919683661777,2024-01-25 01:00:00,209,0,1
CALL0007546,+918869854819,+918864283632,2024-10-06 04:00:00,110,0,2
CALL0007547,+919743400425,+917368598673,2024-08-22 05:00:00,310,0,1
CALL0007548,+919568591577,+917789160864,2024-09-18 17:00:00,367,0,2
CALL0007549,+917666368192,+917091804585,2024-01-30 01:00:00,104,0,3
CALL0007550,+917163031295,+919020653899,2024-03-24 21:00:00,82,0,2
CALL0007551,+917429235164,+917949444336,2024-08-21 08:00:00,59,0,3
CALL0007552,+919085457189,+919466639781,2024-06-26 02:00:00,107,0,2
CALL0007553,+918857059606,+918262176584,2024-12-05 21:00:00,202,0,2
CALL0007554,+917919345838,+918979179995,2024-01-02 21:00:00,80,0,3
CALL0007555,+919601227250,+918863965206,2024-03-04 20:00:00,160,0,2
CALL0007556,+917275562282,+917341040475,2024-03-24 19:00:00,37,0,3
CALL0007557,+918297844106,+918400118307,2024-03-03 16:00:00,38,0,1
CALL0007558,+918063299174,+919090758045,2024-10-09 06:00:00,61,0,3
CALL0007559,+917892609925,+919719648153,2024-01-24 23:00:00,108,0,1
CALL0007560,+919143186458,+917684624174,2024-10-17 16:00:00,365,0,1
CALL0007561,+917286919327,+917542162245,2024-02-27 23:00:00,83,0,2
CALL0007562,+918382590554,+917638866479,2024-11-02 14:00:00,329,0,2
CALL0007563,+919612206601,+919149779477,2024-05-31 21:00:00,262,0,1
CALL0007564,+919427952805,+917144161513,2024-07-03 11:00:00,308,0,2
CALL0007565,+919328826078,+917949497559,2024-03-19 05:00:00,152,0,3
CALL0007566,+919585754380,+919089698010,2024-08-18 17:00:00,171,0,1
CALL0007567,+919242655286,+919052508334,2024-08-01 21:00:00,58,0,2
CALL0007568,+917385303298,+917826503417,2024-03-10 15:00:00,57,0,3
CALL0007569,+917456977115,+917868829250,2024-09-30 10:00:00,20,0,3
CALL0007570,+918921457694,+917345497247,2024-12-24 12:00:00,348,0,2
CALL0007571,+918357257635,+917937667502,2024-12-02 12:00:00,154,0,2
CALL0007572,+919085933219,+919625885312,2024-11-25 18:00:00,253,0,1
CALL0007573,+917171636081,+917454600960,2024-08-26 21:00:00,286,0,3
CALL0007574,+918733786264,+918660469552,2024-04-11 21:00:00,263,0,2
CALL0007575,+917316312658,+918931791481,2024-12-02 19:00:00,52,0,2
CALL0007576,+918828799324,+917509377409,2024-10-13 21:00:00,288,0,3
CALL0007577,+919463635287,+918688345636,2024-01-21 23:00:00,117,0,2
CALL0007578,+919564469717,+919296910342,2024-01-25 11:00:00,332,0,2
CALL0007579,+917332154257,+917557715617,2024-11-24 05:00:00,243,0,1
CALL0007580,+918991990514,+919767511206,2024-05-20 13:00:00,205,0,1
CALL0007581,+918926642740,+919113560985,2024-04-14 21:00:00,163,0,3
CALL0007582,+919885661728,+919693781332,2024-07-20 12:00:00,342,0,1
CALL0007583,+918766054734,+917042525368,2024-01-22 09:00:00,130,0,3
CALL0007584,+919656620273,+917315359201,2024-05-18 05:00:00,326,0,1
CALL0007585,+917959613494,+917881197446,2024-04-29 14:00:00,127,0,3
CALL0007586,+917348524855,+918245012958,2024-07-23 01:00:00,141,0,2
CALL0007587,+919249712281,+918045406339,2024-09-12 02:00:00,222,0,1
CALL0007588,+919499884424,+918974088573,2024-12-11 14:00:00,88,0,3
CALL0007589,+917107434698,+918974741049,2024-10-08 09:00:00,224,0,1
CALL0007590,+919878280142,+918955717655,2024-10-24 09:00:00,309,0,3
CALL0007591,+919629319238,+918477921421,2024-12-26 17:00:00,381,0,1
CALL0007592,+918609746042,+919940007671,2024-08-27 01:00:00,21,0,1
CALL0007593,+919874611576,+917288371658,2024-04-25 22:00:00,47,0,2
CALL0007594,+918699423158,+919985262684,2024-06-28 13:00:00,46,0,2
CALL0007595,+918045199109,+917093530254,2024-08-05 08:00:00,237,0,2
CALL0007596,+917884733923,+917386532853,2024-06-30 03:00:00,156,0,2
CALL0007597,+918435741336,+919166628918,2024-03-26 06:00:00,71,0,3
CALL0007598,+918717316750,+918026495676,2024-03-15 10:00:00,392,0,1
CALL0007599,+917549031833,+918604510283,2024-09-15 21:00:00,276,0,1
CALL0007600,+917312144246,+918478961551,2024-05-28 17:00:00,114,0,2
CALL0007601,+917443123569,+917247669226,2024-03-06 06:00:00,264,0,1
CALL0007602,+919260285435,+919779441562,2024-07-03 03:00:00,287,0,3
CALL0007603,+919892607629,+918852044967,2024-09-03 20:00:00,19,0,2
CALL0007604,+918710302446,+918609746042,2024-03-04 14:00:00,380,0,3
CALL0007605,+917600334097,+919160273529,2024-02-27 19:00:00,341,0,1
CALL0007606,+918427696719,+918622061275,2024-04-21 08:00:00,41,0,1
CALL0007607,+919299150403,+919152420043,2024-02-02 20:00:00,269,0,1
CALL0007608,+917312863757,+919475842798,2024-01-11 16:00:00,255,0,1
CALL0007609,+917774565491,+918118851866,2024-04-03 03:00:00,195,0,2
CALL0007610,+919766105080,+919611748622,2024-11-28 06:00:00,236,0,2
CALL0007611,+918025020924,+919614529791,2024-01-10 18:00:00,194,0,2
CALL0007612,+918923552120,+917685258298,2024-12-06 02:00:00,46,0,1
CALL0007613,+918804748490,+919604117741,2024-09-23 03:00:00,210,0,1
CALL0007614,+918827509427,+917539790877,2024-05-30 06:00:00,264,0,3
CALL0007615,+917180672668,+918532297071,2024-09-10 15:00:00,357,0,2
CALL0007616,+919981881090,+918921457694,2024-02-13 23:00:00,343,0,3
CALL0007617,+917045044072,+918730320644,2024-09-02 10:00:00,327,0,2
CALL0007618,+919314480282,+919525548612,2024-05-08 14:00:00,389,0,1
CALL0007619,+918496458252,+917171636081,2024-06-12 11:00:00,166,0,2
CALL0007620,+917436301146,+919020875076,2024-05-13 04:00:00,289,0,1
CALL0007621,+918241287475,+917800835207,2024-04-10 21:00:00,110,0,3
CALL0007622,+917642032345,+917838081021,2024-02-22 19:00:00,359,0,3
CALL0007623,+918313718687,+919234661867,2024-05-31 16:00:00,58,0,3
CALL0007624,+918679539051,+919692805098,2024-06-15 22:00:00,237,0,2
CALL0007625,+918269061602,+919597971136,2024-02-15 22:00:00,314,0,3
CALL0007626,+918244074956,+918502472662,2024-07-23 17:00:00,112,0,3
CALL0007627,+918875711212,+919932009493,2024-09-30 08:00:00,145,0,3
CALL0007628,+918499115240,+919281111605,2024-04-01 20:00:00,274,0,2
CALL0007629,+917343892448,+917766458804,2024-11-23 06:00:00,168,0,3
CALL0007630,+918106335112,+918686015331,2024-01-14 08:00:00,393,0,2
CALL0007631,+917516345495,+918052649641,2024-09-02 09:00:00,356,0,1
CALL0007632,+917766458804,+919762975611,2024-05-28 18:00:00,106,0,1
CALL0007633,+918003066549,+919812132471,2024-01-17 07:00:00,302,0,1
CALL0007634,+917678535873,+919350136533,2024-09-03 21:00:00,164,0,1
CALL0007635,+918658975828,+917125254588,2024-12-29 13:00:00,222,0,2
CALL0007636,+917758735063,+917171797337,2024-09-28 16:00:00,293,0,1
CALL0007637,+918356204660,+919895943161,2024-01-31 22:00:00,247,0,3
CALL0007638,+919807928857,+917256113614,2024-02-03 19:00:00,334,0,1
CALL0007639,+919212697955,+918025292022,2024-06-02 23:00:00,48,0,1
CALL0007640,+919614529791,+919428992376,2024-02-28 06:00:00,72,0,1
CALL0007641,+917475194491,+918149810918,2024-06-24 05:00:00,233,0,3
CALL0007642,+919760980560,+917737263640,2024-02-20 13:00:00,368,0,2
CALL0007643,+918965065478,+919361996810,2024-02-03 21:00:00,374,0,3
CALL0007644,+918021056171,+917104282445,2024-04-30 09:00:00,214,0,1
CALL0007645,+919232880889,+919215789463,2024-11-29 11:00:00,328,0,3
CALL0007646,+917682279513,+919574747398,2024-09-22 07:00:00,146,0,2
CALL0007647,+918612071565,+918932567556,2024-01-21 05:00:00,330,0,1
CALL0007648,+919952360211,+918196414729,2024-06-12 02:00:00,331,0,3
CALL0007649,+918754322050,+917572245003,2024-03-07 01:00:00,274,0,3
CALL0007650,+918824864182,+919148209535,2024-11-28 11:00:00,266,0,3
CALL0007651,+917482142641,+918905147640,2024-01-09 03:00:00,394,0,2
CALL0007652,+918092937390,+918104598583,2024-01-07 07:00:00,35,0,1
CALL0007653,+919859670958,+917319085012,2024-04-12 12:00:00,243,0,1
CALL0007654,+917653290380,+917528567289,2024-10-03 19:00:00,255,0,2
CALL0007655,+917429235164,+917857357030,2024-07-07 18:00:00,83,0,1
CALL0007656,+917077600833,+917084346622,2024-06-16 02:00:00,251,0,3
CALL0007657,+917916604333,+919728566763,2024-08-16 17:00:00,375,0,2
CALL0007658,+919056116947,+919614580084,2024-04-25 10:00:00,87,0,1
CALL0007659,+917556191230,+917820467588,2024-08-08 06:00:00,236,0,2
CALL0007660,+919940007671,+919109594244,2024-11-18 23:00:00,240,0,3
CALL0007661,+918855361179,+918363994019,2024-03-31 09:00:00,130,0,3
CALL0007662,+918925853236,+919230281878,2024-11-19 15:00:00,20,0,2
CALL0007663,+919178059281,+917161892993,2024-06-16 10:00:00,145,0,3
CALL0007664,+917653906586,+917306576833,2024-04-18 01:00:00,394,0,3
CALL0007665,+918699423158,+917522334476,2024-10-14 07:00:00,212,0,2
CALL0007666,+917529216552,+918692543103,2024-12-02 21:00:00,138,0,2
CALL0007667,+917474188194,+918132577341,2024-04-24 08:00:00,64,0,3
CALL0007668,+917693664381,+918890374019,2024-10-21 04:00:00,247,0,3
CALL0007669,+917919345838,+919482675634,2024-11-04 10:00:00,151,0,3
CALL0007670,+918699423158,+917784877166,2024-02-22 14:00:00,110,0,1
CALL0007671,+917517035136,+919794051161,2024-01-19 19:00:00,352,0,1
CALL0007672,+918386612504,+918809596262,2024-11-17 15:00:00,108,0,1
CALL0007673,+919024706850,+917334744452,2024-07-07 02:00:00,97,0,3
CALL0007674,+917431253477,+919725355753,2024-10-22 00:00:00,364,0,1
CALL0007675,+919969752621,+917425835338,2024-04-19 21:00:00,373,0,3
CALL0007676,+918035504455,+918149810918,2024-02-07 00:00:00,136,0,1
CALL0007677,+918415040014,+919734281161,2024-09-22 01:00:00,207,0,1
CALL0007678,+918761572140,+918951135845,2024-11-04 14:00:00,385,0,3
CALL0007679,+918860090864,+917894188675,2024-06-20 07:00:00,97,0,2
CALL0007680,+917297865241,+918861662197,2024-08-03 20:00:00,351,0,2
CALL0007681,+919357499765,+919859670958,2024-07-22 03:00:00,174,0,1
CALL0007682,+917247669226,+917224168658,2024-06-05 18:00:00,23,0,1
CALL0007683,+917050506921,+918309589783,2024-08-24 21:00:00,210,0,3
CALL0007684,+919491110236,+919739227285,2024-09-22 02:00:00,284,0,2
CALL0007685,+918771837244,+917691462597,2024-12-30 07:00:00,293,0,3
CALL0007686,+917922932184,+917462368340,2024-06-28 20:00:00,154,0,1
CALL0007687,+918977018447,+919257092459,2024-07-10 10:00:00,238,0,1
CALL0007688,+917610990739,+918845434724,2024-09-22 12:00:00,195,0,2
CALL0007689,+917838081021,+919831436326,2024-07-06 05:00:00,210,0,1
CALL0007690,+918469611128,+917407301249,2024-10-08 06:00:00,245,0,1
CALL0007691,+919195905159,+919132986265,2024-01-14 16:00:00,102,0,3
CALL0007692,+919292717902,+919700856441,2024-02-03 12:00:00,68,0,1
CALL0007693,+917409215332,+917684624174,2024-05-24 07:00:00,100,0,1
CALL0007694,+918647504319,+917245294583,2024-11-18 15:00:00,142,0,3
CALL0007695,+918075357159,+917874195429,2024-05-11 18:00:00,265,0,1
CALL0007696,+917978356901,+917743754699,2024-07-25 14:00:00,285,0,3
CALL0007697,+917667583404,+918386445658,2024-02-09 01:00:00,329,0,1
CALL0007698,+918382590554,+918356204660,2024-04-05 16:00:00,392,0,2
CALL0007699,+918711709683,+919943943873,2024-02-27 00:00:00,117,0,1
CALL0007700,+919675183952,+918721911104,2024-05-09 22:00:00,190,0,3
CALL0007701,+919686003911,+917253382761,2024-01-16 10:00:00,373,0,3
CALL0007702,+918088674318,+917906950905,2024-01-03 19:00:00,194,0,3
CALL0007703,+919738734362,+919488391853,2024-05-11 20:00:00,374,0,2
CALL0007704,+919253630209,+918724204062,2024-10-06 06:00:00,103,0,3
CALL0007705,+918447438785,+918209511558,2024-05-12 06:00:00,151,0,2
CALL0007706,+919981881090,+919716910794,2024-07-10 09:00:00,228,0,1
CALL0007707,+918164846125,+918306079872,2024-06-17 14:00:00,273,0,2
CALL0007708,+918009623183,+918400307759,2024-03-19 17:00:00,114,0,3
CALL0007709,+918955717655,+919120960864,2024-07-15 06:00:00,32,0,3
CALL0007710,+917097281774,+917844387254,2024-11-23 03:00:00,189,0,2
CALL0007711,+918640888425,+919145293815,2024-11-19 11:00:00,37,0,2
CALL0007712,+919859630019,+918278498301,2024-05-25 00:00:00,33,0,3
CALL0007713,+919694676585,+918636790925,2024-05-28 13:00:00,109,0,2
CALL0007714,+918299545013,+919972016795,2024-04-26 04:00:00,46,0,2
CALL0007715,+917962052682,+918408123755,2024-07-10 07:00:00,179,0,2
CALL0007716,+918623219916,+919367787700,2024-11-03 19:00:00,206,0,2
CALL0007717,+919808616609,+917555170329,2024-03-17 05:00:00,200,0,3
CALL0007718,+917787870467,+919134141876,2024-05-01 15:00:00,84,0,1
CALL0007719,+917554747107,+918711709683,2024-03-26 14:00:00,242,0,2
CALL0007720,+917534776852,+918044853212,2024-05-06 22:00:00,324,0,2
CALL0007721,+917036231729,+918253335490,2024-07-11 13:00:00,74,0,1
CALL0007722,+918386445658,+917918394465,2024-02-12 17:00:00,302,0,3
CALL0007723,+918914457419,+917196300729,2024-08-11 16:00:00,24,0,1
CALL0007724,+917127725926,+918546333449,2024-01-30 06:00:00,275,0,1
CALL0007725,+917447344032,+917137431729,2024-07-01 13:00:00,127,0,3
CALL0007726,+918736666682,+919704574916,2024-03-03 23:00:00,38,0,3
CALL0007727,+919649046560,+917785249681,2024-08-02 21:00:00,386,0,3
CALL0007728,+918561691910,+918122153064,2024-12-13 05:00:00,27,0,2
CALL0007729,+917941313213,+918827509427,2024-07-29 00:00:00,380,0,2
CALL0007730,+919544573226,+919222366300,2024-08-30 23:00:00,163,0,1
CALL0007731,+919234661867,+918721465581,2024-05-02 13:00:00,71,0,1
CALL0007732,+919183821760,+919059681370,2024-10-06 04:00:00,104,0,1
CALL0007733,+919398377729,+917580230447,2024-09-20 23:00:00,318,0,3
CALL0007734,+918576812501,+919800383500,2024-09-20 17:00:00,14,0,1
CALL0007735,+918373396720,+917614123358,2024-08-17 02:00:00,302,0,3
CALL0007736,+917099435257,+918854739500,2024-02-16 08:00:00,240,0,3
CALL0007737,+918270861231,+918456091677,2024-07-18 03:00:00,174,0,3
CALL0007738,+917827979808,+917580053271,2024-05-02 23:00:00,261,0,2
CALL0007739,+918014527095,+919528889996,2024-12-17 19:00:00,178,0,1
CALL0007740,+917917443974,+918337010112,2024-08-27 05:00:00,377,0,2
CALL0007741,+919375768268,+917668567963,2024-12-26 16:00:00,100,0,3
CALL0007742,+917232043873,+919241987290,2024-12-09 14:00:00,207,0,2
CALL0007743,+917600939642,+918001974631,2024-01-07 13:00:00,105,0,2
CALL0007744,+917827726142,+919372438141,2024-11-10 11:00:00,94,0,2
CALL0007745,+919064360196,+919205225066,2024-12-26 13:00:00,260,0,3
CALL0007746,+919554469739,+919400534690,2024-05-28 07:00:00,287,0,2
CALL0007747,+918118809822,+919981881090,2024-05-11 13:00:00,30,0,3
CALL0007748,+919675183952,+919599966521,2024-09-21 08:00:00,286,0,2
CALL0007749,+918623870284,+919259678475,2024-12-06 06:00:00,257,0,1
CALL0007750,+917768414397,+917900974151,2024-12-01 11:00:00,166,0,3
CALL0007751,+917669533898,+917368598673,2024-06-05 17:00:00,347,0,2
CALL0007752,+917403479179,+919567167103,2024-08-22 02:00:00,308,0,2
CALL0007753,+917373354510,+917954375250,2024-12-20 16:00:00,47,0,2
CALL0007754,+917345215610,+917445139353,2024-12-14 19:00:00,278,0,2
CALL0007755,+918537710608,+918096823381,2024-02-18 20:00:00,34,0,3
CALL0007756,+917018411732,+917371620980,2024-08-01 21:00:00,51,0,2
CALL0007757,+919079207038,+917600334097,2024-10-13 03:00:00,210,0,3
CALL0007758,+918328519758,+919779441562,2024-08-10 20:00:00,376,0,2
CALL0007759,+919394331290,+917959448125,2024-05-29 17:00:00,140,0,1
CALL0007760,+917615126705,+918886107605,2024-02-08 03:00:00,334,0,3
CALL0007761,+918962954687,+917479527907,2024-02-25 03:00:00,198,0,1
CALL0007762,+919471365252,+918269061602,2024-12-30 19:00:00,72,0,2
CALL0007763,+919722270188,+917303177883,2024-11-12 14:00:00,237,0,1
CALL0007764,+917323423949,+917570500746,2024-09-04 22:00:00,165,0,2
CALL0007765,+918749039603,+919313926949,2024-12-26 01:00:00,252,0,3
CALL0007766,+919226995002,+919211448353,2024-04-13 11:00:00,396,0,1
CALL0007767,+917580053271,+918336513454,2024-10-23 08:00:00,141,0,2
CALL0007768,+917495925942,+919507775070,2024-12-29 08:00:00,224,0,2
CALL0007769,+918279372522,+917445337802,2024-03-10 02:00:00,177,0,2
CALL0007770,+919769914452,+917887513807,2024-02-29 13:00:00,16,0,2
CALL0007771,+919157413417,+919153984761,2024-05-21 09:00:00,267,0,2
CALL0007772,+919981881090,+917517795369,2024-01-31 07:00:00,249,0,2
CALL0007773,+917299024535,+917440843411,2024-09-30 22:00:00,209,0,1
CALL0007774,+917638059476,+917685175287,2024-09-30 19:00:00,363,0,1
CALL0007775,+918869112690,+918651793185,2024-04-13 06:00:00,389,0,2
CALL0007776,+918712207308,+919645261118,2024-01-31 20:00:00,11,0,1
CALL0007777,+917396488272,+919847175277,2024-08-12 08:00:00,384,0,1
CALL0007778,+918818656031,+919977415437,2024-01-21 17:00:00,167,0,3
CALL0007779,+918408931413,+919643072653,2024-10-09 09:00:00,109,0,3
CALL0007780,+918570712518,+919682075928,2024-09-27 15:00:00,368,0,2
CALL0007781,+919020947458,+917637592770,2024-01-12 21:00:00,244,0,1
CALL0007782,+917797544111,+918919718655,2024-05-09 22:00:00,140,0,1
CALL0007783,+918591449910,+918212796857,2024-08-11 03:00:00,344,0,2
CALL0007784,+918141329092,+917838081021,2024-01-15 05:00:00,194,0,2
CALL0007785,+917689307759,+918876557575,2024-09-18 23:00:00,291,0,2
CALL0007786,+917249266649,+918623219916,2024-06-13 06:00:00,384,0,2
CALL0007787,+917602511720,+917338444340,2024-04-18 21:00:00,182,0,1
CALL0007788,+917024895375,+919896109964,2024-09-18 21:00:00,227,0,2
CALL0007789,+917844277263,+919248684979,2024-12-05 04:00:00,391,0,1
CALL0007790,+919579788957,+919314480282,2024-10-04 14:00:00,325,0,3
CALL0007791,+919274255905,+919622271675,2024-11-18 14:00:00,272,0,1
CALL0007792,+917814590557,+918772775649,2024-11-29 15:00:00,19,0,3
CALL0007793,+918750777425,+919542676138,2024-02-01 15:00:00,323,0,2
CALL0007794,+919427850719,+919525548612,2024-09-22 17:00:00,364,0,3
CALL0007795,+919692587452,+918263230330,2024-04-24 18:00:00,99,0,2
CALL0007796,+918165916929,+917529216552,2024-07-31 21:00:00,19,0,3
CALL0007797,+918580972180,+917838081021,2024-08-01 22:00:00,324,0,2
CALL0007798,+918533821527,+919061437107,2024-05-09 11:00:00,240,0,3
CALL0007799,+918077777688,+919526161894,2024-02-25 15:00:00,338,0,1
CALL0007800,+918025292022,+919697009565,2024-06-18 21:00:00,264,0,1
CALL0007801,+919744359936,+918199652625,2024-02-26 22:00:00,173,0,2
CALL0007802,+917012901079,+918932683472,2024-11-02 05:00:00,70,0,2
CALL0007803,+919625885312,+919133702594,2024-12-10 01:00:00,310,0,2
CALL0007804,+917549031833,+917171636081,2024-08-09 04:00:00,13,0,3
CALL0007805,+918965761232,+917839559974,2024-03-18 08:00:00,43,0,3
CALL0007806,+918336443116,+919179871262,2024-03-15 02:00:00,348,0,3
CALL0007807,+919259223479,+917371148513,2024-10-20 03:00:00,58,0,1
CALL0007808,+917422934177,+918484093540,2024-05-30 15:00:00,140,0,2
CALL0007809,+918145445545,+919882387870,2024-11-18 04:00:00,188,0,3
CALL0007810,+917179768928,+918094229619,2024-05-03 21:00:00,274,0,1
CALL0007811,+917743962451,+918106389133,2024-08-07 17:00:00,17,0,3
CALL0007812,+918096206436,+917890682048,2024-09-23 17:00:00,400,0,3
CALL0007813,+919845215049,+918937983489,2024-09-05 11:00:00,298,0,2
CALL0007814,+917991237762,+917057279806,2024-06-05 15:00:00,289,0,1
CALL0007815,+918045479174,+918517546787,2024-11-22 03:00:00,74,0,3
CALL0007816,+918793610142,+918360887094,2024-07-26 10:00:00,18,0,1
CALL0007817,+918276479631,+917740445046,2024-02-26 13:00:00,180,0,3
CALL0007818,+917050279483,+919953030804,2024-01-08 12:00:00,205,0,1
CALL0007819,+918652865243,+917557849616,2024-08-02 00:00:00,12,0,3
CALL0007820,+919427952805,+918771246889,2024-02-13 20:00:00,52,0,1
CALL0007821,+919844111871,+918565259028,2024-09-28 21:00:00,131,0,2
CALL0007822,+917622119528,+918345654661,2024-02-29 00:00:00,90,0,3
CALL0007823,+917601113419,+917216376362,2024-03-16 01:00:00,28,0,3
CALL0007824,+919220287665,+919271402917,2024-05-10 17:00:00,45,0,1
CALL0007825,+918362498025,+917868190327,2024-09-10 21:00:00,328,0,1
CALL0007826,+917653934596,+918650655442,2024-05-13 10:00:00,38,0,1
CALL0007827,+917527201519,+919845901854,2024-11-16 00:00:00,347,0,3
CALL0007828,+919608830865,+919362712982,2024-09-30 13:00:00,45,0,3
CALL0007829,+919874611576,+918116451037,2024-09-17 02:00:00,310,0,1
CALL0007830,+919992552920,+918842955709,2024-01-06 03:00:00,280,0,1
CALL0007831,+918266535408,+917495707917,2024-05-01 22:00:00,193,0,1
CALL0007832,+917482142641,+919401987268,2024-12-02 07:00:00,348,0,2
CALL0007833,+917379547237,+919368517256,2024-12-15 19:00:00,349,0,1
CALL0007834,+919650200561,+917390973056,2024-08-20 18:00:00,225,0,3
CALL0007835,+918399629595,+918652423546,2024-01-05 05:00:00,396,0,3
CALL0007836,+919531751568,+917176499960,2024-05-28 19:00:00,330,0,2
CALL0007837,+918983639944,+917243444028,2024-08-28 05:00:00,94,0,2
CALL0007838,+918104598583,+919412201202,2024-12-26 09:00:00,279,0,1
CALL0007839,+919328826078,+917052724678,2024-01-25 14:00:00,239,0,1
CALL0007840,+918447438785,+917983488761,2024-01-05 20:00:00,123,0,2
CALL0007841,+917718035625,+919605559451,2024-07-28 14:00:00,113,0,2
CALL0007842,+917789977111,+917259710095,2024-10-05 12:00:00,234,0,1
CALL0007843,+918149035259,+917334504537,2024-04-02 03:00:00,24,0,3
CALL0007844,+918576812501,+919221469320,2024-05-06 20:00:00,51,0,3
CALL0007845,+919365212508,+917768414397,2024-05-05 14:00:00,265,0,1
CALL0007846,+919148209535,+918083129918,2024-03-12 21:00:00,151,0,1
CALL0007847,+917061981865,+918493139211,2024-05-05 05:00:00,217,0,2
CALL0007848,+917622119528,+918555767477,2024-09-21 04:00:00,271,0,3
CALL0007849,+917943739567,+919662812179,2024-03-14 15:00:00,114,0,3
CALL0007850,+919558635423,+917628307648,2024-09-22 10:00:00,316,0,2
CALL0007851,+918300219587,+918538728636,2024-03-14 04:00:00,15,0,3
CALL0007852,+918389284499,+919441047040,2024-07-30 18:00:00,328,0,3
CALL0007853,+918093716706,+918552222223,2024-01-08 06:00:00,231,0,3
CALL0007854,+919753566765,+918275900700,2024-02-28 12:00:00,195,0,1
CALL0007855,+919099754332,+919490331185,2024-02-28 17:00:00,341,0,1
CALL0007856,+917382877839,+919593131439,2024-09-19 12:00:00,81,0,2
CALL0007857,+919022535159,+918794485135,2024-10-18 11:00:00,116,0,3
CALL0007858,+918006334718,+918796678209,2024-03-30 18:00:00,238,0,3
CALL0007859,+919552938643,+919952773540,2024-10-11 14:00:00,325,0,1
CALL0007860,+919952773540,+917321749954,2024-04-03 16:00:00,319,0,1
CALL0007861,+917505265727,+917081244048,2024-05-10 10:00:00,342,0,1
CALL0007862,+918521072154,+918668146205,2024-06-06 05:00:00,239,0,3
CALL0007863,+917590835096,+919347900409,2024-12-21 16:00:00,334,0,3
CALL0007864,+917226881722,+919341233511,2024-10-25 22:00:00,208,0,1
CALL0007865,+919174294766,+919639404165,2024-12-07 02:00:00,337,0,1
CALL0007866,+917634934834,+919629319238,2024-10-07 19:00:00,241,0,1
CALL0007867,+917517795369,+918286649770,2024-04-07 06:00:00,64,0,1
CALL0007868,+919939863752,+919855464592,2024-02-15 05:00:00,234,0,3
CALL0007869,+917677239770,+918278316012,2024-11-27 15:00:00,167,0,2
CALL0007870,+917469288770,+917398496983,2024-05-13 02:00:00,77,0,3
CALL0007871,+917806810450,+919125790201,2024-07-29 20:00:00,98,0,3
CALL0007872,+919852692942,+917519787028,2024-03-24 20:00:00,166,0,2
CALL0007873,+917595092290,+918000408557,2024-06-23 06:00:00,29,0,2
CALL0007874,+917737523816,+918177053694,2024-06-08 00:00:00,148,0,2
CALL0007875,+919332667401,+917449753937,2024-01-17 16:00:00,31,0,3
CALL0007876,+918015607775,+918408123755,2024-10-06 14:00:00,179,0,2
CALL0007877,+917332154257,+917247669226,2024-03-04 10:00:00,227,0,3
CALL0007878,+918849395767,+918934393295,2024-06-06 18:00:00,316,0,1
CALL0007879,+919003399207,+917068166918,2024-12-25 19:00:00,321,0,3
CALL0007880,+919235653052,+919645427235,2024-09-18 23:00:00,139,0,1
CALL0007881,+918793610142,+917898201018,2024-08-10 04:00:00,305,0,1
CALL0007882,+918622061275,+917270653164,2024-11-22 18:00:00,349,0,1
CALL0007883,+918003066549,+917087471019,2024-12-07 16:00:00,293,0,3
CALL0007884,+919185233301,+918362917689,2024-09-17 18:00:00,165,0,2
CALL0007885,+919705357997,+919839183551,2024-02-18 06:00:00,397,0,3
CALL0007886,+918039894077,+919998396853,2024-04-02 02:00:00,95,0,3
CALL0007887,+917342999385,+919437407210,2024-09-28 17:00:00,129,0,2
CALL0007888,+917440843411,+917556191230,2024-04-01 13:00:00,74,0,2
CALL0007889,+917866233156,+918499140953,2024-07-12 01:00:00,397,0,2
CALL0007890,+919720712378,+917318255483,2024-02-12 09:00:00,242,0,3
CALL0007891,+917785346655,+917695614642,2024-02-23 05:00:00,269,0,1
CALL0007892,+919268174299,+919129981964,2024-12-28 09:00:00,225,0,1
CALL0007893,+917620665998,+918362917689,2024-04-10 18:00:00,94,0,2
CALL0007894,+919677787420,+919991026525,2024-01-21 11:00:00,17,0,1
CALL0007895,+917196416882,+919816131532,2024-12-26 20:00:00,336,0,3
CALL0007896,+918015730890,+918009623183,2024-02-16 10:00:00,154,0,2
CALL0007897,+919482675634,+918150290590,2024-12-25 03:00:00,260,0,1
CALL0007898,+919352526372,+917837888939,2024-03-05 11:00:00,85,0,1
CALL0007899,+918229200626,+917407301249,2024-11-27 04:00:00,331,0,3
CALL0007900,+918297903887,+917747076388,2024-07-18 01:00:00,252,0,1
CALL0007901,+919418200134,+917997149195,2024-10-07 00:00:00,95,0,2
CALL0007902,+917445337802,+919364710916,2024-05-27 00:00:00,304,0,1
CALL0007903,+919951852803,+919070968723,2024-11-19 20:00:00,173,0,3
CALL0007904,+917959600315,+918430881585,2024-01-15 08:00:00,37,0,3
CALL0007905,+919328826078,+919923213757,2024-10-15 06:00:00,242,0,1
CALL0007906,+919340556203,+917812655430,2024-10-18 00:00:00,43,0,3
CALL0007907,+918295500185,+918592540348,2024-04-28 20:00:00,203,0,2
CALL0007908,+917520831080,+918672970267,2024-12-24 04:00:00,74,0,1
CALL0007909,+917024895375,+918876557575,2024-10-13 20:00:00,128,0,3
CALL0007910,+919666114780,+917364136945,2024-03-21 20:00:00,197,0,2
CALL0007911,+918345766119,+917669533898,2024-09-09 14:00:00,97,0,2
CALL0007912,+917978881320,+917161015411,2024-11-29 21:00:00,288,0,2
CALL0007913,+918236142425,+919531470689,2024-07-03 07:00:00,216,0,2
CALL0007914,+917504017228,+918822388301,2024-10-23 05:00:00,369,0,3
CALL0007915,+918960269417,+919390031133,2024-08-10 09:00:00,343,0,2
CALL0007916,+919452196668,+917141389755,2024-10-28 13:00:00,64,0,3
CALL0007917,+919579788957,+919488703004,2024-11-24 06:00:00,277,0,3
CALL0007918,+917061485806,+918388665954,2024-04-25 07:00:00,361,0,2
CALL0007919,+918109743261,+917161015411,2024-05-27 16:00:00,200,0,3
CALL0007920,+919720712378,+919466343231,2024-01-30 22:00:00,281,0,2
CALL0007921,+918343020583,+918177382859,2024-08-31 07:00:00,85,0,2
CALL0007922,+917480313586,+917378301455,2024-04-27 03:00:00,219,0,1
CALL0007923,+917592906846,+919692805098,2024-09-03 02:00:00,229,0,3
CALL0007924,+918077777688,+919558635423,2024-04-28 10:00:00,314,0,3
CALL0007925,+917595215597,+919235185991,2024-06-15 20:00:00,376,0,3
CALL0007926,+917215619506,+918471731248,2024-08-14 21:00:00,28,0,3
CALL0007927,+917461993642,+917247669226,2024-12-09 03:00:00,381,0,1
CALL0007928,+917782761634,+918095026839,2024-04-25 01:00:00,213,0,2
CALL0007929,+917831306520,+918140499040,2024-05-29 13:00:00,280,0,2
CALL0007930,+918850748077,+917673000516,2024-09-15 14:00:00,341,0,1
CALL0007931,+918183294846,+917115993340,2024-12-27 10:00:00,29,0,1
CALL0007932,+918446537329,+918265675715,2024-11-07 08:00:00,353,0,3
CALL0007933,+918974088573,+919797914625,2024-10-22 14:00:00,172,0,3
CALL0007934,+917418359148,+919085457189,2024-12-16 08:00:00,59,0,1
CALL0007935,+919738734362,+919997304215,2024-01-06 21:00:00,123,0,1
CALL0007936,+918322785764,+917555170329,2024-08-29 07:00:00,386,0,1
CALL0007937,+919416078383,+919025825636,2024-01-15 20:00:00,13,0,2
CALL0007938,+917653906586,+918043123178,2024-06-27 16:00:00,329,0,1
CALL0007939,+918017228296,+919398904447,2024-08-01 02:00:00,55,0,3
CALL0007940,+917985456622,+917385303298,2024-08-12 03:00:00,113,0,2
CALL0007941,+918750232761,+917080503899,2024-06-04 07:00:00,347,0,1
CALL0007942,+919393465231,+919394331290,2024-04-04 18:00:00,357,0,2
CALL0007943,+917808418095,+917141823197,2024-03-23 00:00:00,24,0,3
CALL0007944,+918300231083,+918744156773,2024-09-29 22:00:00,301,0,2
CALL0007945,+918508841480,+917333791889,2024-10-23 13:00:00,49,0,2
CALL0007946,+919440761698,+919642598739,2024-11-20 15:00:00,351,0,3
CALL0007947,+918875711212,+919315838121,2024-01-31 16:00:00,167,0,2
CALL0007948,+918936764769,+917455366432,2024-01-06 03:00:00,47,0,1
CALL0007949,+918299681784,+917001003684,2024-11-20 14:00:00,162,0,2
CALL0007950,+918965065478,+918340511431,2024-03-25 03:00:00,163,0,2
CALL0007951,+919605559451,+919177600847,2024-01-29 01:00:00,340,0,1
CALL0007952,+918363994019,+918361761634,2024-12-09 19:00:00,163,0,3
CALL0007953,+918469611128,+917036277166,2024-01-07 03:00:00,52,0,2
CALL0007954,+919006120075,+918266094092,2024-01-27 09:00:00,289,0,2
CALL0007955,+917575866109,+918170168473,2024-11-23 05:00:00,389,0,3
CALL0007956,+918596111374,+918952971098,2024-09-14 07:00:00,54,0,3
CALL0007957,+917844083206,+919257892529,2024-04-19 18:00:00,181,0,2
CALL0007958,+917201458173,+919032030917,2024-06-25 14:00:00,252,0,2
CALL0007959,+918141329092,+918297903887,2024-01-28 12:00:00,133,0,2
CALL0007960,+917190552375,+917312863757,2024-11-14 22:00:00,69,0,2
CALL0007961,+918717334800,+919322773093,2024-02-13 20:00:00,386,0,3
CALL0007962,+918670012123,+917474592915,2024-07-28 12:00:00,67,0,1
CALL0007963,+917431318752,+918556192204,2024-08-19 22:00:00,144,0,2
CALL0007964,+917097281774,+917865708455,2024-06-19 16:00:00,188,0,3
CALL0007965,+918324494796,+919744359936,2024-06-05 06:00:00,62,0,2
CALL0007966,+919645334412,+919263690211,2024-12-27 17:00:00,246,0,1
CALL0007967,+917941461821,+917297865241,2024-06-28 06:00:00,28,0,1
CALL0007968,+918447438785,+919013033704,2024-03-01 22:00:00,341,0,1
CALL0007969,+918171446167,+919086988657,2024-12-29 03:00:00,164,0,3
CALL0007970,+918602711453,+918577411910,2024-07-14 02:00:00,277,0,1
CALL0007971,+917830939979,+919522792468,2024-08-21 11:00:00,292,0,3
CALL0007972,+919479668638,+918729190906,2024-09-07 00:00:00,129,0,2
CALL0007973,+919055196309,+918997704977,2024-05-11 01:00:00,77,0,1
CALL0007974,+917469109870,+919466343231,2024-02-15 08:00:00,391,0,1
CALL0007975,+919987011328,+918115903282,2024-09-03 10:00:00,192,0,2
CALL0007976,+917172695722,+918021056171,2024-07-05 12:00:00,28,0,2
CALL0007977,+917887272176,+919051568408,2024-08-26 19:00:00,367,0,3
CALL0007978,+919452196668,+919283053326,2024-02-18 02:00:00,195,0,2
CALL0007979,+919518850368,+918460426432,2024-05-07 07:00:00,357,0,1
CALL0007980,+918043123178,+918170168473,2024-11-20 17:00:00,131,0,2
CALL0007981,+919077691922,+917275836234,2024-09-09 15:00:00,396,0,3
CALL0007982,+918044853212,+918770476328,2024-07-06 20:00:00,33,0,1
CALL0007983,+918640888425,+919003105231,2024-06-12 11:00:00,216,0,3
CALL0007984,+919600804595,+917856934071,2024-09-11 18:00:00,130,0,1
CALL0007985,+919941453335,+918779892191,2024-11-12 10:00:00,47,0,1
CALL0007986,+919573012536,+918928002517,2024-02-04 03:00:00,190,0,1
CALL0007987,+919394518089,+917247509260,2024-07-05 08:00:00,233,0,1
CALL0007988,+918880461950,+918500047034,2024-12-09 18:00:00,101,0,3
CALL0007989,+918069616051,+919422470309,2024-05-17 18:00:00,60,0,1
CALL0007990,+918717316750,+917286093618,2024-11-19 08:00:00,208,0,2
CALL0007991,+917024895375,+919249712281,2024-08-15 15:00:00,49,0,3
CALL0007992,+919795223271,+919921089211,2024-07-03 16:00:00,372,0,3
CALL0007993,+918560457268,+917144757117,2024-12-07 10:00:00,30,0,2
CALL0007994,+917631300395,+918973822925,2024-02-25 18:00:00,176,0,3
CALL0007995,+919009621714,+918766054734,2024-12-02 12:00:00,162,0,3
CALL0007996,+917328940794,+919691291790,2024-01-22 01:00:00,321,0,1
CALL0007997,+918238907104,+918699423158,2024-01-30 00:00:00,393,0,1
CALL0007998,+917788032752,+919568988100,2024-02-12 23:00:00,11,0,3
CALL0007999,+919588448647,+919047656531,2024-09-30 03:00:00,202,0,2
CALL0008000,+918111303228,+919379535581,2024-09-29 12:00:00,155,0,2
CALL0008001,+917403479179,+918001974631,2024-06-24 21:00:00,307,0,2
CALL0008002,+919890936026,+918284311701,2024-05-03 00:00:00,304,0,1
CALL0008003,+917804889161,+919994878942,2024-08-02 06:00:00,377,0,1
CALL0008004,+918959855119,+919191785369,2024-11-07 04:00:00,286,0,3
CALL0008005,+918703984375,+917512265114,2024-11-24 06:00:00,53,0,2
CALL0008006,+917895888714,+919544573226,2024-07-12 07:00:00,197,0,3
CALL0008007,+918093771914,+918999842897,2024-03-17 12:00:00,111,0,3
CALL0008008,+919055166882,+919968359829,2024-05-08 22:00:00,134,0,1
CALL0008009,+917370509382,+917663914405,2024-08-29 16:00:00,107,0,2
CALL0008010,+917287984019,+918523199940,2024-05-20 00:00:00,275,0,3
CALL0008011,+919076757408,+917801896110,2024-05-28 09:00:00,156,0,3
CALL0008012,+917806856561,+918828104597,2024-06-08 01:00:00,100,0,3
CALL0008013,+918973822925,+919933570982,2024-04-28 18:00:00,106,0,2
CALL0008014,+918794335148,+919626970265,2024-04-11 23:00:00,232,0,2
CALL0008015,+919126637807,+919314998544,2024-08-05 22:00:00,129,0,3
CALL0008016,+919226995002,+918123498938,2024-07-11 02:00:00,352,0,1
CALL0008017,+918198997132,+919165403614,2024-02-07 08:00:00,393,0,1
CALL0008018,+919564157340,+917869149683,2024-06-12 11:00:00,241,0,3
CALL0008019,+917972692529,+917308420299,2024-08-18 20:00:00,45,0,1
CALL0008020,+917313166069,+918967548495,2024-02-03 03:00:00,196,0,3
CALL0008021,+917867701877,+917978356901,2024-12-01 15:00:00,303,0,2
CALL0008022,+918828095292,+917253407795,2024-12-10 16:00:00,165,0,2
CALL0008023,+919634729054,+919196287232,2024-09-12 05:00:00,226,0,1
CALL0008024,+918346380316,+919522792468,2024-05-13 21:00:00,20,0,1
CALL0008025,+919342697072,+918459164153,2024-10-13 15:00:00,263,0,3
CALL0008026,+919892607629,+917344571860,2024-02-06 05:00:00,34,0,3
CALL0008027,+917457393848,+919597971136,2024-06-02 18:00:00,200,0,1
CALL0008028,+917225027361,+918238878181,2024-09-29 18:00:00,42,0,1
CALL0008029,+918845890616,+919144615708,2024-04-28 23:00:00,129,0,2
CALL0008030,+918021056171,+917097281774,2024-04-05 16:00:00,242,0,3
CALL0008031,+917355543720,+918444295335,2024-03-12 03:00:00,259,0,2
CALL0008032,+919931185368,+917949497559,2024-07-03 04:00:00,130,0,1
CALL0008033,+918278498301,+919999093780,2024-11-28 09:00:00,267,0,2
CALL0008034,+919564157340,+919554469739,2024-08-21 19:00:00,31,0,3
CALL0008035,+917952434250,+918845890616,2024-03-09 22:00:00,228,0,1
CALL0008036,+919077691922,+917826503417,2024-08-12 05:00:00,82,0,2
CALL0008037,+917063189763,+918491977613,2024-01-23 17:00:00,195,0,2
CALL0008038,+919756321602,+919648705176,2024-10-06 10:00:00,149,0,3
CALL0008039,+917334744452,+918638642053,2024-10-13 18:00:00,35,0,2
CALL0008040,+917216650301,+919226995002,2024-01-03 04:00:00,112,0,3
CALL0008041,+917661483729,+919356061550,2024-02-14 03:00:00,333,0,3
CALL0008042,+919345606000,+917039082687,2024-02-21 09:00:00,206,0,1
CALL0008043,+918231521270,+918145445545,2024-10-19 00:00:00,385,0,3
CALL0008044,+919921089211,+919705357997,2024-12-09 22:00:00,369,0,1
CALL0008045,+918722275983,+917322472349,2024-01-01 07:00:00,160,0,3
CALL0008046,+917116523412,+917950882277,2024-10-25 14:00:00,47,0,1
CALL0008047,+919101320751,+917167111416,2024-10-08 19:00:00,246,0,3
CALL0008048,+919549597685,+917089668615,2024-08-25 11:00:00,77,0,3
CALL0008049,+919177913336,+917306576833,2024-09-11 15:00:00,271,0,2
CALL0008050,+918219477886,+919039452715,2024-04-09 03:00:00,133,0,3
CALL0008051,+919642963868,+917559898984,2024-12-08 15:00:00,185,0,3
CALL0008052,+917058278485,+917975748568,2024-07-12 03:00:00,36,0,2
CALL0008053,+917868870387,+917524603232,2024-09-09 03:00:00,83,0,1
CALL0008054,+919847317104,+919949266792,2024-04-17 19:00:00,234,0,2
CALL0008055,+917978356901,+917170411705,2024-12-08 00:00:00,379,0,1
CALL0008056,+917612863973,+919096295384,2024-09-04 04:00:00,320,0,3
CALL0008057,+918792578434,+919398904447,2024-05-04 15:00:00,222,0,3
CALL0008058,+918305730830,+919531751568,2024-02-29 20:00:00,149,0,2
CALL0008059,+917638866479,+919814715623,2024-10-07 00:00:00,84,0,3
CALL0008060,+919861431820,+919730259957,2024-09-12 00:00:00,62,0,3
CALL0008061,+918534343574,+918735407050,2024-06-02 15:00:00,56,0,2
CALL0008062,+917896634508,+917718035625,2024-12-01 01:00:00,89,0,3
CALL0008063,+918123498938,+918004899172,2024-03-06 00:00:00,333,0,2
CALL0008064,+919010559688,+919895943161,2024-07-31 06:00:00,372,0,2
CALL0008065,+919110264770,+918627325118,2024-06-06 14:00:00,271,0,1
CALL0008066,+917023537128,+919884049458,2024-04-04 13:00:00,216,0,3
CALL0008067,+917137697067,+919151968722,2024-03-02 19:00:00,32,0,3
CALL0008068,+917025598120,+918345766119,2024-10-30 01:00:00,163,0,1
CALL0008069,+918256482302,+919650200561,2024-06-27 06:00:00,283,0,1
CALL0008070,+919151133604,+919748144476,2024-02-02 07:00:00,213,0,3
CALL0008071,+917089668615,+919547667849,2024-08-31 19:00:00,100,0,1
CALL0008072,+918896056559,+918018304146,2024-06-26 02:00:00,169,0,3
CALL0008073,+917948169822,+918914457419,2024-12-17 18:00:00,132,0,1
CALL0008074,+919721070591,+918529499607,2024-01-17 21:00:00,265,0,2
CALL0008075,+919390031133,+917784943829,2024-08-05 14:00:00,293,0,3
CALL0008076,+917171797337,+917575866109,2024-09-13 08:00:00,117,0,1
CALL0008077,+918170245888,+918206851032,2024-12-04 14:00:00,399,0,2
CALL0008078,+919021305574,+919462410052,2024-04-29 07:00:00,107,0,1
CALL0008079,+918423746057,+917622119528,2024-08-11 14:00:00,292,0,2
CALL0008080,+918950583211,+919145293815,2024-06-08 00:00:00,85,0,2
CALL0008081,+918238907104,+918985622483,2024-03-08 00:00:00,37,0,2
CALL0008082,+918687048258,+917797692705,2024-08-22 04:00:00,356,0,3
CALL0008083,+917740445046,+918621618529,2024-03-06 05:00:00,127,0,2
CALL0008084,+919068314665,+918622535628,2024-09-17 12:00:00,189,0,1
CALL0008085,+918962739459,+918471731248,2024-08-14 12:00:00,265,0,3
CALL0008086,+917742541990,+918842513271,2024-12-10 03:00:00,361,0,3
CALL0008087,+918925853236,+919564157340,2024-05-19 08:00:00,295,0,1
CALL0008088,+919831436326,+918346380316,2024-12-25 00:00:00,130,0,2
CALL0008089,+919760980560,+918842685663,2024-01-12 15:00:00,105,0,3
CALL0008090,+918869376212,+918611452782,2024-03-24 19:00:00,360,0,2
CALL0008091,+917435952956,+918015607775,2024-03-02 01:00:00,160,0,1
CALL0008092,+919739227285,+918275900700,2024-05-30 05:00:00,53,0,3
CALL0008093,+917454600960,+917970894109,2024-03-17 14:00:00,103,0,3
CALL0008094,+918140499040,+919599695935,2024-02-10 18:00:00,68,0,1
CALL0008095,+918224612598,+919123980280,2024-12-07 04:00:00,10,0,2
CALL0008096,+918857446088,+919473387398,2024-12-12 20:00:00,227,0,1
CALL0008097,+919592793807,+918177387681,2024-08-31 12:00:00,346,0,2
CALL0008098,+919006120075,+919618023243,2024-01-18 03:00:00,132,0,1
CALL0008099,+917930271234,+917255879677,2024-01-21 14:00:00,371,0,2
CALL0008100,+917780345604,+919726277579,2024-07-23 15:00:00,111,0,2
CALL0008101,+917653906586,+919230281878,2024-01-25 02:00:00,91,0,1
CALL0008102,+918816814777,+918513804828,2024-03-04 09:00:00,189,0,2
CALL0008103,+917082752360,+917255879677,2024-12-25 20:00:00,202,0,1
CALL0008104,+918816814777,+919492258399,2024-11-02 13:00:00,44,0,3
CALL0008105,+919332667401,+917519062435,2024-04-06 12:00:00,281,0,1
CALL0008106,+919739959562,+918001974631,2024-02-13 02:00:00,224,0,3
CALL0008107,+918186913862,+917545554488,2024-06-01 22:00:00,218,0,3
CALL0008108,+917333791889,+918171446167,2024-01-21 13:00:00,303,0,2
CALL0008109,+917036231729,+919009274208,2024-05-20 17:00:00,46,0,3
CALL0008110,+918171446167,+919065309007,2024-01-18 17:00:00,126,0,3
CALL0008111,+918260982459,+917534776852,2024-01-04 22:00:00,19,0,2
CALL0008112,+918916161775,+917884636688,2024-11-29 23:00:00,301,0,3
CALL0008113,+919593131439,+918608865922,2024-10-29 14:00:00,293,0,2
CALL0008114,+919048839342,+918686888206,2024-04-28 02:00:00,30,0,2
CALL0008115,+917341040475,+918646862977,2024-10-05 07:00:00,276,0,1
CALL0008116,+917620811264,+919067910041,2024-10-22 04:00:00,309,0,3
CALL0008117,+919884049458,+917434654753,2024-01-04 14:00:00,105,0,2
CALL0008118,+917516295029,+919473112773,2024-02-15 20:00:00,56,0,3
CALL0008119,+918501908414,+918560178369,2024-08-14 17:00:00,237,0,3
CALL0008120,+917863065340,+917111893352,2024-07-17 11:00:00,314,0,1
CALL0008121,+918683744537,+919422687753,2024-12-12 23:00:00,214,0,2
CALL0008122,+919192295021,+918850500290,2024-11-21 03:00:00,69,0,3
CALL0008123,+918233058300,+917784877166,2024-04-01 02:00:00,397,0,2
CALL0008124,+917687869394,+918860090864,2024-03-11 01:00:00,160,0,1
CALL0008125,+918018304146,+917042525368,2024-10-28 22:00:00,372,0,1
CALL0008126,+917098637060,+917820467588,2024-03-25 02:00:00,61,0,3
CALL0008127,+919874048475,+918115633932,2024-06-26 00:00:00,139,0,1
CALL0008128,+918667604341,+918177959505,2024-09-25 16:00:00,166,0,3
CALL0008129,+917483341675,+919021305574,2024-01-03 16:00:00,100,0,3
CALL0008130,+917125254588,+919368517256,2024-02-06 21:00:00,92,0,1
CALL0008131,+917784106590,+917469783797,2024-07-03 13:00:00,125,0,2
CALL0008132,+918986714029,+919492258399,2024-06-16 14:00:00,396,0,2
CALL0008133,+918069784796,+917050868978,2024-12-19 15:00:00,38,0,3
CALL0008134,+919795223271,+917684106557,2024-11-18 00:00:00,355,0,2
CALL0008135,+918104598583,+919599966521,2024-07-01 18:00:00,103,0,2
CALL0008136,+917684624174,+917099435257,2024-10-17 17:00:00,286,0,3
CALL0008137,+919352915703,+918614157011,2024-11-06 02:00:00,287,0,1
CALL0008138,+918804175205,+917922932184,2024-09-27 20:00:00,326,0,2
CALL0008139,+919043958964,+917378301455,2024-01-06 00:00:00,319,0,2
CALL0008140,+919123980280,+919879157250,2024-05-28 08:00:00,307,0,1
CALL0008141,+919184794881,+919942601200,2024-07-29 20:00:00,196,0,3
CALL0008142,+918320506840,+919133702594,2024-05-09 16:00:00,329,0,1
CALL0008143,+919839011681,+918305730830,2024-09-07 20:00:00,300,0,3
CALL0008144,+919391030808,+918481114841,2024-02-19 08:00:00,178,0,2
CALL0008145,+918697147809,+918233058300,2024-05-09 02:00:00,241,0,1
CALL0008146,+918743849191,+917267302188,2024-01-30 01:00:00,103,0,2
CALL0008147,+918074808853,+919418200134,2024-04-05 23:00:00,319,0,2
CALL0008148,+919167385109,+917299024535,2024-10-27 07:00:00,161,0,3
CALL0008149,+919066555429,+919491772820,2024-01-17 18:00:00,397,0,2
CALL0008150,+917601113419,+918448242213,2024-02-02 21:00:00,165,0,1
CALL0008151,+917542852669,+918538728636,2024-10-02 09:00:00,341,0,3
CALL0008152,+918955599959,+918604562291,2024-07-27 23:00:00,42,0,3
CALL0008153,+917007483075,+918634058599,2024-01-07 08:00:00,400,0,2
CALL0008154,+917275562282,+919759793457,2024-03-26 18:00:00,247,0,1
CALL0008155,+918183871576,+919043109218,2024-04-24 18:00:00,35,0,1
CALL0008156,+919777081500,+918607740069,2024-11-03 06:00:00,20,0,3
CALL0008157,+918238907104,+917418359148,2024-07-23 15:00:00,181,0,3
CALL0008158,+917068166918,+918482153830,2024-02-27 21:00:00,143,0,3
CALL0008159,+918686888206,+919418200134,2024-11-08 05:00:00,285,0,2
CALL0008160,+917445337802,+917677149898,2024-08-24 13:00:00,67,0,2
CALL0008161,+918661057607,+918608453895,2024-06-23 21:00:00,161,0,1
CALL0008162,+919850959163,+917402768704,2024-12-19 06:00:00,135,0,2
CALL0008163,+917061199626,+917306648678,2024-02-17 13:00:00,393,0,2
CALL0008164,+917927063024,+917454600960,2024-03-01 04:00:00,159,0,2
CALL0008165,+918670587030,+917406242307,2024-08-28 00:00:00,179,0,2
CALL0008166,+919675183952,+917453668676,2024-03-06 14:00:00,364,0,2
CALL0008167,+917774197649,+918177387681,2024-07-13 17:00:00,387,0,3
CALL0008168,+917023325200,+919579886889,2024-04-01 17:00:00,132,0,1
CALL0008169,+918176411041,+918043123178,2024-07-27 15:00:00,64,0,1
CALL0008170,+917073415716,+917317999092,2024-12-20 05:00:00,289,0,1
CALL0008171,+919163596173,+918383939863,2024-11-05 09:00:00,385,0,1
CALL0008172,+917124044227,+918062081362,2024-04-02 12:00:00,49,0,3
CALL0008173,+918266291670,+919639404165,2024-12-10 17:00:00,381,0,2
CALL0008174,+918793012460,+917940046199,2024-02-18 06:00:00,372,0,3
CALL0008175,+918415040014,+917343892448,2024-03-17 11:00:00,22,0,3
CALL0008176,+919324935337,+919484869123,2024-09-17 22:00:00,39,0,2
CALL0008177,+919929191969,+918419367415,2024-02-06 01:00:00,312,0,3
CALL0008178,+917309288988,+917879604306,2024-12-05 11:00:00,63,0,1
CALL0008179,+917600939642,+919136831682,2024-02-19 10:00:00,175,0,2
CALL0008180,+918599884257,+919518376274,2024-11-22 00:00:00,270,0,1
CALL0008181,+917808418095,+917978356901,2024-12-02 22:00:00,232,0,2
CALL0008182,+917270653164,+918793610142,2024-02-09 05:00:00,96,0,3
CALL0008183,+918693675549,+917620665998,2024-01-18 00:00:00,97,0,1
CALL0008184,+918703151880,+917887513807,2024-06-20 11:00:00,203,0,3
CALL0008185,+918096206436,+917994275228,2024-02-14 06:00:00,239,0,3
CALL0008186,+918105137057,+919101853349,2024-11-25 02:00:00,16,0,1
CALL0008187,+917348524855,+919739959562,2024-08-06 21:00:00,52,0,3
CALL0008188,+919422470309,+917204927991,2024-09-20 09:00:00,116,0,1
CALL0008189,+918103483371,+918069616051,2024-04-16 17:00:00,134,0,1
CALL0008190,+917774042075,+918771837244,2024-02-05 09:00:00,298,0,2
CALL0008191,+917943072973,+919041647183,2024-02-23 08:00:00,395,0,3
CALL0008192,+919816131532,+917118302366,2024-07-05 21:00:00,84,0,1
CALL0008193,+918389284499,+917831116416,2024-07-06 01:00:00,80,0,1
CALL0008194,+918045199109,+917724864651,2024-12-28 09:00:00,348,0,1
CALL0008195,+919572179581,+919032861295,2024-10-04 10:00:00,353,0,1
CALL0008196,+919201050822,+917810473300,2024-03-25 20:00:00,372,0,2
CALL0008197,+918925853236,+918716740215,2024-05-07 23:00:00,97,0,3
CALL0008198,+918638621346,+917828841863,2024-08-23 21:00:00,125,0,1
CALL0008199,+919231100151,+919633795198,2024-10-17 03:00:00,332,0,1
CALL0008200,+917971090562,+918179457611,2024-12-30 15:00:00,314,0,3
CALL0008201,+918828095292,+919855464592,2024-12-21 01:00:00,167,0,2
CALL0008202,+917524610870,+918698740182,2024-10-18 01:00:00,293,0,1
CALL0008203,+919329707485,+918342035323,2024-10-23 04:00:00,46,0,3
CALL0008204,+917549140189,+917590835096,2024-04-12 15:00:00,337,0,3
CALL0008205,+917196300729,+918357257635,2024-11-11 18:00:00,381,0,1
CALL0008206,+917633448987,+917549140189,2024-11-26 22:00:00,134,0,3
CALL0008207,+917620811264,+917163480810,2024-05-01 02:00:00,360,0,1
CALL0008208,+919094279024,+917891525643,2024-05-18 05:00:00,268,0,2
CALL0008209,+919998396853,+918445336891,2024-08-14 23:00:00,121,0,3
CALL0008210,+917326268717,+918541641268,2024-11-10 08:00:00,398,0,2
CALL0008211,+918474241191,+919559331845,2024-06-15 07:00:00,84,0,1
CALL0008212,+919564157340,+917803860564,2024-08-30 04:00:00,324,0,3
CALL0008213,+919680117950,+917253382761,2024-11-29 05:00:00,382,0,1
CALL0008214,+918393797729,+918766054734,2024-07-30 16:00:00,14,0,1
CALL0008215,+917431987068,+917673000516,2024-11-22 08:00:00,102,0,1
CALL0008216,+917174972955,+917742197428,2024-02-02 17:00:00,280,0,1
CALL0008217,+917522096614,+919119033583,2024-05-15 02:00:00,328,0,2
CALL0008218,+919553459187,+918919024205,2024-02-06 11:00:00,36,0,3
CALL0008219,+917197221718,+919772557258,2024-05-21 20:00:00,386,0,1
CALL0008220,+919688711289,+918372027237,2024-01-21 07:00:00,321,0,3
CALL0008221,+917516345495,+919963305750,2024-01-05 10:00:00,188,0,2
CALL0008222,+918241287475,+918343020583,2024-02-26 07:00:00,239,0,3
CALL0008223,+919842999555,+919270513249,2024-11-16 15:00:00,343,0,3
CALL0008224,+918157693483,+918686015331,2024-12-21 03:00:00,198,0,2
CALL0008225,+918346380316,+917371462027,2024-07-14 04:00:00,225,0,3
CALL0008226,+919057828016,+918886405457,2024-12-06 04:00:00,386,0,1
CALL0008227,+917817130515,+919255563930,2024-01-25 23:00:00,52,0,3
CALL0008228,+917669368276,+918664524105,2024-01-17 17:00:00,51,0,2
CALL0008229,+919149609830,+917267302188,2024-09-20 06:00:00,145,0,3
CALL0008230,+919958828290,+917889763398,2024-10-27 15:00:00,393,0,3
CALL0008231,+917253407795,+917559898984,2024-04-07 04:00:00,357,0,1
CALL0008232,+918265093996,+919666963716,2024-12-24 16:00:00,367,0,3
CALL0008233,+919943808545,+918841286305,2024-02-19 17:00:00,13,0,1
CALL0008234,+919705445996,+918773229931,2024-04-17 09:00:00,50,0,3
CALL0008235,+919149357037,+917007483075,2024-07-21 08:00:00,296,0,2
CALL0008236,+918667848964,+919013033704,2024-03-03 17:00:00,181,0,2
CALL0008237,+918376050370,+919573202774,2024-09-26 08:00:00,178,0,1
CALL0008238,+919690675184,+917462010186,2024-07-03 01:00:00,237,0,1
CALL0008239,+918984556930,+918000408557,2024-08-17 16:00:00,305,0,2
CALL0008240,+917055410204,+918828104597,2024-09-13 16:00:00,130,0,3
CALL0008241,+917266822077,+918607740069,2024-02-22 06:00:00,146,0,1
CALL0008242,+919115477510,+917084319450,2024-02-09 05:00:00,66,0,3
CALL0008243,+919110100946,+919528889996,2024-12-07 21:00:00,265,0,1
CALL0008244,+917168839245,+917667604283,2024-12-23 20:00:00,23,0,1
CALL0008245,+918386612504,+919310719122,2024-10-06 09:00:00,288,0,3
CALL0008246,+919055196309,+917313166069,2024-02-12 08:00:00,213,0,3
CALL0008247,+918224945088,+919552640413,2024-12-03 11:00:00,243,0,3
CALL0008248,+918276479631,+918828104597,2024-01-05 05:00:00,187,0,3
CALL0008249,+917302268915,+917595215597,2024-11-17 09:00:00,12,0,1
CALL0008250,+919952773540,+919614200615,2024-10-15 23:00:00,348,0,3
CALL0008251,+918018733748,+918946650976,2024-01-13 22:00:00,266,0,1
CALL0008252,+917168839245,+919260285435,2024-03-30 11:00:00,359,0,1
CALL0008253,+918797737911,+918259121916,2024-10-14 20:00:00,26,0,3
CALL0008254,+918809596262,+919157413417,2024-07-14 15:00:00,52,0,1
CALL0008255,+919332667401,+919831491161,2024-02-10 08:00:00,143,0,1
CALL0008256,+917884636688,+918855361179,2024-05-29 10:00:00,389,0,1
CALL0008257,+917824682016,+917747076388,2024-04-11 09:00:00,390,0,2
CALL0008258,+918149810918,+918657846647,2024-09-27 13:00:00,314,0,1
CALL0008259,+917600334097,+917358295170,2024-02-23 12:00:00,395,0,3
CALL0008260,+918383939863,+917956680557,2024-11-18 04:00:00,334,0,1
CALL0008261,+917025598120,+919838569406,2024-01-26 13:00:00,253,0,3
CALL0008262,+917803860564,+918593719525,2024-08-10 09:00:00,243,0,3
CALL0008263,+918062081362,+917316312658,2024-08-04 00:00:00,259,0,2
CALL0008264,+919811115483,+919808383675,2024-09-08 16:00:00,13,0,2
CALL0008265,+919141921516,+919183821760,2024-03-16 06:00:00,135,0,3
CALL0008266,+919628331788,+917120676321,2024-03-20 23:00:00,246,0,1
CALL0008267,+917716198662,+919989761860,2024-04-05 15:00:00,336,0,2
CALL0008268,+919412201202,+919942555127,2024-02-26 01:00:00,90,0,2
CALL0008269,+918698740182,+917619923257,2024-12-24 01:00:00,328,0,2
CALL0008270,+919152207561,+918571307308,2024-03-30 03:00:00,57,0,3
CALL0008271,+918177211967,+918018880406,2024-03-13 17:00:00,270,0,2
CALL0008272,+918471452246,+917418443349,2024-03-09 19:00:00,324,0,1
CALL0008273,+918276479631,+917371462027,2024-08-25 04:00:00,327,0,1
CALL0008274,+919665888130,+919314998544,2024-06-03 11:00:00,244,0,1
CALL0008275,+917091479125,+917916317179,2024-11-01 15:00:00,221,0,1
CALL0008276,+919361749060,+919024869404,2024-04-23 22:00:00,291,0,1
CALL0008277,+917204927991,+919092069083,2024-04-07 11:00:00,177,0,1
CALL0008278,+918892832746,+917174370256,2024-01-09 01:00:00,315,0,3
CALL0008279,+919952360211,+918646709721,2024-09-12 11:00:00,65,0,1
CALL0008280,+918880899953,+917219956734,2024-03-20 10:00:00,153,0,1
CALL0008281,+917186413584,+919542793638,2024-02-02 16:00:00,163,0,1
CALL0008282,+918893622052,+917856111569,2024-12-22 00:00:00,44,0,3
CALL0008283,+919484869123,+917631856882,2024-11-12 03:00:00,261,0,1
CALL0008284,+918264843503,+919957595134,2024-10-07 02:00:00,157,0,2
CALL0008285,+918635318163,+918170168473,2024-07-08 15:00:00,256,0,3
CALL0008286,+918005322838,+918179457611,2024-09-04 09:00:00,173,0,3
CALL0008287,+917985946308,+919006499216,2024-05-17 23:00:00,310,0,2
CALL0008288,+919642963868,+919739959562,2024-04-10 02:00:00,35,0,3
CALL0008289,+919360343087,+919150348234,2024-05-08 02:00:00,299,0,3
CALL0008290,+918912329659,+919651976612,2024-01-17 01:00:00,254,0,1
CALL0008291,+918804175205,+919151133604,2024-11-25 03:00:00,86,0,2
CALL0008292,+917124044227,+918151531827,2024-05-12 17:00:00,119,0,2
CALL0008293,+919557204738,+918614680274,2024-12-02 12:00:00,257,0,3
CALL0008294,+917042593343,+918328519758,2024-07-14 03:00:00,268,0,3
CALL0008295,+918558459544,+919958828290,2024-07-22 20:00:00,68,0,3
CALL0008296,+917500958420,+918832964188,2024-12-21 03:00:00,83,0,1
CALL0008297,+919844357619,+919704450485,2024-02-20 03:00:00,400,0,2
CALL0008298,+917303335689,+918736608126,2024-02-08 12:00:00,355,0,3
CALL0008299,+917926611084,+918965761232,2024-08-02 02:00:00,138,0,3
CALL0008300,+918905147640,+919467007063,2024-09-09 06:00:00,339,0,1
CALL0008301,+918612478112,+919366157277,2024-08-22 13:00:00,255,0,2
CALL0008302,+918426952486,+917243292248,2024-08-14 06:00:00,309,0,1
CALL0008303,+917442061189,+917377922537,2024-12-26 15:00:00,60,0,3
CALL0008304,+918995666836,+917976825359,2024-07-21 17:00:00,198,0,3
CALL0008305,+919584488779,+919648705176,2024-04-04 15:00:00,350,0,2
CALL0008306,+919931185368,+918857446088,2024-05-25 15:00:00,262,0,2
CALL0008307,+919586603876,+918262176584,2024-04-01 17:00:00,343,0,3
CALL0008308,+919458360702,+918253335490,2024-12-01 09:00:00,276,0,2
CALL0008309,+917259826883,+919835700122,2024-09-18 11:00:00,169,0,3
CALL0008310,+918965677041,+919355273463,2024-02-10 01:00:00,205,0,3
CALL0008311,+918245012958,+918609746042,2024-02-20 10:00:00,80,0,3
CALL0008312,+918650655442,+919766105080,2024-04-12 16:00:00,365,0,3
CALL0008313,+917370509382,+918238878181,2024-12-10 17:00:00,231,0,3
CALL0008314,+919395728640,+918372027237,2024-06-09 02:00:00,400,0,3
CALL0008315,+919585754380,+918389284499,2024-11-13 00:00:00,344,0,1
CALL0008316,+917468466350,+918983982686,2024-12-14 17:00:00,343,0,2
CALL0008317,+918306079872,+917098637060,2024-09-27 04:00:00,311,0,1
CALL0008318,+918966667312,+917943072973,2024-08-02 15:00:00,330,0,3
CALL0008319,+919398904447,+917874195429,2024-07-25 13:00:00,43,0,3
CALL0008320,+919366157277,+917781631737,2024-08-20 22:00:00,104,0,3
CALL0008321,+919772557258,+917296172949,2024-09-21 12:00:00,93,0,1
CALL0008322,+919318643397,+919931185368,2024-12-07 21:00:00,145,0,2
CALL0008323,+919626970265,+918495412576,2024-07-31 07:00:00,374,0,3
CALL0008324,+918866016333,+919882387870,2024-03-11 09:00:00,293,0,3
CALL0008325,+917135214868,+919614580084,2024-09-28 19:00:00,382,0,1
CALL0008326,+918090352541,+919705357997,2024-12-09 21:00:00,299,0,1
CALL0008327,+917743006007,+919850994836,2024-06-25 09:00:00,98,0,1
CALL0008328,+919154360994,+918708819845,2024-05-20 07:00:00,378,0,3
CALL0008329,+917727288174,+919149609830,2024-03-16 17:00:00,44,0,1
CALL0008330,+917683783961,+919101320751,2024-05-30 06:00:00,377,0,1
CALL0008331,+919395598158,+917435326535,2024-02-27 13:00:00,347,0,1
CALL0008332,+919665033783,+917075489777,2024-08-04 11:00:00,151,0,2
CALL0008333,+917622119528,+919249945232,2024-07-10 08:00:00,87,0,3
CALL0008334,+919949266792,+919466343231,2024-02-27 03:00:00,257,0,2
CALL0008335,+917170411705,+917540967814,2024-03-14 09:00:00,231,0,2
CALL0008336,+919228147208,+918965677041,2024-06-18 07:00:00,107,0,1
CALL0008337,+918028819455,+919079207038,2024-07-08 06:00:00,243,0,3
CALL0008338,+917457393848,+918370307319,2024-07-17 16:00:00,159,0,1
CALL0008339,+917784943829,+919845901854,2024-01-30 03:00:00,101,0,2
CALL0008340,+917545791180,+919649046560,2024-09-30 20:00:00,251,0,1
CALL0008341,+917793896303,+917344571860,2024-04-24 13:00:00,20,0,2
CALL0008342,+917514066195,+919365191395,2024-09-07 11:00:00,270,0,1
CALL0008343,+918850748077,+917058278485,2024-12-17 07:00:00,358,0,1
CALL0008344,+919680117950,+918612478112,2024-08-09 09:00:00,306,0,1
CALL0008345,+917827726142,+918146418439,2024-06-20 09:00:00,289,0,3
CALL0008346,+917288795457,+917375021146,2024-04-15 19:00:00,259,0,1
CALL0008347,+918896537557,+919143186458,2024-02-12 14:00:00,321,0,2
CALL0008348,+919614200615,+917237705861,2024-01-11 10:00:00,347,0,2
CALL0008349,+919749353331,+918067928329,2024-04-13 08:00:00,28,0,3
CALL0008350,+918699338053,+919322773093,2024-04-03 23:00:00,142,0,1
CALL0008351,+918952971098,+919845901854,2024-12-19 04:00:00,299,0,1
CALL0008352,+917215351233,+918798203717,2024-01-21 05:00:00,53,0,3
CALL0008353,+917514427563,+918383939863,2024-12-28 10:00:00,295,0,2
CALL0008354,+918251525590,+917229822021,2024-04-12 09:00:00,264,0,1
CALL0008355,+918207161279,+918614157011,2024-11-30 10:00:00,39,0,3
CALL0008356,+918529469057,+917628307648,2024-08-11 09:00:00,261,0,3
CALL0008357,+917530275761,+919756321602,2024-09-27 08:00:00,119,0,2
CALL0008358,+918503041567,+917295875993,2024-03-08 17:00:00,228,0,2
CALL0008359,+917718470222,+919800383500,2024-07-08 19:00:00,343,0,2
CALL0008360,+919552640413,+918306079872,2024-10-15 03:00:00,212,0,1
CALL0008361,+918370307319,+917491410027,2024-07-14 13:00:00,11,0,1
CALL0008362,+918278498301,+919212697955,2024-03-27 11:00:00,232,0,2
CALL0008363,+918932279128,+919152207561,2024-04-21 08:00:00,223,0,1
CALL0008364,+917375482968,+917881369117,2024-03-01 06:00:00,105,0,1
CALL0008365,+918896056559,+917364136945,2024-06-05 05:00:00,162,0,2
CALL0008366,+918279372522,+917869149683,2024-07-15 03:00:00,168,0,3
CALL0008367,+918842513271,+918408123755,2024-09-17 04:00:00,323,0,3
CALL0008368,+918205708860,+917910145634,2024-07-06 13:00:00,235,0,3
CALL0008369,+919661598978,+917890863384,2024-06-04 14:00:00,135,0,2
CALL0008370,+917468120599,+917797544111,2024-05-07 21:00:00,279,0,3
CALL0008371,+919273048964,+917812655430,2024-06-06 04:00:00,369,0,1
CALL0008372,+918387738611,+918326594203,2024-08-10 04:00:00,286,0,2
CALL0008373,+918213051178,+917970894109,2024-05-28 05:00:00,324,0,2
CALL0008374,+918514143206,+919944338193,2024-12-11 00:00:00,249,0,2
CALL0008375,+918017825047,+918460426432,2024-02-28 18:00:00,241,0,2
CALL0008376,+919498938942,+917729285089,2024-03-23 15:00:00,56,0,1
CALL0008377,+919342697072,+919191785369,2024-11-14 11:00:00,326,0,3
CALL0008378,+919734500374,+917613430607,2024-04-20 02:00:00,312,0,2
CALL0008379,+917108804793,+917571443847,2024-11-10 08:00:00,190,0,2
CALL0008380,+918446503774,+918419367415,2024-01-17 07:00:00,336,0,2
CALL0008381,+918033777481,+917505265727,2024-09-29 22:00:00,34,0,2
CALL0008382,+918985622483,+917941461821,2024-10-31 20:00:00,354,0,1
CALL0008383,+919489110789,+919123576024,2024-11-28 20:00:00,149,0,1
CALL0008384,+917787870467,+919364710916,2024-06-08 00:00:00,68,0,2
CALL0008385,+919629319238,+917401377951,2024-01-27 16:00:00,42,0,3
CALL0008386,+918571307308,+917240457992,2024-08-18 16:00:00,254,0,3
CALL0008387,+919145293815,+919262383961,2024-11-06 06:00:00,177,0,3
CALL0008388,+917862128006,+918623870284,2024-10-12 12:00:00,253,0,1
CALL0008389,+917906950905,+918318531111,2024-10-09 18:00:00,205,0,1
CALL0008390,+919445064208,+918933459277,2024-03-05 10:00:00,22,0,2
CALL0008391,+917242132501,+918584035749,2024-03-16 06:00:00,25,0,1
CALL0008392,+918326594203,+919534632096,2024-09-09 11:00:00,394,0,1
CALL0008393,+919053994990,+918492143450,2024-06-25 08:00:00,154,0,2
CALL0008394,+919107359296,+917307148206,2024-08-19 16:00:00,207,0,3
CALL0008395,+919681222521,+919152801931,2024-12-19 14:00:00,26,0,3
CALL0008396,+918793012460,+917971273452,2024-08-11 07:00:00,320,0,3
CALL0008397,+917310736099,+919209845863,2024-10-25 20:00:00,303,0,2
CALL0008398,+917844387254,+917743754699,2024-06-17 01:00:00,317,0,3
CALL0008399,+918266094092,+917479527907,2024-05-13 01:00:00,258,0,2
CALL0008400,+918784201864,+917143947518,2024-05-25 01:00:00,203,0,3
CALL0008401,+919085457189,+918896056559,2024-04-01 13:00:00,239,0,3
CALL0008402,+919704574916,+918919817702,2024-10-23 12:00:00,76,0,3
CALL0008403,+917515479337,+919053628534,2024-02-18 07:00:00,121,0,1
CALL0008404,+918383939863,+918297903887,2024-08-12 22:00:00,277,0,3
CALL0008405,+919212697955,+918965677041,2024-12-27 09:00:00,226,0,1
CALL0008406,+919445965422,+919439697668,2024-06-14 01:00:00,144,0,3
CALL0008407,+917247669226,+919133702594,2024-02-15 00:00:00,114,0,2
CALL0008408,+917702287751,+919651976612,2024-03-09 09:00:00,129,0,2
CALL0008409,+919695008362,+917718035625,2024-08-16 21:00:00,398,0,1
CALL0008410,+919941833557,+918698740182,2024-04-26 17:00:00,16,0,3
CALL0008411,+917436582953,+917216376362,2024-03-12 22:00:00,322,0,2
CALL0008412,+919896109964,+917685175287,2024-12-29 08:00:00,348,0,2
CALL0008413,+917186896229,+919192432089,2024-06-19 14:00:00,84,0,1
CALL0008414,+919544592258,+918955599959,2024-02-06 21:00:00,201,0,3
CALL0008415,+918193461406,+918928517156,2024-05-05 03:00:00,258,0,3
CALL0008416,+919283053326,+917737263640,2024-02-18 22:00:00,181,0,3
CALL0008417,+919118296055,+918534343574,2024-01-19 08:00:00,87,0,3
CALL0008418,+919697009565,+919024117837,2024-06-03 02:00:00,45,0,1
CALL0008419,+918870942080,+918661057607,2024-08-08 16:00:00,291,0,1
CALL0008420,+918870550237,+917185531687,2024-05-06 07:00:00,243,0,2
CALL0008421,+919503256035,+917418443349,2024-09-20 11:00:00,78,0,1
CALL0008422,+917467561252,+917875036411,2024-09-30 11:00:00,373,0,2
CALL0008423,+918095026839,+918195396697,2024-05-19 08:00:00,265,0,2
CALL0008424,+917469783797,+919419821570,2024-05-09 07:00:00,243,0,1
CALL0008425,+918460091497,+917345661835,2024-02-06 03:00:00,196,0,2
CALL0008426,+919450957393,+919881857227,2024-12-23 04:00:00,244,0,1
CALL0008427,+919900073430,+918805175282,2024-05-25 12:00:00,345,0,3
CALL0008428,+919028199489,+917229822021,2024-11-05 00:00:00,97,0,2
CALL0008429,+917567099125,+919450486538,2024-09-09 13:00:00,335,0,3
CALL0008430,+918627883139,+918812335975,2024-07-27 15:00:00,231,0,1
CALL0008431,+919150348234,+919074148269,2024-06-15 09:00:00,164,0,3
CALL0008432,+917857357030,+917861138302,2024-09-25 12:00:00,346,0,3
CALL0008433,+917881369117,+918852044967,2024-04-19 11:00:00,69,0,2
CALL0008434,+917581672152,+918170168473,2024-11-24 11:00:00,184,0,3
CALL0008435,+919134427829,+917197221718,2024-09-11 10:00:00,41,0,3
CALL0008436,+917119860285,+919067579588,2024-10-20 20:00:00,215,0,1
CALL0008437,+918003626534,+919441047040,2024-03-16 09:00:00,339,0,2
CALL0008438,+919232880889,+918478837130,2024-05-19 02:00:00,85,0,1
CALL0008439,+917339009628,+918398427475,2024-08-17 07:00:00,341,0,2
CALL0008440,+919147457134,+919923213757,2024-09-23 07:00:00,128,0,3
CALL0008441,+919727748072,+917085286025,2024-06-16 04:00:00,70,0,3
CALL0008442,+917084346622,+917889763398,2024-11-15 01:00:00,298,0,2
CALL0008443,+919992552920,+918375780470,2024-03-26 07:00:00,321,0,1
CALL0008444,+917641353044,+917567099125,2024-10-16 16:00:00,131,0,3
CALL0008445,+917418780244,+917913306938,2024-09-15 22:00:00,12,0,1
CALL0008446,+918415040014,+919319462819,2024-04-27 18:00:00,397,0,2
CALL0008447,+917530012452,+917617418507,2024-12-21 23:00:00,44,0,3
CALL0008448,+917371781463,+918300231083,2024-02-19 18:00:00,192,0,1
CALL0008449,+919235185991,+919874048475,2024-11-28 21:00:00,89,0,2
CALL0008450,+919633795198,+918404017617,2024-07-24 11:00:00,327,0,1
CALL0008451,+919531741517,+919635408966,2024-09-02 19:00:00,133,0,1
CALL0008452,+919134427829,+918920911580,2024-04-07 03:00:00,336,0,3
CALL0008453,+919935166386,+919227421736,2024-09-23 06:00:00,279,0,2
CALL0008454,+919736588886,+917289973387,2024-03-08 10:00:00,306,0,2
CALL0008455,+917167963175,+919674922657,2024-06-08 05:00:00,244,0,3
CALL0008456,+917612863973,+917843448287,2024-01-23 05:00:00,349,0,2
CALL0008457,+919835333333,+917081244048,2024-08-09 19:00:00,253,0,2
CALL0008458,+919177913336,+919136831682,2024-08-01 11:00:00,183,0,2
CALL0008459,+917078561580,+919681222521,2024-03-08 19:00:00,283,0,1
CALL0008460,+919576797908,+917176499960,2024-11-01 13:00:00,54,0,2
CALL0008461,+919842999555,+918227142684,2024-02-24 00:00:00,310,0,2
CALL0008462,+919332667401,+917728634597,2024-05-30 17:00:00,196,0,3
CALL0008463,+918334577945,+919807928857,2024-10-13 11:00:00,378,0,3
CALL0008464,+918370307319,+918206177152,2024-11-27 17:00:00,388,0,2
CALL0008465,+917595215597,+919422470309,2024-05-26 13:00:00,177,0,2
CALL0008466,+917345497247,+917711064491,2024-08-06 22:00:00,25,0,3
CALL0008467,+918174697520,+918915583516,2024-08-16 07:00:00,195,0,1
CALL0008468,+917390973056,+918132577341,2024-04-25 10:00:00,94,0,3
CALL0008469,+917673000516,+919618484696,2024-07-26 09:00:00,270,0,2
CALL0008470,+919109594244,+918491041052,2024-09-22 02:00:00,220,0,1
CALL0008471,+919806042502,+917249266649,2024-11-27 10:00:00,395,0,1
CALL0008472,+918866016333,+917972692529,2024-02-01 00:00:00,189,0,2
CALL0008473,+919177125073,+919328826078,2024-05-18 08:00:00,314,0,1
CALL0008474,+918748375357,+919052508334,2024-05-26 13:00:00,284,0,2
CALL0008475,+917093285450,+918923552120,2024-06-26 20:00:00,320,0,2
CALL0008476,+917571443847,+917310589399,2024-12-27 13:00:00,320,0,2
CALL0008477,+918095026839,+917774565491,2024-03-27 11:00:00,304,0,3
CALL0008478,+918890527936,+918274156550,2024-11-26 00:00:00,320,0,2
CALL0008479,+917917443974,+917659391952,2024-12-28 06:00:00,209,0,3
CALL0008480,+918679539051,+918357257635,2024-09-23 09:00:00,91,0,3
CALL0008481,+917517795369,+917287984019,2024-10-13 18:00:00,234,0,3
CALL0008482,+917213750572,+917255879677,2024-05-04 06:00:00,85,0,3
CALL0008483,+919310719122,+917913306938,2024-06-04 04:00:00,313,0,3
CALL0008484,+919211448353,+919949355978,2024-06-15 08:00:00,290,0,3
CALL0008485,+918532172781,+919395728640,2024-07-12 23:00:00,84,0,3
CALL0008486,+917204927991,+919070968723,2024-03-20 06:00:00,64,0,1
CALL0008487,+919152083196,+917724320527,2024-05-06 02:00:00,322,0,3
CALL0008488,+917514427563,+919792021425,2024-07-19 15:00:00,338,0,3
CALL0008489,+919739959562,+919643072653,2024-07-07 03:00:00,241,0,1
CALL0008490,+919845901854,+918471731248,2024-02-02 04:00:00,38,0,3
CALL0008491,+918827039439,+918183294846,2024-06-24 00:00:00,278,0,3
CALL0008492,+917403479179,+919874342556,2024-04-04 05:00:00,349,0,1
CALL0008493,+917593858817,+918999842897,2024-12-05 06:00:00,121,0,2
CALL0008494,+918919718655,+919335831787,2024-04-11 10:00:00,161,0,2
CALL0008495,+919028199489,+919115036867,2024-07-16 02:00:00,69,0,1
CALL0008496,+917085286025,+919723149525,2024-02-15 01:00:00,193,0,1
CALL0008497,+917259324662,+918744138529,2024-02-07 03:00:00,172,0,1
CALL0008498,+919506125236,+919472711813,2024-07-30 19:00:00,396,0,1
CALL0008499,+918951135845,+917667583404,2024-09-01 08:00:00,117,0,3
CALL0008500,+918320506840,+918378208696,2024-10-02 13:00:00,397,0,2
CALL0008501,+919090758045,+918087571634,2024-04-09 00:00:00,354,0,2
CALL0008502,+917399930661,+917632071898,2024-12-13 19:00:00,249,0,2
CALL0008503,+917050279483,+918161449838,2024-04-29 09:00:00,274,0,1
CALL0008504,+919020653899,+918314557345,2024-11-01 10:00:00,22,0,1
CALL0008505,+917042593343,+918612478112,2024-04-10 16:00:00,17,0,1
CALL0008506,+918736666682,+917174972955,2024-12-13 21:00:00,353,0,3
CALL0008507,+917975748568,+918322046227,2024-12-03 21:00:00,293,0,3
CALL0008508,+918259121916,+917685175287,2024-04-29 04:00:00,88,0,1
CALL0008509,+917174370256,+917838270914,2024-10-02 03:00:00,384,0,1
CALL0008510,+918607802699,+917458165381,2024-09-08 23:00:00,244,0,1
CALL0008511,+919486810853,+917144757117,2024-05-21 19:00:00,295,0,3
CALL0008512,+917275562282,+917045044072,2024-03-17 13:00:00,164,0,3
CALL0008513,+919704450485,+919211448353,2024-07-28 05:00:00,139,0,2
CALL0008514,+918716740215,+917381629395,2024-11-12 11:00:00,195,0,2
CALL0008515,+917693664381,+917005405321,2024-06-09 03:00:00,108,0,1
CALL0008516,+917661483729,+918247566351,2024-04-18 11:00:00,246,0,3
CALL0008517,+917950882277,+918434518996,2024-04-16 00:00:00,398,0,3
CALL0008518,+917371148513,+919113753661,2024-09-19 05:00:00,373,0,1
CALL0008519,+918662864406,+919149609830,2024-01-08 20:00:00,85,0,3
CALL0008520,+919716110777,+918837853468,2024-03-13 13:00:00,140,0,2
CALL0008521,+918329409918,+919372869390,2024-11-20 04:00:00,36,0,3
CALL0008522,+918827509427,+918800433217,2024-11-30 08:00:00,71,0,1
CALL0008523,+917453668676,+919175803332,2024-10-29 00:00:00,168,0,1
CALL0008524,+917310589399,+919736917574,2024-05-26 06:00:00,65,0,1
CALL0008525,+919517908889,+919853239746,2024-05-18 03:00:00,221,0,2
CALL0008526,+918920911580,+918383939863,2024-02-23 23:00:00,233,0,1
CALL0008527,+919131157500,+918955717655,2024-09-12 17:00:00,286,0,2
CALL0008528,+917854929912,+917790439744,2024-04-08 09:00:00,360,0,1
CALL0008529,+919400834638,+919622271675,2024-02-17 04:00:00,330,0,2
CALL0008530,+917316312658,+919077691922,2024-06-22 15:00:00,310,0,2
CALL0008531,+917331607716,+917593459607,2024-04-29 02:00:00,59,0,1
CALL0008532,+919468069197,+917620665998,2024-09-13 00:00:00,273,0,1
CALL0008533,+918069616051,+919932009493,2024-04-02 07:00:00,303,0,1
CALL0008534,+918943774402,+918238024990,2024-12-29 04:00:00,160,0,2
CALL0008535,+917443857590,+919692805098,2024-12-05 23:00:00,157,0,2
CALL0008536,+919585754380,+919235653052,2024-08-28 23:00:00,323,0,2
CALL0008537,+919638171573,+919656620273,2024-04-29 19:00:00,51,0,3
CALL0008538,+917151685013,+917504017228,2024-06-06 15:00:00,81,0,1
CALL0008539,+918493139211,+918838359266,2024-07-07 17:00:00,349,0,3
CALL0008540,+917310397764,+919517908889,2024-12-10 01:00:00,345,0,2
CALL0008541,+917014855305,+918921457694,2024-12-25 07:00:00,295,0,3
CALL0008542,+919540333580,+917522334476,2024-05-26 02:00:00,281,0,2
CALL0008543,+918976662450,+917310736099,2024-08-07 13:00:00,309,0,1
CALL0008544,+919985326418,+918408931413,2024-06-28 07:00:00,37,0,1
CALL0008545,+918457426179,+918921457694,2024-07-12 19:00:00,239,0,3
CALL0008546,+918816814777,+917555286697,2024-09-06 09:00:00,145,0,1
CALL0008547,+917706942843,+918825264558,2024-09-11 07:00:00,307,0,3
CALL0008548,+918183294846,+919042166778,2024-03-12 11:00:00,174,0,1
CALL0008549,+918546949908,+919635408966,2024-10-10 02:00:00,210,0,3
CALL0008550,+917045044072,+918345359500,2024-01-16 02:00:00,384,0,3
CALL0008551,+918953603729,+919744719600,2024-04-13 04:00:00,93,0,3
CALL0008552,+919411813710,+917684032163,2024-08-10 15:00:00,313,0,2
CALL0008553,+919120960864,+919532710888,2024-12-29 19:00:00,155,0,1
CALL0008554,+919559331845,+919120960864,2024-04-05 17:00:00,174,0,3
CALL0008555,+917804479213,+918178227400,2024-10-05 01:00:00,150,0,1
CALL0008556,+919807928857,+919327110972,2024-03-24 14:00:00,158,0,3
CALL0008557,+918247073472,+917918394465,2024-03-07 20:00:00,282,0,3
CALL0008558,+917713049549,+919471240590,2024-10-22 20:00:00,24,0,1
CALL0008559,+918434518996,+917789977111,2024-07-27 14:00:00,71,0,3
CALL0008560,+919361996810,+917078561580,2024-09-27 20:00:00,60,0,1
CALL0008561,+918149035259,+917299024535,2024-10-07 11:00:00,269,0,3
CALL0008562,+917522991878,+919813875155,2024-10-02 10:00:00,192,0,3
CALL0008563,+918083129918,+918322046227,2024-04-01 04:00:00,213,0,3
CALL0008564,+917881369117,+917625826465,2024-07-22 08:00:00,18,0,3
CALL0008565,+917728812234,+918776239217,2024-06-10 16:00:00,30,0,1
CALL0008566,+917217106818,+919136361218,2024-05-02 13:00:00,207,0,2
CALL0008567,+919313926949,+918429363223,2024-10-30 04:00:00,179,0,2
CALL0008568,+918749039603,+917567361757,2024-08-23 16:00:00,287,0,3
CALL0008569,+917613430607,+919874048475,2024-12-25 17:00:00,272,0,2
CALL0008570,+917001775063,+919852251240,2024-06-15 11:00:00,380,0,3
CALL0008571,+919610309272,+919360110292,2024-08-27 00:00:00,277,0,2
CALL0008572,+917103046185,+918466565966,2024-06-17 17:00:00,267,0,1
CALL0008573,+919203791419,+918035504455,2024-07-10 19:00:00,47,0,1
CALL0008574,+917093530254,+919519798742,2024-06-27 06:00:00,147,0,2
CALL0008575,+918241287475,+918905428279,2024-09-06 03:00:00,314,0,3
CALL0008576,+917529216552,+919615778959,2024-01-25 06:00:00,310,0,2
CALL0008577,+919166370086,+917021822576,2024-12-21 22:00:00,247,0,3
CALL0008578,+919749226497,+918825815292,2024-01-24 10:00:00,202,0,1
CALL0008579,+919992708338,+919240697517,2024-09-23 16:00:00,165,0,1
CALL0008580,+919177913336,+917169469638,2024-07-11 07:00:00,271,0,3
CALL0008581,+917287984019,+918187847190,2024-04-02 04:00:00,347,0,3
CALL0008582,+919896109964,+918825815292,2024-10-01 00:00:00,15,0,1
CALL0008583,+917134465398,+917474592915,2024-10-16 21:00:00,166,0,3
CALL0008584,+919195905159,+917784877166,2024-12-12 07:00:00,338,0,2
CALL0008585,+918118851866,+918685424164,2024-08-07 14:00:00,132,0,2
CALL0008586,+919013033704,+919020947458,2024-03-27 06:00:00,147,0,1
CALL0008587,+919463635287,+918170245888,2024-05-22 03:00:00,316,0,3
CALL0008588,+917544838974,+918141329092,2024-07-25 09:00:00,248,0,2
CALL0008589,+917229831976,+918809596262,2024-10-30 18:00:00,273,0,1
CALL0008590,+918193461406,+919527812388,2024-01-13 03:00:00,54,0,1
CALL0008591,+919375768268,+918015193864,2024-06-03 12:00:00,224,0,3
CALL0008592,+917005405321,+919900377617,2024-05-25 09:00:00,56,0,3
CALL0008593,+917133063088,+919024706850,2024-05-23 18:00:00,76,0,3
CALL0008594,+918150482276,+917626967245,2024-01-07 02:00:00,177,0,2
CALL0008595,+917504017228,+918599884257,2024-05-02 13:00:00,139,0,1
CALL0008596,+917429794839,+918546949908,2024-07-24 04:00:00,93,0,1
CALL0008597,+918653521756,+917242132501,2024-12-27 12:00:00,180,0,1
CALL0008598,+918357257635,+919086988657,2024-11-05 07:00:00,43,0,1
CALL0008599,+917327724347,+917266822077,2024-07-04 20:00:00,355,0,3
CALL0008600,+918676425208,+918044853212,2024-06-02 20:00:00,66,0,3
CALL0008601,+918772454972,+918238878181,2024-09-27 14:00:00,395,0,3
CALL0008602,+917358295170,+918711080329,2024-12-26 15:00:00,96,0,3
CALL0008603,+917747076388,+918857059606,2024-05-12 00:00:00,105,0,2
CALL0008604,+918712025367,+918231521270,2024-07-12 06:00:00,350,0,3
CALL0008605,+919077949924,+919356818732,2024-02-21 14:00:00,143,0,1
CALL0008606,+919858679783,+917198893803,2024-01-20 09:00:00,205,0,1
CALL0008607,+917386532853,+918660137380,2024-02-04 01:00:00,281,0,1
CALL0008608,+919772557258,+918638642053,2024-05-16 20:00:00,366,0,2
CALL0008609,+919361996810,+919893446781,2024-09-03 22:00:00,131,0,3
CALL0008610,+919402992375,+918905428279,2024-07-22 03:00:00,353,0,1
CALL0008611,+917120676321,+917099435257,2024-11-14 05:00:00,155,0,3
CALL0008612,+917519572107,+918708819845,2024-09-05 21:00:00,97,0,1
CALL0008613,+918248066311,+919704430230,2024-10-31 19:00:00,231,0,1
CALL0008614,+918880461950,+918797737911,2024-08-31 22:00:00,47,0,1
CALL0008615,+918391713000,+918577411910,2024-11-04 14:00:00,156,0,2
CALL0008616,+918967548495,+918737871745,2024-07-26 13:00:00,260,0,3
CALL0008617,+917566429166,+919692587452,2024-11-23 22:00:00,295,0,2
CALL0008618,+917549031833,+918875854015,2024-11-20 13:00:00,157,0,3
CALL0008619,+919279554932,+919113560985,2024-04-22 00:00:00,340,0,3
CALL0008620,+919794051161,+919153984761,2024-04-30 10:00:00,198,0,1
CALL0008621,+919020947458,+918049017268,2024-06-11 07:00:00,282,0,2
CALL0008622,+919839183551,+919859630019,2024-05-13 20:00:00,367,0,2
CALL0008623,+917659391952,+919593063943,2024-07-08 15:00:00,273,0,1
CALL0008624,+919053994990,+918413636027,2024-10-22 11:00:00,63,0,3
CALL0008625,+919896109964,+917869149683,2024-07-12 14:00:00,250,0,3
CALL0008626,+917605849616,+919062074877,2024-05-20 19:00:00,90,0,1
CALL0008627,+919432051115,+919062489967,2024-11-09 15:00:00,24,0,3
CALL0008628,+918448669042,+918116451037,2024-09-01 12:00:00,331,0,1
CALL0008629,+918052649641,+917882509842,2024-04-19 12:00:00,149,0,2
CALL0008630,+918757618089,+919760980560,2024-01-07 18:00:00,174,0,1
CALL0008631,+919760980560,+917137548263,2024-08-17 14:00:00,234,0,2
CALL0008632,+917615126705,+917677149898,2024-01-28 17:00:00,69,0,1
CALL0008633,+917826503417,+917810473300,2024-06-17 08:00:00,256,0,2
CALL0008634,+917667604283,+917355628962,2024-01-04 02:00:00,282,0,3
CALL0008635,+918893487296,+918612478112,2024-07-15 09:00:00,350,0,1
CALL0008636,+919161767872,+917900791740,2024-01-01 17:00:00,320,0,1
CALL0008637,+917774565491,+917116523412,2024-12-01 01:00:00,379,0,2
CALL0008638,+919241987290,+919097364439,2024-09-06 02:00:00,339,0,1
CALL0008639,+917684032163,+917522991878,2024-06-21 03:00:00,53,0,2
CALL0008640,+918165916929,+917348524855,2024-09-19 15:00:00,261,0,3
CALL0008641,+918090352541,+918077777688,2024-09-21 11:00:00,106,0,3
CALL0008642,+919615778959,+918022651338,2024-07-18 01:00:00,268,0,1
CALL0008643,+918736608126,+919201932070,2024-01-31 11:00:00,267,0,3
CALL0008644,+918270861231,+919097364439,2024-06-29 21:00:00,198,0,3
CALL0008645,+917444186184,+917001775063,2024-06-22 00:00:00,350,0,3
CALL0008646,+917436301146,+918822690904,2024-03-14 20:00:00,276,0,2
CALL0008647,+919375333879,+919381760480,2024-12-22 10:00:00,88,0,2
CALL0008648,+918412044908,+918435999242,2024-10-29 07:00:00,71,0,2
CALL0008649,+918561691910,+917348524855,2024-11-27 13:00:00,71,0,2
CALL0008650,+918651793185,+917978434494,2024-01-03 07:00:00,228,0,1
CALL0008651,+919445064208,+919437407210,2024-07-19 21:00:00,156,0,1
CALL0008652,+919839183551,+918419367415,2024-06-11 05:00:00,139,0,3
CALL0008653,+919889096253,+917371781463,2024-09-26 01:00:00,237,0,3
CALL0008654,+918873712830,+917503230293,2024-07-08 10:00:00,175,0,2
CALL0008655,+917171797337,+918685321291,2024-12-15 01:00:00,304,0,1
CALL0008656,+918935474246,+918667604341,2024-02-10 11:00:00,198,0,3
CALL0008657,+918927871793,+919125790201,2024-03-15 02:00:00,110,0,2
CALL0008658,+919147457134,+918448242213,2024-01-13 11:00:00,144,0,2
CALL0008659,+919705882897,+919416078383,2024-04-17 23:00:00,42,0,3
